{"type":"FeatureCollection","features":[{"type":"Feature","id":"osm-473926852","properties":{"id":"osm-473926852","name":"B4 Hostel","named":true,"area_m2":277.7,"cat":"hostel","scope":"campus","src":"OpenStreetMap (ODbL) + Overture Maps (ODbL/CDLA) footprint cross-check","conf":"derived","dist_core_m":416.3,"zone":"south","cat_conf":"src","floor_note":"BEASKUND/Gaurikund blocks are 4-storey; South hostel blocks 4-5 storey","floors":4,"f2f":3.2,"roof":"flat","pitch":0,"roof_note":"concrete slab + parapet, some with sloped CGI over terrace","wall":"plaster_paint_cream","height_m":13.8,"entrance_lat":31.772188,"entrance_lng":76.984402,"entrance_dist_m":15.6,"entrance_conf":"derived"},"geometry":{"type":"Polygon","coordinates":[[[76.984407,31.772391],[76.984528,31.772325],[76.984402,31.772188],[76.984265,31.772261],[76.984407,31.772391]]]}},{"type":"Feature","id":"osm-474089174","properties":{"id":"osm-474089174","name":"B3 Hostel","named":true,"area_m2":346.0,"cat":"hostel","scope":"context","src":"OpenStreetMap (ODbL) + Overture Maps (ODbL/CDLA) footprint cross-check + Overture Maps (ODbL/CDLA) footprint cross-check","conf":"approximate","dist_core_m":464.8,"zone":"context","cat_conf":"src","floor_note":"BEASKUND/Gaurikund blocks are 4-storey; South hostel blocks 4-5 storey","floors":4,"f2f":3.2,"roof":"flat","pitch":0,"roof_note":"concrete slab + parapet, some with sloped CGI over terrace","wall":"plaster_paint_cream","height_m":13.8},"geometry":{"type":"Polygon","coordinates":[[[76.984056,31.772113],[76.984166,31.772038],[76.984005,31.771881],[76.983866,31.77197],[76.984056,31.772113]]]}},{"type":"Feature","id":"osm-474090593","properties":{"id":"osm-474090593","name":"Medical Unit, Kamand Campus","named":true,"area_m2":106.0,"cat":"medical","scope":"campus","src":"OpenStreetMap (ODbL) + Overture Maps (ODbL/CDLA) footprint cross-check + Overture Maps (ODbL/CDLA) footprint cross-check","conf":"derived","dist_core_m":232.4,"zone":"south","cat_conf":"src","floor_note":"hospital/health centre 2-storey","floors":2,"f2f":3.6,"roof":"flat","pitch":0,"roof_note":"flat RCC","wall":"plaster_paint_white","height_m":8.2,"entrance_lat":31.773313,"entrance_lng":76.985762,"entrance_dist_m":51.4,"entrance_conf":"derived"},"geometry":{"type":"Polygon","coordinates":[[[76.985695,31.773365],[76.985762,31.773313],[76.985679,31.773226],[76.985612,31.773276],[76.985695,31.773365]]]}},{"type":"Feature","id":"osm-474316052","properties":{"id":"osm-474316052","name":"B2 Hostel","named":true,"area_m2":482.8,"cat":"hostel","scope":"context","src":"OpenStreetMap (ODbL) + Overture Maps (ODbL/CDLA) footprint cross-check","conf":"approximate","dist_core_m":433.8,"zone":"context","cat_conf":"src","floor_note":"BEASKUND/Gaurikund blocks are 4-storey; South hostel blocks 4-5 storey","floors":4,"f2f":3.2,"roof":"flat","pitch":0,"roof_note":"concrete slab + parapet, some with sloped CGI over terrace","wall":"plaster_paint_cream","height_m":13.8},"geometry":{"type":"Polygon","coordinates":[[[76.984065,31.772413],[76.98422,31.772323],[76.983996,31.772136],[76.983862,31.772223],[76.984065,31.772413]]]}},{"type":"Feature","id":"osm-474316276","properties":{"id":"osm-474316276","name":"B1 Hostel","named":true,"area_m2":543.8,"cat":"hostel","scope":"campus","src":"OpenStreetMap (ODbL) + Overture Maps (ODbL/CDLA) footprint cross-check","conf":"derived","dist_core_m":407.1,"zone":"south","cat_conf":"src","floor_note":"BEASKUND/Gaurikund blocks are 4-storey; South hostel blocks 4-5 storey","floors":4,"f2f":3.2,"roof":"flat","pitch":0,"roof_note":"concrete slab + parapet, some with sloped CGI over terrace","wall":"plaster_paint_cream","height_m":13.8,"entrance_lat":31.772738,"entrance_lng":76.984169,"entrance_dist_m":29.1,"entrance_conf":"derived"},"geometry":{"type":"Polygon","coordinates":[[[76.984169,31.772738],[76.984288,31.772639],[76.983973,31.772433],[76.983874,31.772525],[76.984169,31.772738]]]}},{"type":"Feature","id":"osm-474552440","properties":{"id":"osm-474552440","name":"Chandrataal Annexe","named":true,"area_m2":92.1,"cat":"hostel","scope":"campus","src":"OpenStreetMap (ODbL)","conf":"derived","dist_core_m":243.7,"zone":"south","cat_conf":"src","floor_note":"BEASKUND/Gaurikund blocks are 4-storey; South hostel blocks 4-5 storey","floors":4,"f2f":3.2,"roof":"flat","pitch":0,"roof_note":"concrete slab + parapet, some with sloped CGI over terrace","wall":"plaster_paint_cream","height_m":13.8,"entrance_lat":31.773133,"entrance_lng":76.985566,"entrance_dist_m":73.8,"entrance_conf":"derived"},"geometry":{"type":"Polygon","coordinates":[[[76.985509,31.773174],[76.985566,31.773133],[76.985476,31.773053],[76.985409,31.773091],[76.985509,31.773174]]]}},{"type":"Feature","id":"osm-474553719","properties":{"id":"osm-474553719","name":"A1","named":true,"area_m2":719.6,"cat":"academic","scope":"campus","src":"OpenStreetMap (ODbL) + Overture Maps (ODbL/CDLA) footprint cross-check","conf":"derived","dist_core_m":113.3,"zone":"south","cat_conf":"src","floor_note":"A1/A2/A3 blocks are 3-storey; seminar halls double-height","floors":3,"f2f":4.2,"roof":"flat","pitch":0,"roof_note":"RCC flat roof; some bays with sloped metal roof","wall":"stone_clad_glazing","height_m":13.6,"entrance_lat":31.775194,"entrance_lng":76.985632,"entrance_dist_m":25.2,"entrance_conf":"derived"},"geometry":{"type":"Polygon","coordinates":[[[76.985205,31.775285],[76.985583,31.77536],[76.985632,31.775194],[76.98524,31.775111],[76.985205,31.775285]]]}},{"type":"Feature","id":"osm-474554397","properties":{"id":"osm-474554397","name":"A3","named":true,"area_m2":383.1,"cat":"academic","scope":"campus","src":"OpenStreetMap (ODbL) + Overture Maps (ODbL/CDLA) footprint cross-check","conf":"derived","dist_core_m":151.6,"zone":"south","cat_conf":"src","floor_note":"A1/A2/A3 blocks are 3-storey; seminar halls double-height","floors":3,"f2f":4.2,"roof":"flat","pitch":0,"roof_note":"RCC flat roof; some bays with sloped metal roof","wall":"stone_clad_glazing","height_m":13.6,"entrance_lat":31.774913,"entrance_lng":76.985022,"entrance_dist_m":9.2,"entrance_conf":"derived"},"geometry":{"type":"Polygon","coordinates":[[[76.984995,31.775057],[76.985257,31.775086],[76.985277,31.774953],[76.985022,31.774913],[76.984995,31.775057]]]}},{"type":"Feature","id":"osm-474642545","properties":{"id":"osm-474642545","name":"AMRC, Block-A2","named":true,"area_m2":573.5,"cat":"lab","scope":"campus","src":"OpenStreetMap (ODbL) + Overture Maps (ODbL/CDLA) footprint cross-check","conf":"derived","dist_core_m":77.3,"zone":"south","cat_conf":"src","floor_note":"workshop/AMRC bays are single-storey tall","floors":2,"f2f":4.5,"roof":"shed","pitch":14,"roof_note":"sloped ribbed metal roof over tall bays","wall":"metal_sheet_industrial","height_m":10.0,"entrance_lat":31.775028,"entrance_lng":76.985963,"entrance_dist_m":1.5,"entrance_conf":"derived"},"geometry":{"type":"Polygon","coordinates":[[[76.98553,31.775095],[76.985923,31.775171],[76.985963,31.775028],[76.985573,31.774972],[76.98553,31.775095]]]}},{"type":"Feature","id":"osm-474646923","properties":{"id":"osm-474646923","name":"Mechanical Workshop","named":true,"area_m2":775.4,"cat":"lab","scope":"campus","src":"OpenStreetMap (ODbL) + Overture Maps (ODbL/CDLA) footprint cross-check + Overture Maps (ODbL/CDLA) footprint cross-check","conf":"derived","dist_core_m":185.1,"zone":"south","cat_conf":"src","floor_note":"workshop/AMRC bays are single-storey tall","floors":2,"f2f":4.5,"roof":"shed","pitch":14,"roof_note":"sloped ribbed metal roof over tall bays","wall":"metal_sheet_industrial","height_m":10.0,"entrance_lat":31.774913,"entrance_lng":76.984876,"entrance_dist_m":6.6,"entrance_conf":"derived"},"geometry":{"type":"Polygon","coordinates":[[[76.984294,31.774938],[76.984841,31.775048],[76.984876,31.774913],[76.984337,31.774815],[76.984294,31.774938]]]}},{"type":"Feature","id":"osm-474799579","properties":{"id":"osm-474799579","name":"Director Office","named":true,"area_m2":363.6,"cat":"admin","scope":"campus","src":"OpenStreetMap (ODbL) + Overture Maps (ODbL/CDLA) footprint cross-check","conf":"derived","dist_core_m":63.7,"zone":"south","cat_conf":"src","floor_note":"administrative blocks 3-storey","floors":3,"f2f":4.0,"roof":"flat","pitch":0,"roof_note":"flat RCC","wall":"stone_clad_glazing","height_m":13.0,"entrance_lat":31.775228,"entrance_lng":76.986083,"entrance_dist_m":14.6,"entrance_conf":"derived"},"geometry":{"type":"Polygon","coordinates":[[[76.986017,31.775469],[76.986171,31.775425],[76.986083,31.775228],[76.985927,31.775263],[76.986017,31.775469]]]}},{"type":"Feature","id":"osm-477704842","properties":{"id":"osm-477704842","name":"C-1 Faculty Block","named":true,"area_m2":375.9,"cat":"residential","scope":"campus","src":"OpenStreetMap (ODbL) + Overture Maps (ODbL/CDLA) footprint cross-check","conf":"derived","dist_core_m":380.0,"zone":"south","cat_conf":"src","floor_note":"faculty/staff apartment blocks 4-storey (C-1 faculty block)","floors":4,"f2f":3.2,"roof":"flat","pitch":0,"roof_note":"flat RCC + parapet","wall":"plaster_paint_cream","height_m":13.8,"entrance_lat":31.772319,"entrance_lng":76.984835,"entrance_dist_m":13.2,"entrance_conf":"derived"},"geometry":{"type":"Polygon","coordinates":[[[76.984937,31.772563],[76.98508,31.772547],[76.984977,31.772307],[76.984835,31.772319],[76.984937,31.772563]]]}},{"type":"Feature","id":"osm-477705700","properties":{"id":"osm-477705700","name":"Residential Block","named":true,"area_m2":221.6,"cat":"residential","scope":"campus","src":"OpenStreetMap (ODbL) + Overture Maps (ODbL/CDLA) footprint cross-check","conf":"derived","dist_core_m":367.9,"zone":"south","cat_conf":"src","floor_note":"faculty/staff apartment blocks 4-storey (C-1 faculty block)","floors":4,"f2f":3.2,"roof":"flat","pitch":0,"roof_note":"flat RCC + parapet","wall":"plaster_paint_cream","height_m":13.8,"entrance_lat":31.772582,"entrance_lng":76.984966,"entrance_dist_m":16.9,"entrance_conf":"derived"},"geometry":{"type":"Polygon","coordinates":[[[76.985062,31.772757],[76.985169,31.772725],[76.985087,31.772566],[76.984966,31.772582],[76.985062,31.772757]]]}},{"type":"Feature","id":"osm-484541624","properties":{"id":"osm-484541624","name":"Cedar Mess(D1)","named":true,"area_m2":1018.5,"cat":"dining","scope":"campus","src":"OpenStreetMap (ODbL) + Overture Maps (ODbL/CDLA) footprint cross-check","conf":"derived","dist_core_m":288.9,"zone":"south","cat_conf":"src","floor_note":"mess halls are double-height with mezzanine kitchen","floors":2,"f2f":4.8,"roof":"sloped","pitch":18,"roof_note":"sloped CGI/metal roof over hall","wall":"plaster_paint_cream","height_m":10.6,"entrance_lat":31.77339,"entrance_lng":76.985208,"entrance_dist_m":4.8,"entrance_conf":"derived"},"geometry":{"type":"Polygon","coordinates":[[[76.98508,31.773436],[76.985141,31.773431],[76.985208,31.77339],[76.985249,31.773322],[76.985237,31.773239],[76.985178,31.773163],[76.985109,31.77313],[76.985021,31.773125],[76.984936,31.773144],[76.984875,31.773196],[76.984851,31.773263],[76.984859,31.773338],[76.984926,31.7734],[76.985003,31.773433],[76.98508,31.773436]]]}},{"type":"Feature","id":"osm-761381294","properties":{"id":"osm-761381294","name":"Unnamed building","named":false,"area_m2":12.8,"cat":"unknown","scope":"context","src":"OpenStreetMap (ODbL) + Overture Maps (ODbL/CDLA) footprint cross-check","conf":"approximate","dist_core_m":585.3,"zone":"context","cat_conf":"derived","floor_note":"no source data; derived default","floors":2,"f2f":3.5,"roof":"flat","pitch":0,"roof_note":"unverified","wall":"plaster_paint_white","height_m":8.0},"geometry":{"type":"Polygon","coordinates":[[[76.996842,31.781866],[76.996893,31.781866],[76.996893,31.781842],[76.996842,31.781842],[76.996842,31.781866]]]}},{"type":"Feature","id":"osm-761449991","properties":{"id":"osm-761449991","name":"Pine Mess","named":true,"area_m2":1465.0,"cat":"dining","scope":"campus","src":"OpenStreetMap (ODbL) + Overture Maps (ODbL/CDLA) footprint cross-check","conf":"derived","dist_core_m":97.0,"zone":"north","cat_conf":"src","floor_note":"mess halls are double-height with mezzanine kitchen","floors":2,"f2f":4.8,"roof":"sloped","pitch":18,"roof_note":"sloped CGI/metal roof over hall","wall":"plaster_paint_cream","height_m":10.6,"entrance_lat":31.780971,"entrance_lng":76.996575,"entrance_dist_m":2.5,"entrance_conf":"derived"},"geometry":{"type":"Polygon","coordinates":[[[76.996499,31.780643],[76.996542,31.780617],[76.996591,31.7806],[76.996643,31.780593],[76.996696,31.780596],[76.996746,31.780609],[76.996792,31.780631],[76.99683,31.780662],[76.996859,31.780699],[76.996878,31.780742],[76.996884,31.780786],[76.996879,31.780828],[76.996864,31.780868],[76.996839,31.780904],[76.996806,31.780935],[76.996766,31.780959],[76.99672,31.780975],[76.996672,31.780983],[76.996623,31.780981],[76.996575,31.780971],[76.996528,31.780951],[76.996488,31.780923],[76.996456,31.780887],[76.996435,31.780847],[76.996425,31.780803],[76.996427,31.780759],[76.99644,31.780716],[76.996465,31.780676],[76.996499,31.780643]]]}},{"type":"Feature","id":"osm-761451773","properties":{"id":"osm-761451773","name":"Academic Block","named":true,"area_m2":3834.5,"cat":"academic","scope":"campus","src":"OpenStreetMap (ODbL) + Overture Maps (ODbL/CDLA) footprint cross-check","conf":"derived","dist_core_m":156.8,"zone":"north","cat_conf":"src","floor_note":"A1/A2/A3 blocks are 3-storey; seminar halls double-height","floors":3,"f2f":4.2,"roof":"flat","pitch":0,"roof_note":"RCC flat roof; some bays with sloped metal roof","wall":"stone_clad_glazing","height_m":13.6,"entrance_lat":31.780381,"entrance_lng":76.995529,"entrance_dist_m":42.1,"entrance_conf":"derived"},"geometry":{"type":"Polygon","coordinates":[[[76.997073,31.78048],[76.997094,31.780244],[76.99555,31.780145],[76.995529,31.780381],[76.997073,31.78048]]]}},{"type":"Feature","id":"osm-762330814","properties":{"id":"osm-762330814","name":"Oak Mess","named":true,"area_m2":1465.3,"cat":"dining","scope":"campus","src":"OpenStreetMap (ODbL) + Overture Maps (ODbL/CDLA) footprint cross-check","conf":"derived","dist_core_m":147.7,"zone":"north","cat_conf":"src","floor_note":"mess halls are double-height with mezzanine kitchen","floors":2,"f2f":4.8,"roof":"sloped","pitch":18,"roof_note":"sloped CGI/metal roof over hall","wall":"plaster_paint_cream","height_m":10.6,"entrance_lat":31.781815,"entrance_lng":76.999085,"entrance_dist_m":3.8,"entrance_conf":"derived"},"geometry":{"type":"Polygon","coordinates":[[[76.9987,31.781672],[76.998743,31.781646],[76.998792,31.781629],[76.998844,31.781622],[76.998896,31.781625],[76.998947,31.781638],[76.998992,31.78166],[76.999031,31.781691],[76.99906,31.781729],[76.999078,31.781771],[76.999085,31.781815],[76.99908,31.781857],[76.999065,31.781897],[76.99904,31.781933],[76.999006,31.781964],[76.998966,31.781988],[76.998921,31.782004],[76.998872,31.782012],[76.998823,31.782011],[76.998775,31.782],[76.998729,31.78198],[76.998688,31.781952],[76.998657,31.781917],[76.998636,31.781876],[76.998625,31.781832],[76.998627,31.781788],[76.998641,31.781745],[76.998666,31.781706],[76.9987,31.781672]]]}},{"type":"Feature","id":"osm-762404669","properties":{"id":"osm-762404669","name":"North Campus building 03","named":false,"area_m2":1563.7,"cat":"academic","scope":"campus","src":"OpenStreetMap (ODbL) + Overture Maps (ODbL/CDLA) footprint cross-check","conf":"derived","dist_core_m":328.1,"zone":"north","cat_conf":"src","name_conf":"derived","floor_note":"A1/A2/A3 blocks are 3-storey; seminar halls double-height","floors":3,"f2f":4.2,"roof":"flat","pitch":0,"roof_note":"RCC flat roof; some bays with sloped metal roof","wall":"stone_clad_glazing","height_m":13.6,"entrance_lat":31.780991,"entrance_lng":76.99417,"entrance_dist_m":4.5,"entrance_conf":"derived"},"geometry":{"type":"Polygon","coordinates":[[[76.994245,31.781329],[76.994179,31.781265],[76.994127,31.781197],[76.994105,31.781124],[76.994164,31.781093],[76.99417,31.780991],[76.994113,31.780969],[76.994166,31.780887],[76.994214,31.780839],[76.994288,31.780792],[76.994197,31.780648],[76.994066,31.780749],[76.994018,31.780828],[76.993966,31.780934],[76.993897,31.780947],[76.993834,31.781014],[76.993834,31.781082],[76.993887,31.781143],[76.993956,31.781167],[76.994003,31.781246],[76.994072,31.781351],[76.994176,31.781435],[76.994245,31.781329]]]}},{"type":"Feature","id":"osm-762404670","properties":{"id":"osm-762404670","name":"North Campus building 05","named":false,"area_m2":1482.7,"cat":"academic","scope":"campus","src":"OpenStreetMap (ODbL) + Overture Maps (ODbL/CDLA) footprint cross-check","conf":"derived","dist_core_m":252.0,"zone":"north","cat_conf":"src","name_conf":"derived","floor_note":"A1/A2/A3 blocks are 3-storey; seminar halls double-height","floors":3,"f2f":4.2,"roof":"flat","pitch":0,"roof_note":"RCC flat roof; some bays with sloped metal roof","wall":"stone_clad_glazing","height_m":13.6,"entrance_lat":31.780857,"entrance_lng":76.994799,"entrance_dist_m":4.9,"entrance_conf":"derived"},"geometry":{"type":"Polygon","coordinates":[[[76.994872,31.780971],[76.994799,31.780857],[76.994681,31.780786],[76.994761,31.780487],[76.995112,31.780587],[76.995064,31.780735],[76.995145,31.780864],[76.994872,31.780971]]]}},{"type":"Feature","id":"osm-762404671","properties":{"id":"osm-762404671","name":"North Campus building 10","named":false,"area_m2":765.4,"cat":"academic","scope":"campus","src":"OpenStreetMap (ODbL) + Overture Maps (ODbL/CDLA) footprint cross-check","conf":"derived","dist_core_m":296.2,"zone":"north","cat_conf":"src","name_conf":"derived","floor_note":"A1/A2/A3 blocks are 3-storey; seminar halls double-height","floors":3,"f2f":4.2,"roof":"flat","pitch":0,"roof_note":"RCC flat roof; some bays with sloped metal roof","wall":"stone_clad_glazing","height_m":13.6,"entrance_lat":31.780417,"entrance_lng":76.994288,"entrance_dist_m":11.0,"entrance_conf":"derived"},"geometry":{"type":"Polygon","coordinates":[[[76.994415,31.780694],[76.994288,31.780417],[76.99439,31.780389],[76.994525,31.780374],[76.994514,31.780506],[76.994655,31.780515],[76.994608,31.780694],[76.994415,31.780694]]]}},{"type":"Feature","id":"osm-762404672","properties":{"id":"osm-762404672","name":"North Campus building 02","named":false,"area_m2":1609.3,"cat":"academic","scope":"campus","src":"OpenStreetMap (ODbL) + Overture Maps (ODbL/CDLA) footprint cross-check","conf":"derived","dist_core_m":254.9,"zone":"north","cat_conf":"src","name_conf":"derived","floor_note":"A1/A2/A3 blocks are 3-storey; seminar halls double-height","floors":3,"f2f":4.2,"roof":"flat","pitch":0,"roof_note":"RCC flat roof; some bays with sloped metal roof","wall":"stone_clad_glazing","height_m":13.6,"entrance_lat":31.781349,"entrance_lng":76.994705,"entrance_dist_m":5.3,"entrance_conf":"derived"},"geometry":{"type":"Polygon","coordinates":[[[76.994887,31.781074],[76.995131,31.781085],[76.995111,31.781255],[76.995014,31.781252],[76.995,31.781323],[76.994913,31.78141],[76.994782,31.78149],[76.994666,31.781522],[76.99449,31.781545],[76.9943,31.781514],[76.994332,31.781353],[76.994493,31.781383],[76.994603,31.781374],[76.994705,31.781349],[76.994784,31.781311],[76.994858,31.781244],[76.994887,31.781074]]]}},{"type":"Feature","id":"osm-1291768116","properties":{"id":"osm-1291768116","name":"North Campus building 12","named":false,"area_m2":665.9,"cat":"residential","scope":"campus","src":"OpenStreetMap (ODbL) + Overture Maps (ODbL/CDLA) footprint cross-check","conf":"derived","dist_core_m":172.9,"zone":"north","cat_conf":"src","name_conf":"derived","floor_note":"faculty/staff apartment blocks 4-storey (C-1 faculty block)","floors":4,"f2f":3.2,"roof":"flat","pitch":0,"roof_note":"flat RCC + parapet","wall":"plaster_paint_cream","height_m":13.8,"entrance_lat":31.781147,"entrance_lng":76.995657,"entrance_dist_m":12.2,"entrance_conf":"derived"},"geometry":{"type":"Polygon","coordinates":[[[76.995406,31.781143],[76.995767,31.781363],[76.995862,31.781226],[76.995657,31.781147],[76.995487,31.781054],[76.995418,31.781014],[76.995355,31.781086],[76.995418,31.781129],[76.995406,31.781143]]]}},{"type":"Feature","id":"osm-1363238245","properties":{"id":"osm-1363238245","name":"D1 Mess","named":true,"area_m2":390.2,"cat":"dining","scope":"context","src":"OpenStreetMap (ODbL) + Overture Maps (ODbL/CDLA) footprint cross-check","conf":"approximate","dist_core_m":469.2,"zone":"context","cat_conf":"src","floor_note":"mess halls are double-height with mezzanine kitchen","floors":2,"f2f":4.8,"roof":"sloped","pitch":18,"roof_note":"sloped CGI/metal roof over hall","wall":"plaster_paint_cream","height_m":10.6},"geometry":{"type":"Polygon","coordinates":[[[76.983594,31.77226],[76.983754,31.772192],[76.983699,31.772019],[76.983465,31.772145],[76.983594,31.77226]]]}},{"type":"Feature","id":"ovt-fb4e931d65ad","properties":{"id":"ovt-fb4e931d65ad","name":"Unnamed building","named":false,"area_m2":44.9,"cat":"unknown","scope":"context","src":"Overture Maps 2026-08-19.0 (ML footprints, ODbL/CDLA)","conf":"approximate","dist_core_m":558.8,"zone":"context","cat_conf":"derived","floor_note":"no source data; derived default","floors":2,"f2f":3.5,"roof":"flat","pitch":0,"roof_note":"unverified","wall":"plaster_paint_white","height_m":8.0},"geometry":{"type":"Polygon","coordinates":[[[76.980073,31.775924],[76.980146,31.775911],[76.98016,31.775967],[76.980088,31.775981],[76.980073,31.775924]]]}},{"type":"Feature","id":"ovt-561aff4dce65","properties":{"id":"ovt-561aff4dce65","name":"Unnamed building","named":false,"area_m2":34.3,"cat":"unknown","scope":"context","src":"Overture Maps 2026-08-19.0 (ML footprints, ODbL/CDLA)","conf":"approximate","dist_core_m":684.8,"zone":"context","cat_conf":"derived","floor_note":"no source data; derived default","floors":2,"f2f":3.5,"roof":"flat","pitch":0,"roof_note":"unverified","wall":"plaster_paint_white","height_m":8.0},"geometry":{"type":"Polygon","coordinates":[[[76.980038,31.775817],[76.980073,31.775848],[76.980018,31.775893],[76.979983,31.775862],[76.980038,31.775817]]]}},{"type":"Feature","id":"ovt-9d7f0a2ffa25","properties":{"id":"ovt-9d7f0a2ffa25","name":"Unnamed building","named":false,"area_m2":47.4,"cat":"unknown","scope":"context","src":"Overture Maps 2026-08-19.0 (ML footprints, ODbL/CDLA)","conf":"approximate","dist_core_m":687.0,"zone":"context","cat_conf":"derived","floor_note":"no source data; derived default","floors":2,"f2f":3.5,"roof":"flat","pitch":0,"roof_note":"unverified","wall":"plaster_paint_white","height_m":8.0},"geometry":{"type":"Polygon","coordinates":[[[76.980141,31.775807],[76.980177,31.775848],[76.980107,31.775893],[76.98007,31.775852],[76.980141,31.775807]]]}},{"type":"Feature","id":"ovt-f6ba28be2a74","properties":{"id":"ovt-f6ba28be2a74","name":"Unnamed building","named":false,"area_m2":34.6,"cat":"unknown","scope":"context","src":"Overture Maps 2026-08-19.0 (ML footprints, ODbL/CDLA)","conf":"approximate","dist_core_m":812.2,"zone":"context","cat_conf":"derived","floor_note":"no source data; derived default","floors":2,"f2f":3.5,"roof":"flat","pitch":0,"roof_note":"unverified","wall":"plaster_paint_white","height_m":8.0},"geometry":{"type":"Polygon","coordinates":[[[76.980213,31.775945],[76.980237,31.775976],[76.980163,31.776017],[76.980139,31.775985],[76.980213,31.775945]]]}},{"type":"Feature","id":"ovt-ef559169f6e0","properties":{"id":"ovt-ef559169f6e0","name":"Unnamed building","named":false,"area_m2":56.0,"cat":"unknown","scope":"context","src":"Overture Maps 2026-08-19.0 (ML footprints, ODbL/CDLA)","conf":"approximate","dist_core_m":617.6,"zone":"context","cat_conf":"derived","floor_note":"no source data; derived default","floors":2,"f2f":3.5,"roof":"flat","pitch":0,"roof_note":"unverified","wall":"plaster_paint_white","height_m":8.0},"geometry":{"type":"Polygon","coordinates":[[[76.980355,31.775968],[76.980265,31.776017],[76.980233,31.775975],[76.980323,31.775926],[76.980355,31.775968]]]}},{"type":"Feature","id":"ovt-cf250aac1bad","properties":{"id":"ovt-cf250aac1bad","name":"Unnamed building","named":false,"area_m2":46.0,"cat":"unknown","scope":"context","src":"Overture Maps 2026-08-19.0 (ML footprints, ODbL/CDLA)","conf":"approximate","dist_core_m":667.5,"zone":"context","cat_conf":"derived","floor_note":"no source data; derived default","floors":2,"f2f":3.5,"roof":"flat","pitch":0,"roof_note":"unverified","wall":"plaster_paint_white","height_m":8.0},"geometry":{"type":"Polygon","coordinates":[[[76.980307,31.776026],[76.980334,31.776066],[76.980251,31.776106],[76.980224,31.776066],[76.980307,31.776026]]]}},{"type":"Feature","id":"ovt-7ef49c42289c","properties":{"id":"ovt-7ef49c42289c","name":"Unnamed building","named":false,"area_m2":117.2,"cat":"unknown","scope":"context","src":"Overture Maps 2026-08-19.0 (ML footprints, ODbL/CDLA)","conf":"approximate","dist_core_m":709.3,"zone":"context","cat_conf":"derived","floor_note":"no source data; derived default","floors":2,"f2f":3.5,"roof":"flat","pitch":0,"roof_note":"unverified","wall":"plaster_paint_white","height_m":8.0},"geometry":{"type":"Polygon","coordinates":[[[76.979922,31.775997],[76.980057,31.775944],[76.98012,31.776062],[76.98009,31.776073],[76.980056,31.776011],[76.979951,31.776051],[76.979922,31.775997]]]}},{"type":"Feature","id":"ovt-9244e9d6849d","properties":{"id":"ovt-9244e9d6849d","name":"South Campus building 39","named":false,"area_m2":105.0,"cat":"utility","scope":"campus","src":"Overture Maps 2026-08-19.0 (ML footprints, ODbL/CDLA)","conf":"derived","dist_core_m":320.0,"zone":"south","cat_conf":"derived","floors":1,"f2f":3.0,"floor_note":"utility structure","roof":"sloped","pitch":18,"roof_note":"light metal roof","wall":"metal_sheet_industrial","height_m":4.0,"name_conf":"derived","entrance_lat":31.776555,"entrance_lng":76.983534,"entrance_dist_m":33.4,"entrance_conf":"derived"},"geometry":{"type":"Polygon","coordinates":[[[76.983478,31.77643],[76.983548,31.776407],[76.983604,31.776532],[76.983534,31.776555],[76.983478,31.77643]]]}},{"type":"Feature","id":"ovt-3cd8de8335f2","properties":{"id":"ovt-3cd8de8335f2","name":"South Campus building 27","named":false,"area_m2":153.4,"cat":"utility","scope":"campus","src":"Overture Maps 2026-08-19.0 (ML footprints, ODbL/CDLA)","conf":"derived","dist_core_m":229.4,"zone":"south","cat_conf":"derived","floors":1,"f2f":3.0,"floor_note":"utility structure","roof":"sloped","pitch":18,"roof_note":"light metal roof","wall":"metal_sheet_industrial","height_m":4.0,"name_conf":"derived","entrance_lat":31.776406,"entrance_lng":76.98425,"entrance_dist_m":53.5,"entrance_conf":"derived"},"geometry":{"type":"Polygon","coordinates":[[[76.984154,31.776558],[76.984109,31.776517],[76.98425,31.776406],[76.984318,31.776467],[76.984217,31.776547],[76.984194,31.776526],[76.984154,31.776558]]]}},{"type":"Feature","id":"ovt-3ff3be4c4e62","properties":{"id":"ovt-3ff3be4c4e62","name":"South Campus building 10","named":false,"area_m2":284.1,"cat":"residential","scope":"campus","src":"Overture Maps 2026-08-19.0 (ML footprints, ODbL/CDLA)","conf":"derived","dist_core_m":265.1,"zone":"south","cat_conf":"derived","floors":4,"f2f":3.2,"floor_note":"faculty/staff apartment blocks 4-storey (C-1 faculty block)","roof":"flat","pitch":0,"roof_note":"flat RCC + parapet","wall":"plaster_paint_cream","height_m":13.8,"name_conf":"derived","entrance_lat":31.776655,"entrance_lng":76.983884,"entrance_dist_m":64.8,"entrance_conf":"derived"},"geometry":{"type":"Polygon","coordinates":[[[76.983957,31.77648],[76.984093,31.776517],[76.984028,31.776694],[76.983884,31.776655],[76.98391,31.776582],[76.983919,31.776584],[76.983957,31.77648]]]}},{"type":"Feature","id":"ovt-0254c3fb2d9e","properties":{"id":"ovt-0254c3fb2d9e","name":"South Campus building 29","named":false,"area_m2":134.7,"cat":"utility","scope":"campus","src":"Overture Maps 2026-08-19.0 (ML footprints, ODbL/CDLA)","conf":"derived","dist_core_m":230.4,"zone":"south","cat_conf":"derived","floors":1,"f2f":3.0,"floor_note":"utility structure","roof":"sloped","pitch":18,"roof_note":"light metal roof","wall":"metal_sheet_industrial","height_m":4.0,"name_conf":"derived","entrance_lat":31.776588,"entrance_lng":76.983817,"entrance_dist_m":154.6,"entrance_conf":"derived"},"geometry":{"type":"Polygon","coordinates":[[[76.983811,31.776709],[76.983801,31.776684],[76.98374,31.7767],[76.9837,31.776592],[76.983763,31.776575],[76.983772,31.7766],[76.983817,31.776588],[76.983857,31.776697],[76.983811,31.776709]]]}},{"type":"Feature","id":"ovt-efe4e5c63e93","properties":{"id":"ovt-efe4e5c63e93","name":"South Campus building 47","named":false,"area_m2":83.6,"cat":"utility","scope":"campus","src":"Overture Maps 2026-08-19.0 (ML footprints, ODbL/CDLA)","conf":"derived","dist_core_m":256.5,"zone":"south","cat_conf":"derived","floors":1,"f2f":3.0,"floor_note":"utility structure","roof":"sloped","pitch":18,"roof_note":"light metal roof","wall":"metal_sheet_industrial","height_m":4.0,"name_conf":"derived","entrance_lat":31.776783,"entrance_lng":76.983804,"entrance_dist_m":162.9,"entrance_conf":"derived"},"geometry":{"type":"Polygon","coordinates":[[[76.983745,31.776794],[76.983804,31.776783],[76.983837,31.776913],[76.983778,31.776923],[76.983745,31.776794]]]}},{"type":"Feature","id":"ovt-77fb36d45bbd","properties":{"id":"ovt-77fb36d45bbd","name":"South Campus building 59","named":false,"area_m2":60.6,"cat":"utility","scope":"campus","src":"Overture Maps 2026-08-19.0 (ML footprints, ODbL/CDLA)","conf":"derived","dist_core_m":318.6,"zone":"south","cat_conf":"derived","floors":1,"f2f":3.0,"floor_note":"utility structure","roof":"sloped","pitch":18,"roof_note":"light metal roof","wall":"metal_sheet_industrial","height_m":4.0,"name_conf":"derived","entrance_lat":31.776787,"entrance_lng":76.983885,"entrance_dist_m":66.7,"entrance_conf":"derived"},"geometry":{"type":"Polygon","coordinates":[[[76.983885,31.776787],[76.983944,31.776771],[76.983977,31.776861],[76.983918,31.776876],[76.983885,31.776787]]]}},{"type":"Feature","id":"ovt-8ab23a2cd699","properties":{"id":"ovt-8ab23a2cd699","name":"South Campus building 79","named":false,"area_m2":22.9,"cat":"utility","scope":"campus","src":"Overture Maps 2026-08-19.0 (ML footprints, ODbL/CDLA)","conf":"derived","dist_core_m":238.4,"zone":"south","cat_conf":"derived","floors":1,"f2f":3.0,"floor_note":"utility structure","roof":"sloped","pitch":18,"roof_note":"light metal roof","wall":"metal_sheet_industrial","height_m":4.0,"name_conf":"derived","entrance_lat":31.7769,"entrance_lng":76.984112,"entrance_dist_m":143.0,"entrance_conf":"derived"},"geometry":{"type":"Polygon","coordinates":[[[76.984055,31.776894],[76.984112,31.7769],[76.984107,31.776938],[76.984049,31.776931],[76.984055,31.776894]]]}},{"type":"Feature","id":"ovt-542b6f9332a5","properties":{"id":"ovt-542b6f9332a5","name":"South Campus building 60","named":false,"area_m2":58.6,"cat":"utility","scope":"campus","src":"Overture Maps 2026-08-19.0 (ML footprints, ODbL/CDLA)","conf":"derived","dist_core_m":292.3,"zone":"south","cat_conf":"derived","floors":1,"f2f":3.0,"floor_note":"utility structure","roof":"sloped","pitch":18,"roof_note":"light metal roof","wall":"metal_sheet_industrial","height_m":4.0,"name_conf":"derived","entrance_lat":31.776979,"entrance_lng":76.983925,"entrance_dist_m":64.0,"entrance_conf":"derived"},"geometry":{"type":"Polygon","coordinates":[[[76.983936,31.777101],[76.983925,31.776979],[76.983971,31.776976],[76.983981,31.777099],[76.983936,31.777101]]]}},{"type":"Feature","id":"ovt-8f1f185e5f9c","properties":{"id":"ovt-8f1f185e5f9c","name":"South Campus building 51","named":false,"area_m2":76.1,"cat":"utility","scope":"campus","src":"Overture Maps 2026-08-19.0 (ML footprints, ODbL/CDLA)","conf":"derived","dist_core_m":313.3,"zone":"south","cat_conf":"derived","floors":1,"f2f":3.0,"floor_note":"utility structure","roof":"sloped","pitch":18,"roof_note":"light metal roof","wall":"metal_sheet_industrial","height_m":4.0,"name_conf":"derived","entrance_lat":31.777055,"entrance_lng":76.983807,"entrance_dist_m":55.5,"entrance_conf":"derived"},"geometry":{"type":"Polygon","coordinates":[[[76.983881,31.777018],[76.983931,31.777091],[76.983856,31.777128],[76.983807,31.777055],[76.983881,31.777018]]]}},{"type":"Feature","id":"ovt-47ac9bcbd450","properties":{"id":"ovt-47ac9bcbd450","name":"South Campus building 63","named":false,"area_m2":45.9,"cat":"utility","scope":"campus","src":"Overture Maps 2026-08-19.0 (ML footprints, ODbL/CDLA)","conf":"derived","dist_core_m":337.8,"zone":"south","cat_conf":"derived","floors":1,"f2f":3.0,"floor_note":"utility structure","roof":"sloped","pitch":18,"roof_note":"light metal roof","wall":"metal_sheet_industrial","height_m":4.0,"name_conf":"derived","entrance_lat":31.776989,"entrance_lng":76.983743,"entrance_dist_m":47.4,"entrance_conf":"derived"},"geometry":{"type":"Polygon","coordinates":[[[76.983764,31.777051],[76.983743,31.776989],[76.983808,31.776973],[76.983829,31.777036],[76.983764,31.777051]]]}},{"type":"Feature","id":"ovt-9fbf4eaa6324","properties":{"id":"ovt-9fbf4eaa6324","name":"South Campus building 55","named":false,"area_m2":70.7,"cat":"utility","scope":"campus","src":"Overture Maps 2026-08-19.0 (ML footprints, ODbL/CDLA)","conf":"derived","dist_core_m":354.4,"zone":"south","cat_conf":"derived","floors":1,"f2f":3.0,"floor_note":"utility structure","roof":"sloped","pitch":18,"roof_note":"light metal roof","wall":"metal_sheet_industrial","height_m":4.0,"name_conf":"derived","entrance_lat":31.777031,"entrance_lng":76.983286,"entrance_dist_m":17.4,"entrance_conf":"derived"},"geometry":{"type":"Polygon","coordinates":[[[76.983286,31.777031],[76.98331,31.777104],[76.983224,31.777124],[76.9832,31.777051],[76.983286,31.777031]]]}},{"type":"Feature","id":"ovt-2854550e04de","properties":{"id":"ovt-2854550e04de","name":"Unnamed building","named":false,"area_m2":35.8,"cat":"unknown","scope":"context","src":"Overture Maps 2026-08-19.0 (ML footprints, ODbL/CDLA)","conf":"approximate","dist_core_m":465.1,"zone":"context","cat_conf":"derived","floor_note":"no source data; derived default","floors":2,"f2f":3.5,"roof":"flat","pitch":0,"roof_note":"unverified","wall":"plaster_paint_white","height_m":8.0},"geometry":{"type":"Polygon","coordinates":[[[76.983274,31.776994],[76.983286,31.777031],[76.9832,31.777051],[76.983188,31.777014],[76.983274,31.776994]]]}},{"type":"Feature","id":"ovt-d6812ac77222","properties":{"id":"ovt-d6812ac77222","name":"Unnamed building","named":false,"area_m2":42.4,"cat":"unknown","scope":"context","src":"Overture Maps 2026-08-19.0 (ML footprints, ODbL/CDLA)","conf":"approximate","dist_core_m":451.0,"zone":"context","cat_conf":"derived","floor_note":"no source data; derived default","floors":2,"f2f":3.5,"roof":"flat","pitch":0,"roof_note":"unverified","wall":"plaster_paint_white","height_m":8.0},"geometry":{"type":"Polygon","coordinates":[[[76.983222,31.776923],[76.983251,31.776992],[76.9832,31.777009],[76.98317,31.77694],[76.983222,31.776923]]]}},{"type":"Feature","id":"ovt-46db069b5d02","properties":{"id":"ovt-46db069b5d02","name":"South Campus building 62","named":false,"area_m2":47.4,"cat":"utility","scope":"campus","src":"Overture Maps 2026-08-19.0 (ML footprints, ODbL/CDLA)","conf":"derived","dist_core_m":345.4,"zone":"south","cat_conf":"derived","floors":1,"f2f":3.0,"floor_note":"utility structure","roof":"sloped","pitch":18,"roof_note":"light metal roof","wall":"metal_sheet_industrial","height_m":4.0,"name_conf":"derived","entrance_lat":31.776906,"entrance_lng":76.98315,"entrance_dist_m":10.9,"entrance_conf":"derived"},"geometry":{"type":"Polygon","coordinates":[[[76.9831,31.776921],[76.98315,31.776906],[76.983182,31.776987],[76.983132,31.777002],[76.9831,31.776921]]]}},{"type":"Feature","id":"ovt-a6ead2869fe2","properties":{"id":"ovt-a6ead2869fe2","name":"South Campus building 17","named":false,"area_m2":202.7,"cat":"utility","scope":"campus","src":"Overture Maps 2026-08-19.0 (ML footprints, ODbL/CDLA)","conf":"derived","dist_core_m":381.8,"zone":"south","cat_conf":"derived","floors":1,"f2f":3.0,"floor_note":"utility structure","roof":"sloped","pitch":18,"roof_note":"light metal roof","wall":"metal_sheet_industrial","height_m":4.0,"name_conf":"derived","entrance_lat":31.777463,"entrance_lng":76.983503,"entrance_dist_m":69.3,"entrance_conf":"derived"},"geometry":{"type":"Polygon","coordinates":[[[76.983503,31.777463],[76.983535,31.777552],[76.983336,31.777604],[76.983304,31.777515],[76.983503,31.777463]]]}},{"type":"Feature","id":"ovt-d37854078509","properties":{"id":"ovt-d37854078509","name":"South Campus building 11","named":false,"area_m2":281.2,"cat":"residential","scope":"campus","src":"Overture Maps 2026-08-19.0 (ML footprints, ODbL/CDLA)","conf":"derived","dist_core_m":365.4,"zone":"south","cat_conf":"derived","floors":4,"f2f":3.2,"floor_note":"faculty/staff apartment blocks 4-storey (C-1 faculty block)","roof":"flat","pitch":0,"roof_note":"flat RCC + parapet","wall":"plaster_paint_cream","height_m":13.8,"name_conf":"derived","entrance_lat":31.777337,"entrance_lng":76.983466,"entrance_dist_m":54.9,"entrance_conf":"derived"},"geometry":{"type":"Polygon","coordinates":[[[76.983466,31.777337],[76.983504,31.777458],[76.983297,31.777506],[76.983259,31.777385],[76.983466,31.777337]]]}},{"type":"Feature","id":"ovt-7418d796b053","properties":{"id":"ovt-7418d796b053","name":"South Campus building 38","named":false,"area_m2":106.3,"cat":"utility","scope":"campus","src":"Overture Maps 2026-08-19.0 (ML footprints, ODbL/CDLA)","conf":"derived","dist_core_m":380.7,"zone":"south","cat_conf":"derived","floors":1,"f2f":3.0,"floor_note":"utility structure","roof":"sloped","pitch":18,"roof_note":"light metal roof","wall":"metal_sheet_industrial","height_m":4.0,"name_conf":"derived","entrance_lat":31.777211,"entrance_lng":76.983383,"entrance_dist_m":39.1,"entrance_conf":"derived"},"geometry":{"type":"Polygon","coordinates":[[[76.983383,31.777211],[76.983408,31.777289],[76.983287,31.777318],[76.983262,31.77724],[76.983383,31.777211]]]}},{"type":"Feature","id":"ovt-66f13da36027","properties":{"id":"ovt-66f13da36027","name":"South Campus building 68","named":false,"area_m2":39.7,"cat":"utility","scope":"campus","src":"Overture Maps 2026-08-19.0 (ML footprints, ODbL/CDLA)","conf":"derived","dist_core_m":326.4,"zone":"south","cat_conf":"derived","floors":1,"f2f":3.0,"floor_note":"utility structure","roof":"sloped","pitch":18,"roof_note":"light metal roof","wall":"metal_sheet_industrial","height_m":4.0,"name_conf":"derived","entrance_lat":31.777238,"entrance_lng":76.983245,"entrance_dist_m":40.3,"entrance_conf":"derived"},"geometry":{"type":"Polygon","coordinates":[[[76.983198,31.777251],[76.983245,31.777238],[76.983273,31.777311],[76.983226,31.777324],[76.983198,31.777251]]]}},{"type":"Feature","id":"ovt-862565878452","properties":{"id":"ovt-862565878452","name":"South Campus building 19","named":false,"area_m2":178.6,"cat":"utility","scope":"campus","src":"Overture Maps 2026-08-19.0 (ML footprints, ODbL/CDLA)","conf":"derived","dist_core_m":373.9,"zone":"south","cat_conf":"derived","floors":1,"f2f":3.0,"floor_note":"utility structure","roof":"sloped","pitch":18,"roof_note":"light metal roof","wall":"metal_sheet_industrial","height_m":4.0,"name_conf":"derived","entrance_lat":31.777944,"entrance_lng":76.983524,"entrance_dist_m":98.3,"entrance_conf":"derived"},"geometry":{"type":"Polygon","coordinates":[[[76.983627,31.777772],[76.983674,31.777905],[76.983524,31.777944],[76.983504,31.777888],[76.983561,31.777873],[76.983533,31.777796],[76.983627,31.777772]]]}},{"type":"Feature","id":"ovt-a3f1ba3ae9ce","properties":{"id":"ovt-a3f1ba3ae9ce","name":"South Campus building 83","named":false,"area_m2":20.4,"cat":"utility","scope":"campus","src":"Overture Maps 2026-08-19.0 (ML footprints, ODbL/CDLA)","conf":"derived","dist_core_m":358.8,"zone":"south","cat_conf":"derived","floors":1,"f2f":3.0,"floor_note":"utility structure","roof":"sloped","pitch":18,"roof_note":"light metal roof","wall":"metal_sheet_industrial","height_m":4.0,"name_conf":"derived","entrance_lat":31.777882,"entrance_lng":76.983535,"entrance_dist_m":208.9,"entrance_conf":"derived"},"geometry":{"type":"Polygon","coordinates":[[[76.983484,31.777829],[76.983513,31.777822],[76.983535,31.777882],[76.983505,31.77789],[76.983484,31.777829]]]}},{"type":"Feature","id":"ovt-b57e57c90028","properties":{"id":"ovt-b57e57c90028","name":"South Campus building 08","named":false,"area_m2":314.4,"cat":"residential","scope":"campus","src":"Overture Maps 2026-08-19.0 (ML footprints, ODbL/CDLA)","conf":"derived","dist_core_m":380.9,"zone":"south","cat_conf":"derived","floors":4,"f2f":3.2,"floor_note":"faculty/staff apartment blocks 4-storey (C-1 faculty block)","roof":"flat","pitch":0,"roof_note":"flat RCC + parapet","wall":"plaster_paint_cream","height_m":13.8,"name_conf":"derived","entrance_lat":31.777586,"entrance_lng":76.983593,"entrance_dist_m":85.1,"entrance_conf":"derived"},"geometry":{"type":"Polygon","coordinates":[[[76.983593,31.777586],[76.983643,31.777741],[76.983451,31.777785],[76.983435,31.777735],[76.983466,31.777728],[76.983449,31.777675],[76.983418,31.777682],[76.983402,31.777631],[76.983593,31.777586]]]}},{"type":"Feature","id":"ovt-7fd202eb092a","properties":{"id":"ovt-7fd202eb092a","name":"Unnamed building","named":false,"area_m2":31.7,"cat":"unknown","scope":"context","src":"Overture Maps 2026-08-19.0 (ML footprints, ODbL/CDLA)","conf":"approximate","dist_core_m":542.7,"zone":"context","cat_conf":"derived","floor_note":"no source data; derived default","floors":2,"f2f":3.5,"roof":"flat","pitch":0,"roof_note":"unverified","wall":"plaster_paint_white","height_m":8.0},"geometry":{"type":"Polygon","coordinates":[[[76.981951,31.778996],[76.981992,31.778987],[76.982013,31.779057],[76.981973,31.779066],[76.981951,31.778996]]]}},{"type":"Feature","id":"ovt-6f90bc446a4a","properties":{"id":"ovt-6f90bc446a4a","name":"South Campus building 31","named":false,"area_m2":129.0,"cat":"utility","scope":"campus","src":"Overture Maps 2026-08-19.0 (ML footprints, ODbL/CDLA)","conf":"derived","dist_core_m":406.9,"zone":"south","cat_conf":"derived","floors":1,"f2f":3.0,"floor_note":"utility structure","roof":"sloped","pitch":18,"roof_note":"light metal roof","wall":"metal_sheet_industrial","height_m":4.0,"name_conf":"derived","entrance_lat":31.778554,"entrance_lng":76.984042,"entrance_dist_m":120.1,"entrance_conf":"derived"},"geometry":{"type":"Polygon","coordinates":[[[76.983998,31.778454],[76.984042,31.778554],[76.983933,31.778588],[76.98389,31.778488],[76.983998,31.778454]]]}},{"type":"Feature","id":"ovt-60b9088a609a","properties":{"id":"ovt-60b9088a609a","name":"South Campus building 35","named":false,"area_m2":108.4,"cat":"utility","scope":"campus","src":"Overture Maps 2026-08-19.0 (ML footprints, ODbL/CDLA)","conf":"derived","dist_core_m":374.3,"zone":"south","cat_conf":"derived","floors":1,"f2f":3.0,"floor_note":"utility structure","roof":"sloped","pitch":18,"roof_note":"light metal roof","wall":"metal_sheet_industrial","height_m":4.0,"name_conf":"derived","entrance_lat":31.778085,"entrance_lng":76.983682,"entrance_dist_m":98.6,"entrance_conf":"derived"},"geometry":{"type":"Polygon","coordinates":[[[76.983795,31.777985],[76.983815,31.778059],[76.983682,31.778085],[76.983662,31.778011],[76.983795,31.777985]]]}},{"type":"Feature","id":"ovt-70f05d06e40d","properties":{"id":"ovt-70f05d06e40d","name":"South Campus building 28","named":false,"area_m2":151.1,"cat":"utility","scope":"campus","src":"Overture Maps 2026-08-19.0 (ML footprints, ODbL/CDLA)","conf":"derived","dist_core_m":390.2,"zone":"south","cat_conf":"derived","floors":1,"f2f":3.0,"floor_note":"utility structure","roof":"sloped","pitch":18,"roof_note":"light metal roof","wall":"metal_sheet_industrial","height_m":4.0,"name_conf":"derived","entrance_lat":31.778213,"entrance_lng":76.983668,"entrance_dist_m":89.7,"entrance_conf":"derived"},"geometry":{"type":"Polygon","coordinates":[[[76.983668,31.778213],[76.98364,31.778137],[76.983813,31.778091],[76.983841,31.778167],[76.983668,31.778213]]]}},{"type":"Feature","id":"ovt-de3c86f41495","properties":{"id":"ovt-de3c86f41495","name":"South Campus building 16","named":false,"area_m2":204.0,"cat":"utility","scope":"campus","src":"Overture Maps 2026-08-19.0 (ML footprints, ODbL/CDLA)","conf":"derived","dist_core_m":397.5,"zone":"south","cat_conf":"derived","floors":1,"f2f":3.0,"floor_note":"utility structure","roof":"sloped","pitch":18,"roof_note":"light metal roof","wall":"metal_sheet_industrial","height_m":4.0,"name_conf":"derived","entrance_lat":31.778274,"entrance_lng":76.983712,"entrance_dist_m":90.3,"entrance_conf":"derived"},"geometry":{"type":"Polygon","coordinates":[[[76.983838,31.778363],[76.98378,31.778249],[76.983712,31.778274],[76.983689,31.778229],[76.983841,31.778173],[76.983922,31.778332],[76.983838,31.778363]]]}},{"type":"Feature","id":"ovt-9284d2119228","properties":{"id":"ovt-9284d2119228","name":"Unnamed building","named":false,"area_m2":210.2,"cat":"unknown","scope":"context","src":"Overture Maps 2026-08-19.0 (ML footprints, ODbL/CDLA)","conf":"approximate","dist_core_m":422.7,"zone":"context","cat_conf":"derived","floor_note":"no source data; derived default","floors":2,"f2f":3.5,"roof":"flat","pitch":0,"roof_note":"unverified","wall":"plaster_paint_white","height_m":8.0},"geometry":{"type":"Polygon","coordinates":[[[76.984528,31.778937],[76.984738,31.778922],[76.984747,31.779017],[76.984537,31.779032],[76.984528,31.778937]]]}},{"type":"Feature","id":"ovt-ac3ae626108d","properties":{"id":"ovt-ac3ae626108d","name":"Unnamed building","named":false,"area_m2":57.1,"cat":"unknown","scope":"context","src":"Overture Maps 2026-08-19.0 (ML footprints, ODbL/CDLA)","conf":"approximate","dist_core_m":478.2,"zone":"context","cat_conf":"derived","floor_note":"no source data; derived default","floors":2,"f2f":3.5,"roof":"flat","pitch":0,"roof_note":"unverified","wall":"plaster_paint_white","height_m":8.0},"geometry":{"type":"Polygon","coordinates":[[[76.986033,31.779488],[76.986036,31.779546],[76.985942,31.779549],[76.985939,31.779491],[76.986033,31.779488]]]}},{"type":"Feature","id":"ovt-b9a8fddbebcd","properties":{"id":"ovt-b9a8fddbebcd","name":"South Campus building 46","named":false,"area_m2":84.8,"cat":"utility","scope":"campus","src":"Overture Maps 2026-08-19.0 (ML footprints, ODbL/CDLA)","conf":"derived","dist_core_m":107.2,"zone":"south","cat_conf":"derived","floors":1,"f2f":3.0,"floor_note":"utility structure","roof":"sloped","pitch":18,"roof_note":"light metal roof","wall":"metal_sheet_industrial","height_m":4.0,"name_conf":"derived","entrance_lat":31.776584,"entrance_lng":76.986436,"entrance_dist_m":106.9,"entrance_conf":"derived"},"geometry":{"type":"Polygon","coordinates":[[[76.986474,31.776495],[76.986555,31.77652],[76.986517,31.776608],[76.986436,31.776584],[76.986474,31.776495]]]}},{"type":"Feature","id":"ovt-82df281e9b6f","properties":{"id":"ovt-82df281e9b6f","name":"South Campus building 32","named":false,"area_m2":119.4,"cat":"utility","scope":"campus","src":"Overture Maps 2026-08-19.0 (ML footprints, ODbL/CDLA)","conf":"derived","dist_core_m":158.0,"zone":"south","cat_conf":"derived","floors":1,"f2f":3.0,"floor_note":"utility structure","roof":"sloped","pitch":18,"roof_note":"light metal roof","wall":"metal_sheet_industrial","height_m":4.0,"name_conf":"derived","entrance_lat":31.776467,"entrance_lng":76.986407,"entrance_dist_m":66.4,"entrance_conf":"derived"},"geometry":{"type":"Polygon","coordinates":[[[76.986407,31.776467],[76.986404,31.776531],[76.986226,31.776525],[76.986229,31.776461],[76.986407,31.776467]]]}},{"type":"Feature","id":"ovt-5b663c711ff4","properties":{"id":"ovt-5b663c711ff4","name":"South Campus building 48","named":false,"area_m2":82.3,"cat":"utility","scope":"campus","src":"Overture Maps 2026-08-19.0 (ML footprints, ODbL/CDLA)","conf":"derived","dist_core_m":149.2,"zone":"south","cat_conf":"derived","floors":1,"f2f":3.0,"floor_note":"utility structure","roof":"sloped","pitch":18,"roof_note":"light metal roof","wall":"metal_sheet_industrial","height_m":4.0,"name_conf":"derived","entrance_lat":31.776686,"entrance_lng":76.987181,"entrance_dist_m":20.9,"entrance_conf":"derived"},"geometry":{"type":"Polygon","coordinates":[[[76.987181,31.776686],[76.987315,31.776709],[76.987302,31.776765],[76.987168,31.776743],[76.987181,31.776686]]]}},{"type":"Feature","id":"ovt-2a1b392a8fd2","properties":{"id":"ovt-2a1b392a8fd2","name":"South Campus building 57","named":false,"area_m2":62.4,"cat":"utility","scope":"campus","src":"Overture Maps 2026-08-19.0 (ML footprints, ODbL/CDLA)","conf":"derived","dist_core_m":119.9,"zone":"south","cat_conf":"derived","floors":1,"f2f":3.0,"floor_note":"utility structure","roof":"sloped","pitch":18,"roof_note":"light metal roof","wall":"metal_sheet_industrial","height_m":4.0,"name_conf":"derived","entrance_lat":31.776634,"entrance_lng":76.987159,"entrance_dist_m":13.4,"entrance_conf":"derived"},"geometry":{"type":"Polygon","coordinates":[[[76.987298,31.776692],[76.987152,31.776674],[76.987159,31.776634],[76.987305,31.776652],[76.987298,31.776692]]]}},{"type":"Feature","id":"ovt-021da592e9c7","properties":{"id":"ovt-021da592e9c7","name":"South Campus building 33","named":false,"area_m2":118.7,"cat":"utility","scope":"campus","src":"Overture Maps 2026-08-19.0 (ML footprints, ODbL/CDLA)","conf":"derived","dist_core_m":167.7,"zone":"south","cat_conf":"derived","floors":1,"f2f":3.0,"floor_note":"utility structure","roof":"sloped","pitch":18,"roof_note":"light metal roof","wall":"metal_sheet_industrial","height_m":4.0,"name_conf":"derived","entrance_lat":31.776579,"entrance_lng":76.987054,"entrance_dist_m":48.6,"entrance_conf":"derived"},"geometry":{"type":"Polygon","coordinates":[[[76.986875,31.776616],[76.986893,31.776549],[76.987054,31.776579],[76.987037,31.776646],[76.986875,31.776616]]]}},{"type":"Feature","id":"ovt-26d8e6c1bdf2","properties":{"id":"ovt-26d8e6c1bdf2","name":"South Campus building 45","named":false,"area_m2":86.4,"cat":"utility","scope":"campus","src":"Overture Maps 2026-08-19.0 (ML footprints, ODbL/CDLA)","conf":"derived","dist_core_m":104.1,"zone":"south","cat_conf":"derived","floors":1,"f2f":3.0,"floor_note":"utility structure","roof":"sloped","pitch":18,"roof_note":"light metal roof","wall":"metal_sheet_industrial","height_m":4.0,"name_conf":"derived","entrance_lat":31.776599,"entrance_lng":76.986735,"entrance_dist_m":60.4,"entrance_conf":"derived"},"geometry":{"type":"Polygon","coordinates":[[[76.986735,31.776599],[76.986827,31.77662],[76.986801,31.776704],[76.98671,31.776684],[76.986735,31.776599]]]}},{"type":"Feature","id":"ovt-71043548c94b","properties":{"id":"ovt-71043548c94b","name":"South Campus building 74","named":false,"area_m2":28.0,"cat":"utility","scope":"campus","src":"Overture Maps 2026-08-19.0 (ML footprints, ODbL/CDLA)","conf":"derived","dist_core_m":149.5,"zone":"south","cat_conf":"derived","floors":1,"f2f":3.0,"floor_note":"utility structure","roof":"sloped","pitch":18,"roof_note":"light metal roof","wall":"metal_sheet_industrial","height_m":4.0,"name_conf":"derived","entrance_lat":31.775406,"entrance_lng":76.98712,"entrance_dist_m":197.2,"entrance_conf":"derived"},"geometry":{"type":"Polygon","coordinates":[[[76.987168,31.775397],[76.987181,31.775451],[76.987133,31.775459],[76.98712,31.775406],[76.987168,31.775397]]]}},{"type":"Feature","id":"ovt-fc058814a565","properties":{"id":"ovt-fc058814a565","name":"South Campus building 02","named":false,"area_m2":595.8,"cat":"residential","scope":"campus","src":"Overture Maps 2026-08-19.0 (ML footprints, ODbL/CDLA)","conf":"derived","dist_core_m":64.7,"zone":"south","cat_conf":"derived","floors":4,"f2f":3.2,"floor_note":"faculty/staff apartment blocks 4-storey (C-1 faculty block)","roof":"flat","pitch":0,"roof_note":"flat RCC + parapet","wall":"plaster_paint_cream","height_m":13.8,"name_conf":"derived","entrance_lat":31.774926,"entrance_lng":76.986635,"entrance_dist_m":18.6,"entrance_conf":"derived"},"geometry":{"type":"Polygon","coordinates":[[[76.986793,31.774852],[76.986971,31.775129],[76.986813,31.775203],[76.986635,31.774926],[76.986793,31.774852]]]}},{"type":"Feature","id":"ovt-ff4aa2d770f0","properties":{"id":"ovt-ff4aa2d770f0","name":"South Campus building 21","named":false,"area_m2":176.0,"cat":"utility","scope":"campus","src":"Overture Maps 2026-08-19.0 (ML footprints, ODbL/CDLA)","conf":"derived","dist_core_m":41.7,"zone":"south","cat_conf":"derived","floors":1,"f2f":3.0,"floor_note":"utility structure","roof":"sloped","pitch":18,"roof_note":"light metal roof","wall":"metal_sheet_industrial","height_m":4.0,"name_conf":"derived","entrance_lat":31.775074,"entrance_lng":76.986276,"entrance_dist_m":17.1,"entrance_conf":"derived"},"geometry":{"type":"Polygon","coordinates":[[[76.986194,31.774919],[76.986276,31.775074],[76.986186,31.775109],[76.986104,31.774954],[76.986194,31.774919]]]}},{"type":"Feature","id":"ovt-5209d58aae30","properties":{"id":"ovt-5209d58aae30","name":"South Campus building 71","named":false,"area_m2":32.1,"cat":"utility","scope":"campus","src":"Overture Maps 2026-08-19.0 (ML footprints, ODbL/CDLA)","conf":"derived","dist_core_m":62.3,"zone":"south","cat_conf":"derived","floors":1,"f2f":3.0,"floor_note":"utility structure","roof":"sloped","pitch":18,"roof_note":"light metal roof","wall":"metal_sheet_industrial","height_m":4.0,"name_conf":"derived","entrance_lat":31.775123,"entrance_lng":76.986103,"entrance_dist_m":4.9,"entrance_conf":"derived"},"geometry":{"type":"Polygon","coordinates":[[[76.986048,31.775119],[76.986103,31.775123],[76.986098,31.775179],[76.986044,31.775175],[76.986048,31.775119]]]}},{"type":"Feature","id":"ovt-e4ba0152f3b7","properties":{"id":"ovt-e4ba0152f3b7","name":"South Campus building 25","named":false,"area_m2":154.7,"cat":"utility","scope":"campus","src":"Overture Maps 2026-08-19.0 (ML footprints, ODbL/CDLA)","conf":"derived","dist_core_m":39.0,"zone":"south","cat_conf":"derived","floors":1,"f2f":3.0,"floor_note":"utility structure","roof":"sloped","pitch":18,"roof_note":"light metal roof","wall":"metal_sheet_industrial","height_m":4.0,"name_conf":"derived","entrance_lat":31.77534,"entrance_lng":76.986447,"entrance_dist_m":7.6,"entrance_conf":"derived"},"geometry":{"type":"Polygon","coordinates":[[[76.986447,31.77534],[76.986524,31.775311],[76.986606,31.775473],[76.98653,31.775502],[76.986447,31.77534]]]}},{"type":"Feature","id":"ovt-b324224988fa","properties":{"id":"ovt-b324224988fa","name":"South Campus building 58","named":false,"area_m2":61.1,"cat":"utility","scope":"campus","src":"Overture Maps 2026-08-19.0 (ML footprints, ODbL/CDLA)","conf":"derived","dist_core_m":143.3,"zone":"south","cat_conf":"derived","floors":1,"f2f":3.0,"floor_note":"utility structure","roof":"sloped","pitch":18,"roof_note":"light metal roof","wall":"metal_sheet_industrial","height_m":4.0,"name_conf":"derived","entrance_lat":31.775426,"entrance_lng":76.985637,"entrance_dist_m":75.3,"entrance_conf":"derived"},"geometry":{"type":"Polygon","coordinates":[[[76.985637,31.775426],[76.985748,31.775445],[76.985736,31.775496],[76.985625,31.775476],[76.985637,31.775426]]]}},{"type":"Feature","id":"ovt-adfe70d84dc3","properties":{"id":"ovt-adfe70d84dc3","name":"South Campus building 84","named":false,"area_m2":19.1,"cat":"utility","scope":"campus","src":"Overture Maps 2026-08-19.0 (ML footprints, ODbL/CDLA)","conf":"derived","dist_core_m":129.5,"zone":"south","cat_conf":"derived","floors":1,"f2f":3.0,"floor_note":"utility structure","roof":"sloped","pitch":18,"roof_note":"light metal roof","wall":"metal_sheet_industrial","height_m":4.0,"name_conf":"derived","entrance_lat":31.775352,"entrance_lng":76.985718,"entrance_dist_m":224.9,"entrance_conf":"derived"},"geometry":{"type":"Polygon","coordinates":[[[76.98568,31.775307],[76.985724,31.775311],[76.985718,31.775352],[76.985674,31.775348],[76.98568,31.775307]]]}},{"type":"Feature","id":"ovt-e90b799deb90","properties":{"id":"ovt-e90b799deb90","name":"South Campus building 90","named":false,"area_m2":13.7,"cat":"utility","scope":"campus","src":"Overture Maps 2026-08-19.0 (ML footprints, ODbL/CDLA)","conf":"derived","dist_core_m":392.1,"zone":"south","cat_conf":"derived","floors":1,"f2f":3.0,"floor_note":"utility structure","roof":"sloped","pitch":18,"roof_note":"light metal roof","wall":"metal_sheet_industrial","height_m":4.0,"name_conf":"derived","entrance_lat":31.77513,"entrance_lng":76.985188,"entrance_dist_m":340.9,"entrance_conf":"derived"},"geometry":{"type":"Polygon","coordinates":[[[76.985188,31.77513],[76.985218,31.775135],[76.985209,31.775177],[76.985179,31.775172],[76.985188,31.77513]]]}},{"type":"Feature","id":"ovt-ebcdf4224b64","properties":{"id":"ovt-ebcdf4224b64","name":"South Campus building 04","named":false,"area_m2":475.0,"cat":"residential","scope":"campus","src":"Overture Maps 2026-08-19.0 (ML footprints, ODbL/CDLA)","conf":"derived","dist_core_m":196.4,"zone":"south","cat_conf":"derived","floors":4,"f2f":3.2,"floor_note":"faculty/staff apartment blocks 4-storey (C-1 faculty block)","roof":"flat","pitch":0,"roof_note":"flat RCC + parapet","wall":"plaster_paint_cream","height_m":13.8,"name_conf":"derived","entrance_lat":31.77499,"entrance_lng":76.984321,"entrance_dist_m":24.8,"entrance_conf":"derived"},"geometry":{"type":"Polygon","coordinates":[[[76.984562,31.775085],[76.984309,31.77505],[76.984321,31.77499],[76.984841,31.775063],[76.98482,31.775172],[76.984553,31.775134],[76.984562,31.775085]]]}},{"type":"Feature","id":"ovt-82db3e48790f","properties":{"id":"ovt-82db3e48790f","name":"South Campus building 26","named":false,"area_m2":153.7,"cat":"utility","scope":"campus","src":"Overture Maps 2026-08-19.0 (ML footprints, ODbL/CDLA)","conf":"derived","dist_core_m":221.7,"zone":"south","cat_conf":"derived","floors":1,"f2f":3.0,"floor_note":"utility structure","roof":"sloped","pitch":18,"roof_note":"light metal roof","wall":"metal_sheet_industrial","height_m":4.0,"name_conf":"derived","entrance_lat":31.776241,"entrance_lng":76.984445,"entrance_dist_m":36.8,"entrance_conf":"derived"},"geometry":{"type":"Polygon","coordinates":[[[76.984469,31.776312],[76.984487,31.776326],[76.984392,31.776416],[76.98432,31.77636],[76.984445,31.776241],[76.9845,31.776283],[76.984469,31.776312]]]}},{"type":"Feature","id":"ovt-8f561c193b0b","properties":{"id":"ovt-8f561c193b0b","name":"South Campus building 49","named":false,"area_m2":80.1,"cat":"utility","scope":"campus","src":"Overture Maps 2026-08-19.0 (ML footprints, ODbL/CDLA)","conf":"derived","dist_core_m":235.7,"zone":"south","cat_conf":"derived","floors":1,"f2f":3.0,"floor_note":"utility structure","roof":"sloped","pitch":18,"roof_note":"light metal roof","wall":"metal_sheet_industrial","height_m":4.0,"name_conf":"derived","entrance_lat":31.776195,"entrance_lng":76.984363,"entrance_dist_m":29.9,"entrance_conf":"derived"},"geometry":{"type":"Polygon","coordinates":[[[76.984188,31.776184],[76.984363,31.776195],[76.984359,31.776238],[76.984184,31.776228],[76.984188,31.776184]]]}},{"type":"Feature","id":"ovt-25d6cb0124d5","properties":{"id":"ovt-25d6cb0124d5","name":"South Campus building 30","named":false,"area_m2":131.3,"cat":"utility","scope":"campus","src":"Overture Maps 2026-08-19.0 (ML footprints, ODbL/CDLA)","conf":"derived","dist_core_m":255.3,"zone":"south","cat_conf":"derived","floors":1,"f2f":3.0,"floor_note":"utility structure","roof":"sloped","pitch":18,"roof_note":"light metal roof","wall":"metal_sheet_industrial","height_m":4.0,"name_conf":"derived","entrance_lat":31.776233,"entrance_lng":76.984132,"entrance_dist_m":58.4,"entrance_conf":"derived"},"geometry":{"type":"Polygon","coordinates":[[[76.984281,31.776297],[76.984167,31.776266],[76.984127,31.776371],[76.984083,31.776359],[76.984132,31.776233],[76.98417,31.776244],[76.984182,31.776214],[76.9843,31.776247],[76.984281,31.776297]]]}},{"type":"Feature","id":"ovt-4ff28c4ae01b","properties":{"id":"ovt-4ff28c4ae01b","name":"South Campus building 41","named":false,"area_m2":99.4,"cat":"utility","scope":"campus","src":"Overture Maps 2026-08-19.0 (ML footprints, ODbL/CDLA)","conf":"derived","dist_core_m":202.3,"zone":"south","cat_conf":"derived","floors":1,"f2f":3.0,"floor_note":"utility structure","roof":"sloped","pitch":18,"roof_note":"light metal roof","wall":"metal_sheet_industrial","height_m":4.0,"name_conf":"derived","entrance_lat":31.776255,"entrance_lng":76.984117,"entrance_dist_m":120.7,"entrance_conf":"derived"},"geometry":{"type":"Polygon","coordinates":[[[76.984055,31.776396],[76.983996,31.776377],[76.984058,31.776236],[76.984117,31.776255],[76.984055,31.776396]]]}},{"type":"Feature","id":"ovt-d894c3916a67","properties":{"id":"ovt-d894c3916a67","name":"South Campus building 06","named":false,"area_m2":348.9,"cat":"residential","scope":"campus","src":"Overture Maps 2026-08-19.0 (ML footprints, ODbL/CDLA)","conf":"derived","dist_core_m":265.8,"zone":"south","cat_conf":"derived","floors":4,"f2f":3.2,"floor_note":"faculty/staff apartment blocks 4-storey (C-1 faculty block)","roof":"flat","pitch":0,"roof_note":"flat RCC + parapet","wall":"plaster_paint_cream","height_m":13.8,"name_conf":"derived","entrance_lat":31.776149,"entrance_lng":76.983759,"entrance_dist_m":30.8,"entrance_conf":"derived"},"geometry":{"type":"Polygon","coordinates":[[[76.983933,31.776158],[76.983871,31.776335],[76.983807,31.776319],[76.983794,31.776356],[76.983695,31.776331],[76.983759,31.776149],[76.983819,31.776164],[76.983831,31.776131],[76.983933,31.776158]]]}},{"type":"Feature","id":"ovt-80ef9a8fd55d","properties":{"id":"ovt-80ef9a8fd55d","name":"South Campus building 88","named":false,"area_m2":14.6,"cat":"utility","scope":"campus","src":"Overture Maps 2026-08-19.0 (ML footprints, ODbL/CDLA)","conf":"derived","dist_core_m":259.1,"zone":"south","cat_conf":"derived","floors":1,"f2f":3.0,"floor_note":"utility structure","roof":"sloped","pitch":18,"roof_note":"light metal roof","wall":"metal_sheet_industrial","height_m":4.0,"name_conf":"derived","entrance_lat":31.776056,"entrance_lng":76.983599,"entrance_dist_m":20.6,"entrance_conf":"derived"},"geometry":{"type":"Polygon","coordinates":[[[76.983589,31.776089],[76.983599,31.776056],[76.983639,31.776065],[76.98363,31.776097],[76.983589,31.776089]]]}},{"type":"Feature","id":"ovt-c0298f41da33","properties":{"id":"ovt-c0298f41da33","name":"South Campus building 73","named":false,"area_m2":30.8,"cat":"utility","scope":"campus","src":"Overture Maps 2026-08-19.0 (ML footprints, ODbL/CDLA)","conf":"derived","dist_core_m":234.0,"zone":"south","cat_conf":"derived","floors":1,"f2f":3.0,"floor_note":"utility structure","roof":"sloped","pitch":18,"roof_note":"light metal roof","wall":"metal_sheet_industrial","height_m":4.0,"name_conf":"derived","entrance_lat":31.776104,"entrance_lng":76.984073,"entrance_dist_m":30.3,"entrance_conf":"derived"},"geometry":{"type":"Polygon","coordinates":[[[76.984073,31.776104],[76.984119,31.776166],[76.984085,31.776184],[76.984039,31.776123],[76.984073,31.776104]]]}},{"type":"Feature","id":"ovt-be096dbcde65","properties":{"id":"ovt-be096dbcde65","name":"South Campus building 37","named":false,"area_m2":107.3,"cat":"utility","scope":"campus","src":"Overture Maps 2026-08-19.0 (ML footprints, ODbL/CDLA)","conf":"derived","dist_core_m":232.3,"zone":"south","cat_conf":"derived","floors":1,"f2f":3.0,"floor_note":"utility structure","roof":"sloped","pitch":18,"roof_note":"light metal roof","wall":"metal_sheet_industrial","height_m":4.0,"name_conf":"derived","entrance_lat":31.776045,"entrance_lng":76.984217,"entrance_dist_m":16.1,"entrance_conf":"derived"},"geometry":{"type":"Polygon","coordinates":[[[76.984217,31.776045],[76.984382,31.77609],[76.984361,31.776146],[76.984196,31.776102],[76.984217,31.776045]]]}},{"type":"Feature","id":"ovt-178c61b8004d","properties":{"id":"ovt-178c61b8004d","name":"Unnamed building","named":false,"area_m2":20.0,"cat":"unknown","scope":"context","src":"Overture Maps 2026-08-19.0 (ML footprints, ODbL/CDLA)","conf":"approximate","dist_core_m":561.8,"zone":"context","cat_conf":"derived","floor_note":"no source data; derived default","floors":2,"f2f":3.5,"roof":"flat","pitch":0,"roof_note":"unverified","wall":"plaster_paint_white","height_m":8.0},"geometry":{"type":"Polygon","coordinates":[[[76.983461,31.775987],[76.983474,31.77596],[76.983535,31.775983],[76.983521,31.776009],[76.983461,31.775987]]]}},{"type":"Feature","id":"ovt-4f8562ad76ca","properties":{"id":"ovt-4f8562ad76ca","name":"Unnamed building","named":false,"area_m2":28.2,"cat":"unknown","scope":"context","src":"Overture Maps 2026-08-19.0 (ML footprints, ODbL/CDLA)","conf":"approximate","dist_core_m":471.6,"zone":"context","cat_conf":"derived","floor_note":"no source data; derived default","floors":2,"f2f":3.5,"roof":"flat","pitch":0,"roof_note":"unverified","wall":"plaster_paint_white","height_m":8.0},"geometry":{"type":"Polygon","coordinates":[[[76.982165,31.775217],[76.982175,31.775277],[76.982131,31.775282],[76.982121,31.775222],[76.982165,31.775217]]]}},{"type":"Feature","id":"ovt-edd578473567","properties":{"id":"ovt-edd578473567","name":"South Campus building 72","named":false,"area_m2":31.4,"cat":"utility","scope":"campus","src":"Overture Maps 2026-08-19.0 (ML footprints, ODbL/CDLA)","conf":"derived","dist_core_m":278.3,"zone":"south","cat_conf":"derived","floors":1,"f2f":3.0,"floor_note":"utility structure","roof":"sloped","pitch":18,"roof_note":"light metal roof","wall":"metal_sheet_industrial","height_m":4.0,"name_conf":"derived","entrance_lat":31.77538,"entrance_lng":76.982243,"entrance_dist_m":146.4,"entrance_conf":"derived"},"geometry":{"type":"Polygon","coordinates":[[[76.982182,31.775312],[76.982219,31.775304],[76.982243,31.77538],[76.982206,31.775388],[76.982182,31.775312]]]}},{"type":"Feature","id":"ovt-9e48f40aeb3b","properties":{"id":"ovt-9e48f40aeb3b","name":"Unnamed building","named":false,"area_m2":12.0,"cat":"unknown","scope":"context","src":"Overture Maps 2026-08-19.0 (ML footprints, ODbL/CDLA)","conf":"approximate","dist_core_m":544.4,"zone":"context","cat_conf":"derived","floor_note":"no source data; derived default","floors":2,"f2f":3.5,"roof":"flat","pitch":0,"roof_note":"unverified","wall":"plaster_paint_white","height_m":8.0},"geometry":{"type":"Polygon","coordinates":[[[76.982088,31.775059],[76.982119,31.775053],[76.982129,31.775088],[76.982098,31.775094],[76.982088,31.775059]]]}},{"type":"Feature","id":"ovt-4820595b73f5","properties":{"id":"ovt-4820595b73f5","name":"South Campus building 56","named":false,"area_m2":70.1,"cat":"utility","scope":"campus","src":"Overture Maps 2026-08-19.0 (ML footprints, ODbL/CDLA)","conf":"derived","dist_core_m":329.0,"zone":"south","cat_conf":"derived","floors":1,"f2f":3.0,"floor_note":"utility structure","roof":"sloped","pitch":18,"roof_note":"light metal roof","wall":"metal_sheet_industrial","height_m":4.0,"name_conf":"derived","entrance_lat":31.775203,"entrance_lng":76.983886,"entrance_dist_m":72.8,"entrance_conf":"derived"},"geometry":{"type":"Polygon","coordinates":[[[76.983886,31.775203],[76.983987,31.775256],[76.983952,31.775304],[76.983851,31.775251],[76.983886,31.775203]]]}},{"type":"Feature","id":"ovt-0e2976dfc630","properties":{"id":"ovt-0e2976dfc630","name":"South Campus building 34","named":false,"area_m2":117.2,"cat":"utility","scope":"campus","src":"Overture Maps 2026-08-19.0 (ML footprints, ODbL/CDLA)","conf":"derived","dist_core_m":310.7,"zone":"south","cat_conf":"derived","floors":1,"f2f":3.0,"floor_note":"utility structure","roof":"sloped","pitch":18,"roof_note":"light metal roof","wall":"metal_sheet_industrial","height_m":4.0,"name_conf":"derived","entrance_lat":31.775006,"entrance_lng":76.983664,"entrance_dist_m":55.2,"entrance_conf":"derived"},"geometry":{"type":"Polygon","coordinates":[[[76.983664,31.775006],[76.983778,31.775107],[76.983721,31.775155],[76.983607,31.775053],[76.983664,31.775006]]]}},{"type":"Feature","id":"ovt-13cac438b361","properties":{"id":"ovt-13cac438b361","name":"South Campus building 85","named":false,"area_m2":18.8,"cat":"utility","scope":"campus","src":"Overture Maps 2026-08-19.0 (ML footprints, ODbL/CDLA)","conf":"derived","dist_core_m":414.9,"zone":"south","cat_conf":"derived","floors":1,"f2f":3.0,"floor_note":"utility structure","roof":"sloped","pitch":18,"roof_note":"light metal roof","wall":"metal_sheet_industrial","height_m":4.0,"name_conf":"derived","entrance_lat":31.774975,"entrance_lng":76.984046,"entrance_dist_m":204.8,"entrance_conf":"derived"},"geometry":{"type":"Polygon","coordinates":[[[76.984072,31.774993],[76.984046,31.774975],[76.984085,31.774934],[76.984112,31.774952],[76.984072,31.774993]]]}},{"type":"Feature","id":"ovt-0e9da580f60a","properties":{"id":"ovt-0e9da580f60a","name":"South Campus building 12","named":false,"area_m2":267.0,"cat":"residential","scope":"campus","src":"Overture Maps 2026-08-19.0 (ML footprints, ODbL/CDLA)","conf":"derived","dist_core_m":281.3,"zone":"south","cat_conf":"derived","floors":4,"f2f":3.2,"floor_note":"faculty/staff apartment blocks 4-storey (C-1 faculty block)","roof":"flat","pitch":0,"roof_note":"flat RCC + parapet","wall":"plaster_paint_cream","height_m":13.8,"name_conf":"derived","entrance_lat":31.774669,"entrance_lng":76.983955,"entrance_dist_m":14.7,"entrance_conf":"derived"},"geometry":{"type":"Polygon","coordinates":[[[76.983955,31.774669],[76.984106,31.774839],[76.984011,31.774901],[76.98386,31.774731],[76.983955,31.774669]]]}},{"type":"Feature","id":"ovt-5f834e481622","properties":{"id":"ovt-5f834e481622","name":"South Campus building 03","named":false,"area_m2":524.8,"cat":"residential","scope":"campus","src":"Overture Maps 2026-08-19.0 (ML footprints, ODbL/CDLA)","conf":"derived","dist_core_m":244.5,"zone":"south","cat_conf":"derived","floors":4,"f2f":3.2,"floor_note":"faculty/staff apartment blocks 4-storey (C-1 faculty block)","roof":"flat","pitch":0,"roof_note":"flat RCC + parapet","wall":"plaster_paint_cream","height_m":13.8,"name_conf":"derived","entrance_lat":31.77475,"entrance_lng":76.984193,"entrance_dist_m":1.9,"entrance_conf":"derived"},"geometry":{"type":"Polygon","coordinates":[[[76.984324,31.774474],[76.984397,31.774702],[76.984193,31.77475],[76.984119,31.774522],[76.984324,31.774474]]]}},{"type":"Feature","id":"ovt-811b9ee63498","properties":{"id":"ovt-811b9ee63498","name":"South Campus building 75","named":false,"area_m2":27.9,"cat":"utility","scope":"campus","src":"Overture Maps 2026-08-19.0 (ML footprints, ODbL/CDLA)","conf":"derived","dist_core_m":228.9,"zone":"south","cat_conf":"derived","floors":1,"f2f":3.0,"floor_note":"utility structure","roof":"sloped","pitch":18,"roof_note":"light metal roof","wall":"metal_sheet_industrial","height_m":4.0,"name_conf":"derived","entrance_lat":31.7747,"entrance_lng":76.983383,"entrance_dist_m":87.8,"entrance_conf":"derived"},"geometry":{"type":"Polygon","coordinates":[[[76.983372,31.774668],[76.983383,31.7747],[76.983307,31.774719],[76.983295,31.774687],[76.983372,31.774668]]]}},{"type":"Feature","id":"ovt-5b61afc1b322","properties":{"id":"ovt-5b61afc1b322","name":"South Campus building 70","named":false,"area_m2":35.5,"cat":"utility","scope":"campus","src":"Overture Maps 2026-08-19.0 (ML footprints, ODbL/CDLA)","conf":"derived","dist_core_m":391.2,"zone":"south","cat_conf":"derived","floors":1,"f2f":3.0,"floor_note":"utility structure","roof":"sloped","pitch":18,"roof_note":"light metal roof","wall":"metal_sheet_industrial","height_m":4.0,"name_conf":"derived","entrance_lat":31.774721,"entrance_lng":76.983324,"entrance_dist_m":133.6,"entrance_conf":"derived"},"geometry":{"type":"Polygon","coordinates":[[[76.983394,31.774699],[76.983412,31.774742],[76.983343,31.774764],[76.983324,31.774721],[76.983394,31.774699]]]}},{"type":"Feature","id":"ovt-55bb2d635482","properties":{"id":"ovt-55bb2d635482","name":"Unnamed building","named":false,"area_m2":21.5,"cat":"unknown","scope":"context","src":"Overture Maps 2026-08-19.0 (ML footprints, ODbL/CDLA)","conf":"approximate","dist_core_m":609.1,"zone":"context","cat_conf":"derived","floor_note":"no source data; derived default","floors":2,"f2f":3.5,"roof":"flat","pitch":0,"roof_note":"unverified","wall":"plaster_paint_white","height_m":8.0},"geometry":{"type":"Polygon","coordinates":[[[76.983356,31.774768],[76.983393,31.774762],[76.983406,31.774814],[76.983368,31.774821],[76.983356,31.774768]]]}},{"type":"Feature","id":"ovt-09a244294341","properties":{"id":"ovt-09a244294341","name":"Unnamed building","named":false,"area_m2":55.3,"cat":"unknown","scope":"context","src":"Overture Maps 2026-08-19.0 (ML footprints, ODbL/CDLA)","conf":"approximate","dist_core_m":534.7,"zone":"context","cat_conf":"derived","floor_note":"no source data; derived default","floors":2,"f2f":3.5,"roof":"flat","pitch":0,"roof_note":"unverified","wall":"plaster_paint_white","height_m":8.0},"geometry":{"type":"Polygon","coordinates":[[[76.981493,31.773666],[76.98152,31.773768],[76.981471,31.773777],[76.981443,31.773676],[76.981493,31.773666]]]}},{"type":"Feature","id":"ovt-8fe40c5e06b8","properties":{"id":"ovt-8fe40c5e06b8","name":"South Campus building 87","named":false,"area_m2":15.4,"cat":"utility","scope":"campus","src":"Overture Maps 2026-08-19.0 (ML footprints, ODbL/CDLA)","conf":"derived","dist_core_m":227.8,"zone":"south","cat_conf":"derived","floors":1,"f2f":3.0,"floor_note":"utility structure","roof":"sloped","pitch":18,"roof_note":"light metal roof","wall":"metal_sheet_industrial","height_m":4.0,"name_conf":"derived","entrance_lat":31.773626,"entrance_lng":76.981501,"entrance_dist_m":295.3,"entrance_conf":"derived"},"geometry":{"type":"Polygon","coordinates":[[[76.98147,31.773581],[76.981503,31.773582],[76.981501,31.773626],[76.981467,31.773625],[76.98147,31.773581]]]}},{"type":"Feature","id":"ovt-005dce492009","properties":{"id":"ovt-005dce492009","name":"Unnamed building","named":false,"area_m2":36.2,"cat":"unknown","scope":"context","src":"Overture Maps 2026-08-19.0 (ML footprints, ODbL/CDLA)","conf":"approximate","dist_core_m":496.9,"zone":"context","cat_conf":"derived","floor_note":"no source data; derived default","floors":2,"f2f":3.5,"roof":"flat","pitch":0,"roof_note":"unverified","wall":"plaster_paint_white","height_m":8.0},"geometry":{"type":"Polygon","coordinates":[[[76.983191,31.77333],[76.983193,31.773278],[76.98326,31.773281],[76.983258,31.773332],[76.983191,31.77333]]]}},{"type":"Feature","id":"ovt-c6230878a152","properties":{"id":"ovt-c6230878a152","name":"South Campus building 42","named":false,"area_m2":99.3,"cat":"utility","scope":"campus","src":"Overture Maps 2026-08-19.0 (ML footprints, ODbL/CDLA)","conf":"derived","dist_core_m":312.1,"zone":"south","cat_conf":"derived","floors":1,"f2f":3.0,"floor_note":"utility structure","roof":"sloped","pitch":18,"roof_note":"light metal roof","wall":"metal_sheet_industrial","height_m":4.0,"name_conf":"derived","entrance_lat":31.773481,"entrance_lng":76.983297,"entrance_dist_m":65.4,"entrance_conf":"derived"},"geometry":{"type":"Polygon","coordinates":[[[76.983226,31.773495],[76.983191,31.773369],[76.983263,31.773355],[76.983297,31.773481],[76.983226,31.773495]]]}},{"type":"Feature","id":"ovt-29ee307112e3","properties":{"id":"ovt-29ee307112e3","name":"South Campus building 66","named":false,"area_m2":43.7,"cat":"utility","scope":"campus","src":"Overture Maps 2026-08-19.0 (ML footprints, ODbL/CDLA)","conf":"derived","dist_core_m":281.2,"zone":"south","cat_conf":"derived","floors":1,"f2f":3.0,"floor_note":"utility structure","roof":"sloped","pitch":18,"roof_note":"light metal roof","wall":"metal_sheet_industrial","height_m":4.0,"name_conf":"derived","entrance_lat":31.773347,"entrance_lng":76.98365,"entrance_dist_m":29.7,"entrance_conf":"derived"},"geometry":{"type":"Polygon","coordinates":[[[76.983643,31.773294],[76.98365,31.773347],[76.983573,31.773355],[76.983566,31.773301],[76.983643,31.773294]]]}},{"type":"Feature","id":"ovt-ca1173d839ed","properties":{"id":"ovt-ca1173d839ed","name":"South Campus building 24","named":false,"area_m2":160.8,"cat":"utility","scope":"campus","src":"Overture Maps 2026-08-19.0 (ML footprints, ODbL/CDLA)","conf":"derived","dist_core_m":255.7,"zone":"south","cat_conf":"derived","floors":1,"f2f":3.0,"floor_note":"utility structure","roof":"sloped","pitch":18,"roof_note":"light metal roof","wall":"metal_sheet_industrial","height_m":4.0,"name_conf":"derived","entrance_lat":31.773251,"entrance_lng":76.984756,"entrance_dist_m":50.1,"entrance_conf":"derived"},"geometry":{"type":"Polygon","coordinates":[[[76.984705,31.773349],[76.984574,31.773299],[76.984626,31.773201],[76.984756,31.773251],[76.984705,31.773349]]]}},{"type":"Feature","id":"ovt-abe12977d0f7","properties":{"id":"ovt-abe12977d0f7","name":"South Campus building 36","named":false,"area_m2":107.7,"cat":"utility","scope":"campus","src":"Overture Maps 2026-08-19.0 (ML footprints, ODbL/CDLA)","conf":"derived","dist_core_m":260.4,"zone":"south","cat_conf":"derived","floors":1,"f2f":3.0,"floor_note":"utility structure","roof":"sloped","pitch":18,"roof_note":"light metal roof","wall":"metal_sheet_industrial","height_m":4.0,"name_conf":"derived","entrance_lat":31.773565,"entrance_lng":76.984972,"entrance_dist_m":31.0,"entrance_conf":"derived"},"geometry":{"type":"Polygon","coordinates":[[[76.984833,31.773589],[76.984901,31.773586],[76.9849,31.773568],[76.984972,31.773565],[76.984977,31.773647],[76.984837,31.773653],[76.984833,31.773589]]]}},{"type":"Feature","id":"ovt-159cdcad7e03","properties":{"id":"ovt-159cdcad7e03","name":"Unnamed building","named":false,"area_m2":11.6,"cat":"unknown","scope":"context","src":"Overture Maps 2026-08-19.0 (ML footprints, ODbL/CDLA)","conf":"approximate","dist_core_m":441.1,"zone":"context","cat_conf":"derived","floor_note":"no source data; derived default","floors":2,"f2f":3.5,"roof":"flat","pitch":0,"roof_note":"unverified","wall":"plaster_paint_white","height_m":8.0},"geometry":{"type":"Polygon","coordinates":[[[76.985319,31.773349],[76.98536,31.773353],[76.985356,31.77338],[76.985315,31.773375],[76.985319,31.773349]]]}},{"type":"Feature","id":"ovt-100d32a5b89a","properties":{"id":"ovt-100d32a5b89a","name":"South Campus building 09","named":false,"area_m2":305.8,"cat":"residential","scope":"campus","src":"Overture Maps 2026-08-19.0 (ML footprints, ODbL/CDLA)","conf":"derived","dist_core_m":193.8,"zone":"south","cat_conf":"derived","floors":4,"f2f":3.2,"floor_note":"faculty/staff apartment blocks 4-storey (C-1 faculty block)","roof":"flat","pitch":0,"roof_note":"flat RCC + parapet","wall":"plaster_paint_cream","height_m":13.8,"name_conf":"derived","entrance_lat":31.773809,"entrance_lng":76.9859,"entrance_dist_m":11.4,"entrance_conf":"derived"},"geometry":{"type":"Polygon","coordinates":[[[76.985699,31.773671],[76.9859,31.773809],[76.985816,31.773897],[76.985616,31.77376],[76.985699,31.773671]]]}},{"type":"Feature","id":"ovt-4409547e061b","properties":{"id":"ovt-4409547e061b","name":"South Campus building 81","named":false,"area_m2":21.9,"cat":"utility","scope":"campus","src":"Overture Maps 2026-08-19.0 (ML footprints, ODbL/CDLA)","conf":"derived","dist_core_m":195.5,"zone":"south","cat_conf":"derived","floors":1,"f2f":3.0,"floor_note":"utility structure","roof":"sloped","pitch":18,"roof_note":"light metal roof","wall":"metal_sheet_industrial","height_m":4.0,"name_conf":"derived","entrance_lat":31.773675,"entrance_lng":76.9847,"entrance_dist_m":111.3,"entrance_conf":"derived"},"geometry":{"type":"Polygon","coordinates":[[[76.984621,31.77365],[76.9847,31.773649],[76.9847,31.773675],[76.984621,31.773677],[76.984621,31.77365]]]}},{"type":"Feature","id":"ovt-4b84d79e2df7","properties":{"id":"ovt-4b84d79e2df7","name":"South Campus building 65","named":false,"area_m2":44.3,"cat":"utility","scope":"campus","src":"Overture Maps 2026-08-19.0 (ML footprints, ODbL/CDLA)","conf":"derived","dist_core_m":81.8,"zone":"south","cat_conf":"derived","floors":1,"f2f":3.0,"floor_note":"utility structure","roof":"sloped","pitch":18,"roof_note":"light metal roof","wall":"metal_sheet_industrial","height_m":4.0,"name_conf":"derived","entrance_lat":31.774763,"entrance_lng":76.984509,"entrance_dist_m":111.8,"entrance_conf":"derived"},"geometry":{"type":"Polygon","coordinates":[[[76.984437,31.774661],[76.984472,31.774652],[76.984509,31.774763],[76.984473,31.774771],[76.984437,31.774661]]]}},{"type":"Feature","id":"ovt-9d999c8d549c","properties":{"id":"ovt-9d999c8d549c","name":"South Campus building 67","named":false,"area_m2":39.9,"cat":"utility","scope":"campus","src":"Overture Maps 2026-08-19.0 (ML footprints, ODbL/CDLA)","conf":"derived","dist_core_m":222.2,"zone":"south","cat_conf":"derived","floors":1,"f2f":3.0,"floor_note":"utility structure","roof":"sloped","pitch":18,"roof_note":"light metal roof","wall":"metal_sheet_industrial","height_m":4.0,"name_conf":"derived","entrance_lat":31.774763,"entrance_lng":76.984509,"entrance_dist_m":19.5,"entrance_conf":"derived"},"geometry":{"type":"Polygon","coordinates":[[[76.984472,31.774652],[76.984504,31.774645],[76.984541,31.774755],[76.984509,31.774763],[76.984472,31.774652]]]}},{"type":"Feature","id":"ovt-b44f59b2981e","properties":{"id":"ovt-b44f59b2981e","name":"South Campus building 01","named":false,"area_m2":926.7,"cat":"hostel","scope":"campus","src":"Overture Maps 2026-08-19.0 (ML footprints, ODbL/CDLA)","conf":"derived","dist_core_m":118.9,"zone":"south","cat_conf":"derived","floors":4,"f2f":3.2,"floor_note":"BEASKUND/Gaurikund blocks are 4-storey; South hostel blocks 4-5 storey","roof":"flat","pitch":0,"roof_note":"concrete slab + parapet, some with sloped CGI over terrace","wall":"plaster_paint_cream","height_m":13.8,"name_conf":"derived","entrance_lat":31.774873,"entrance_lng":76.985502,"entrance_dist_m":18.8,"entrance_conf":"derived"},"geometry":{"type":"Polygon","coordinates":[[[76.985529,31.774642],[76.985847,31.774669],[76.985839,31.77474],[76.985907,31.774746],[76.985888,31.774907],[76.985502,31.774873],[76.98551,31.774805],[76.985463,31.774801],[76.985471,31.774735],[76.985518,31.774739],[76.985529,31.774642]]]}},{"type":"Feature","id":"ovt-74d61f4e4075","properties":{"id":"ovt-74d61f4e4075","name":"South Campus building 43","named":false,"area_m2":98.7,"cat":"utility","scope":"campus","src":"Overture Maps 2026-08-19.0 (ML footprints, ODbL/CDLA)","conf":"derived","dist_core_m":97.8,"zone":"south","cat_conf":"derived","floors":1,"f2f":3.0,"floor_note":"utility structure","roof":"sloped","pitch":18,"roof_note":"light metal roof","wall":"metal_sheet_industrial","height_m":4.0,"name_conf":"derived","entrance_lat":31.774664,"entrance_lng":76.985784,"entrance_dist_m":43.6,"entrance_conf":"derived"},"geometry":{"type":"Polygon","coordinates":[[[76.985689,31.774566],[76.985794,31.774575],[76.985784,31.774664],[76.985679,31.774655],[76.985689,31.774566]]]}},{"type":"Feature","id":"ovt-f60f43e03eb5","properties":{"id":"ovt-f60f43e03eb5","name":"South Campus building 05","named":false,"area_m2":456.2,"cat":"residential","scope":"campus","src":"Overture Maps 2026-08-19.0 (ML footprints, ODbL/CDLA)","conf":"derived","dist_core_m":154.8,"zone":"south","cat_conf":"derived","floors":4,"f2f":3.2,"floor_note":"faculty/staff apartment blocks 4-storey (C-1 faculty block)","roof":"flat","pitch":0,"roof_note":"flat RCC + parapet","wall":"plaster_paint_cream","height_m":13.8,"name_conf":"derived","entrance_lat":31.77414,"entrance_lng":76.986097,"entrance_dist_m":14.3,"entrance_conf":"derived"},"geometry":{"type":"Polygon","coordinates":[[[76.985916,31.774109],[76.986097,31.77414],[76.986043,31.774372],[76.985863,31.774342],[76.985916,31.774109]]]}},{"type":"Feature","id":"ovt-c8eb8472a76e","properties":{"id":"ovt-c8eb8472a76e","name":"South Campus building 80","named":false,"area_m2":22.6,"cat":"utility","scope":"campus","src":"Overture Maps 2026-08-19.0 (ML footprints, ODbL/CDLA)","conf":"derived","dist_core_m":235.3,"zone":"south","cat_conf":"derived","floors":1,"f2f":3.0,"floor_note":"utility structure","roof":"sloped","pitch":18,"roof_note":"light metal roof","wall":"metal_sheet_industrial","height_m":4.0,"name_conf":"derived","entrance_lat":31.774426,"entrance_lng":76.985946,"entrance_dist_m":130.4,"entrance_conf":"derived"},"geometry":{"type":"Polygon","coordinates":[[[76.985973,31.774416],[76.986008,31.774484],[76.985982,31.774494],[76.985946,31.774426],[76.985973,31.774416]]]}},{"type":"Feature","id":"ovt-5da39e6a0139","properties":{"id":"ovt-5da39e6a0139","name":"South Campus building 61","named":false,"area_m2":55.6,"cat":"utility","scope":"campus","src":"Overture Maps 2026-08-19.0 (ML footprints, ODbL/CDLA)","conf":"derived","dist_core_m":200.9,"zone":"south","cat_conf":"derived","floors":1,"f2f":3.0,"floor_note":"utility structure","roof":"sloped","pitch":18,"roof_note":"light metal roof","wall":"metal_sheet_industrial","height_m":4.0,"name_conf":"derived","entrance_lat":31.774397,"entrance_lng":76.986134,"entrance_dist_m":82.3,"entrance_conf":"derived"},"geometry":{"type":"Polygon","coordinates":[[[76.986188,31.774488],[76.986127,31.774484],[76.986134,31.774397],[76.986194,31.7744],[76.986188,31.774488]]]}},{"type":"Feature","id":"ovt-0df0c6b9ab2b","properties":{"id":"ovt-0df0c6b9ab2b","name":"South Campus building 23","named":false,"area_m2":162.4,"cat":"utility","scope":"campus","src":"Overture Maps 2026-08-19.0 (ML footprints, ODbL/CDLA)","conf":"derived","dist_core_m":118.0,"zone":"south","cat_conf":"derived","floors":1,"f2f":3.0,"floor_note":"utility structure","roof":"sloped","pitch":18,"roof_note":"light metal roof","wall":"metal_sheet_industrial","height_m":4.0,"name_conf":"derived","entrance_lat":31.7745,"entrance_lng":76.985967,"entrance_dist_m":38.1,"entrance_conf":"derived"},"geometry":{"type":"Polygon","coordinates":[[[76.985967,31.7745],[76.986037,31.774634],[76.98594,31.774671],[76.985871,31.774536],[76.985967,31.7745]]]}},{"type":"Feature","id":"ovt-b2a18bccfb01","properties":{"id":"ovt-b2a18bccfb01","name":"Unnamed building","named":false,"area_m2":16.5,"cat":"unknown","scope":"context","src":"Overture Maps 2026-08-19.0 (ML footprints, ODbL/CDLA)","conf":"approximate","dist_core_m":788.8,"zone":"context","cat_conf":"derived","floor_note":"no source data; derived default","floors":2,"f2f":3.5,"roof":"flat","pitch":0,"roof_note":"unverified","wall":"plaster_paint_white","height_m":8.0},"geometry":{"type":"Polygon","coordinates":[[[76.986541,31.774516],[76.986532,31.774474],[76.986569,31.774469],[76.986577,31.774511],[76.986541,31.774516]]]}},{"type":"Feature","id":"ovt-8c1a82797230","properties":{"id":"ovt-8c1a82797230","name":"South Campus building 07","named":false,"area_m2":320.3,"cat":"residential","scope":"campus","src":"Overture Maps 2026-08-19.0 (ML footprints, ODbL/CDLA)","conf":"derived","dist_core_m":184.3,"zone":"south","cat_conf":"derived","floors":4,"f2f":3.2,"floor_note":"faculty/staff apartment blocks 4-storey (C-1 faculty block)","roof":"flat","pitch":0,"roof_note":"flat RCC + parapet","wall":"plaster_paint_cream","height_m":13.8,"name_conf":"derived","entrance_lat":31.77386,"entrance_lng":76.985981,"entrance_dist_m":4.8,"entrance_conf":"derived"},"geometry":{"type":"Polygon","coordinates":[[[76.985981,31.77386],[76.986055,31.774049],[76.985913,31.774089],[76.985852,31.773934],[76.98583,31.773941],[76.985817,31.773907],[76.985981,31.77386]]]}},{"type":"Feature","id":"ovt-92ff22afc0cd","properties":{"id":"ovt-92ff22afc0cd","name":"South Campus building 52","named":false,"area_m2":74.3,"cat":"utility","scope":"campus","src":"Overture Maps 2026-08-19.0 (ML footprints, ODbL/CDLA)","conf":"derived","dist_core_m":304.4,"zone":"south","cat_conf":"derived","floors":1,"f2f":3.0,"floor_note":"utility structure","roof":"sloped","pitch":18,"roof_note":"light metal roof","wall":"metal_sheet_industrial","height_m":4.0,"name_conf":"derived","entrance_lat":31.772951,"entrance_lng":76.985368,"entrance_dist_m":9.7,"entrance_conf":"derived"},"geometry":{"type":"Polygon","coordinates":[[[76.985318,31.773006],[76.985237,31.772953],[76.985287,31.772898],[76.985368,31.772951],[76.985318,31.773006]]]}},{"type":"Feature","id":"ovt-97f759683b1f","properties":{"id":"ovt-97f759683b1f","name":"South Campus building 69","named":false,"area_m2":37.2,"cat":"utility","scope":"campus","src":"Overture Maps 2026-08-19.0 (ML footprints, ODbL/CDLA)","conf":"derived","dist_core_m":343.9,"zone":"south","cat_conf":"derived","floors":1,"f2f":3.0,"floor_note":"utility structure","roof":"sloped","pitch":18,"roof_note":"light metal roof","wall":"metal_sheet_industrial","height_m":4.0,"name_conf":"derived","entrance_lat":31.77304,"entrance_lng":76.984808,"entrance_dist_m":31.2,"entrance_conf":"derived"},"geometry":{"type":"Polygon","coordinates":[[[76.984803,31.773109],[76.984752,31.773107],[76.984757,31.773037],[76.984808,31.77304],[76.984803,31.773109]]]}},{"type":"Feature","id":"ovt-240f958c9caa","properties":{"id":"ovt-240f958c9caa","name":"Unnamed building","named":false,"area_m2":39.1,"cat":"unknown","scope":"context","src":"Overture Maps 2026-08-19.0 (ML footprints, ODbL/CDLA)","conf":"approximate","dist_core_m":504.7,"zone":"context","cat_conf":"derived","floor_note":"no source data; derived default","floors":2,"f2f":3.5,"roof":"flat","pitch":0,"roof_note":"unverified","wall":"plaster_paint_white","height_m":8.0},"geometry":{"type":"Polygon","coordinates":[[[76.98432,31.772819],[76.984317,31.772737],[76.984363,31.772736],[76.984365,31.772818],[76.98432,31.772819]]]}},{"type":"Feature","id":"ovt-fbaf0c4f395f","properties":{"id":"ovt-fbaf0c4f395f","name":"South Campus building 64","named":false,"area_m2":44.5,"cat":"utility","scope":"campus","src":"Overture Maps 2026-08-19.0 (ML footprints, ODbL/CDLA)","conf":"derived","dist_core_m":356.8,"zone":"south","cat_conf":"derived","floors":1,"f2f":3.0,"floor_note":"utility structure","roof":"sloped","pitch":18,"roof_note":"light metal roof","wall":"metal_sheet_industrial","height_m":4.0,"name_conf":"derived","entrance_lat":31.772826,"entrance_lng":76.98539,"entrance_dist_m":46.4,"entrance_conf":"derived"},"geometry":{"type":"Polygon","coordinates":[[[76.985406,31.772756],[76.985465,31.772766],[76.985449,31.772835],[76.98539,31.772826],[76.985406,31.772756]]]}},{"type":"Feature","id":"ovt-11e93e566f07","properties":{"id":"ovt-11e93e566f07","name":"Unnamed building","named":false,"area_m2":37.1,"cat":"unknown","scope":"context","src":"Overture Maps 2026-08-19.0 (ML footprints, ODbL/CDLA)","conf":"approximate","dist_core_m":508.6,"zone":"context","cat_conf":"derived","floor_note":"no source data; derived default","floors":2,"f2f":3.5,"roof":"flat","pitch":0,"roof_note":"unverified","wall":"plaster_paint_white","height_m":8.0},"geometry":{"type":"Polygon","coordinates":[[[76.984571,31.772355],[76.98448,31.772423],[76.984457,31.772401],[76.984549,31.772333],[76.984571,31.772355]]]}},{"type":"Feature","id":"ovt-a92235eae726","properties":{"id":"ovt-a92235eae726","name":"Unnamed building","named":false,"area_m2":82.1,"cat":"unknown","scope":"context","src":"Overture Maps 2026-08-19.0 (ML footprints, ODbL/CDLA)","conf":"approximate","dist_core_m":448.7,"zone":"context","cat_conf":"derived","floor_note":"no source data; derived default","floors":2,"f2f":3.5,"roof":"flat","pitch":0,"roof_note":"unverified","wall":"plaster_paint_white","height_m":8.0},"geometry":{"type":"Polygon","coordinates":[[[76.985006,31.772104],[76.985044,31.772177],[76.984953,31.77221],[76.984916,31.772137],[76.985006,31.772104]]]}},{"type":"Feature","id":"ovt-c9ea17dbee70","properties":{"id":"ovt-c9ea17dbee70","name":"Unnamed building","named":false,"area_m2":171.9,"cat":"unknown","scope":"context","src":"Overture Maps 2026-08-19.0 (ML footprints, ODbL/CDLA)","conf":"approximate","dist_core_m":451.1,"zone":"context","cat_conf":"derived","floor_note":"no source data; derived default","floors":2,"f2f":3.5,"roof":"flat","pitch":0,"roof_note":"unverified","wall":"plaster_paint_white","height_m":8.0},"geometry":{"type":"Polygon","coordinates":[[[76.984827,31.771998],[76.984936,31.771953],[76.984988,31.772043],[76.985009,31.772035],[76.98503,31.772071],[76.984938,31.77211],[76.984917,31.772073],[76.984879,31.772089],[76.984827,31.771998]]]}},{"type":"Feature","id":"ovt-481336923070","properties":{"id":"ovt-481336923070","name":"Unnamed building","named":false,"area_m2":176.1,"cat":"unknown","scope":"context","src":"Overture Maps 2026-08-19.0 (ML footprints, ODbL/CDLA)","conf":"approximate","dist_core_m":435.4,"zone":"context","cat_conf":"derived","floor_note":"no source data; derived default","floors":2,"f2f":3.5,"roof":"flat","pitch":0,"roof_note":"unverified","wall":"plaster_paint_white","height_m":8.0},"geometry":{"type":"Polygon","coordinates":[[[76.984568,31.772025],[76.984516,31.771997],[76.984499,31.77202],[76.9844,31.771966],[76.984473,31.771869],[76.984582,31.771927],[76.984554,31.771965],[76.984596,31.771987],[76.984568,31.772025]]]}},{"type":"Feature","id":"ovt-4cb147461439","properties":{"id":"ovt-4cb147461439","name":"Unnamed building","named":false,"area_m2":104.4,"cat":"unknown","scope":"context","src":"Overture Maps 2026-08-19.0 (ML footprints, ODbL/CDLA)","conf":"approximate","dist_core_m":473.9,"zone":"context","cat_conf":"derived","floor_note":"no source data; derived default","floors":2,"f2f":3.5,"roof":"flat","pitch":0,"roof_note":"unverified","wall":"plaster_paint_white","height_m":8.0},"geometry":{"type":"Polygon","coordinates":[[[76.984239,31.771696],[76.984408,31.771841],[76.984373,31.77187],[76.984204,31.771725],[76.984239,31.771696]]]}},{"type":"Feature","id":"ovt-3628d10490c0","properties":{"id":"ovt-3628d10490c0","name":"Unnamed building","named":false,"area_m2":41.2,"cat":"unknown","scope":"context","src":"Overture Maps 2026-08-19.0 (ML footprints, ODbL/CDLA)","conf":"approximate","dist_core_m":602.1,"zone":"context","cat_conf":"derived","floor_note":"no source data; derived default","floors":2,"f2f":3.5,"roof":"flat","pitch":0,"roof_note":"unverified","wall":"plaster_paint_white","height_m":8.0},"geometry":{"type":"Polygon","coordinates":[[[76.986939,31.770285],[76.987009,31.770297],[76.986996,31.770351],[76.986926,31.770339],[76.986939,31.770285]]]}},{"type":"Feature","id":"ovt-cc6e631b705e","properties":{"id":"ovt-cc6e631b705e","name":"Unnamed building","named":false,"area_m2":101.8,"cat":"unknown","scope":"context","src":"Overture Maps 2026-08-19.0 (ML footprints, ODbL/CDLA)","conf":"approximate","dist_core_m":593.8,"zone":"context","cat_conf":"derived","floor_note":"no source data; derived default","floors":2,"f2f":3.5,"roof":"flat","pitch":0,"roof_note":"unverified","wall":"plaster_paint_white","height_m":8.0},"geometry":{"type":"Polygon","coordinates":[[[76.987195,31.770071],[76.987197,31.770102],[76.987244,31.7701],[76.987246,31.770135],[76.987219,31.770136],[76.987223,31.770199],[76.98715,31.770202],[76.987142,31.770074],[76.987195,31.770071]]]}},{"type":"Feature","id":"ovt-8ef9aa721ed8","properties":{"id":"ovt-8ef9aa721ed8","name":"Unnamed building","named":false,"area_m2":40.3,"cat":"unknown","scope":"context","src":"Overture Maps 2026-08-19.0 (ML footprints, ODbL/CDLA)","conf":"approximate","dist_core_m":629.0,"zone":"context","cat_conf":"derived","floor_note":"no source data; derived default","floors":2,"f2f":3.5,"roof":"flat","pitch":0,"roof_note":"unverified","wall":"plaster_paint_white","height_m":8.0},"geometry":{"type":"Polygon","coordinates":[[[76.987121,31.770052],[76.987141,31.770151],[76.987103,31.770156],[76.987083,31.770058],[76.987121,31.770052]]]}},{"type":"Feature","id":"ovt-69424f38bc20","properties":{"id":"ovt-69424f38bc20","name":"Unnamed building","named":false,"area_m2":67.9,"cat":"unknown","scope":"context","src":"Overture Maps 2026-08-19.0 (ML footprints, ODbL/CDLA)","conf":"approximate","dist_core_m":602.0,"zone":"context","cat_conf":"derived","floor_note":"no source data; derived default","floors":2,"f2f":3.5,"roof":"flat","pitch":0,"roof_note":"unverified","wall":"plaster_paint_white","height_m":8.0},"geometry":{"type":"Polygon","coordinates":[[[76.986846,31.77019],[76.986941,31.770254],[76.986902,31.770296],[76.986807,31.770232],[76.986846,31.77019]]]}},{"type":"Feature","id":"ovt-272c370edb6d","properties":{"id":"ovt-272c370edb6d","name":"Unnamed building","named":false,"area_m2":682.7,"cat":"unknown","scope":"context","src":"Overture Maps 2026-08-19.0 (ML footprints, ODbL/CDLA)","conf":"approximate","dist_core_m":481.9,"zone":"context","cat_conf":"derived","floor_note":"no source data; derived default","floors":2,"f2f":3.5,"roof":"flat","pitch":0,"roof_note":"unverified","wall":"plaster_paint_white","height_m":8.0},"geometry":{"type":"Polygon","coordinates":[[[76.984613,31.771376],[76.984644,31.7715],[76.984574,31.771513],[76.984589,31.771571],[76.98468,31.771555],[76.98471,31.771674],[76.984564,31.771701],[76.984558,31.771677],[76.984473,31.771693],[76.98444,31.77156],[76.984414,31.771565],[76.984386,31.771451],[76.98442,31.771445],[76.984412,31.771413],[76.984613,31.771376]]]}},{"type":"Feature","id":"ovt-77e0d8469a47","properties":{"id":"ovt-77e0d8469a47","name":"Unnamed building","named":false,"area_m2":77.7,"cat":"unknown","scope":"context","src":"Overture Maps 2026-08-19.0 (ML footprints, ODbL/CDLA)","conf":"approximate","dist_core_m":423.6,"zone":"context","cat_conf":"derived","floor_note":"no source data; derived default","floors":2,"f2f":3.5,"roof":"flat","pitch":0,"roof_note":"unverified","wall":"plaster_paint_white","height_m":8.0},"geometry":{"type":"Polygon","coordinates":[[[76.983968,31.771496],[76.984012,31.771473],[76.9841,31.771597],[76.984057,31.77162],[76.983968,31.771496]]]}},{"type":"Feature","id":"ovt-bc91a802816a","properties":{"id":"ovt-bc91a802816a","name":"Unnamed building","named":false,"area_m2":686.4,"cat":"unknown","scope":"context","src":"Overture Maps 2026-08-19.0 (ML footprints, ODbL/CDLA)","conf":"approximate","dist_core_m":516.9,"zone":"context","cat_conf":"derived","floor_note":"no source data; derived default","floors":2,"f2f":3.5,"roof":"flat","pitch":0,"roof_note":"unverified","wall":"plaster_paint_white","height_m":8.0},"geometry":{"type":"Polygon","coordinates":[[[76.984249,31.771189],[76.984308,31.771312],[76.984278,31.771323],[76.984287,31.771342],[76.984318,31.771331],[76.984374,31.771446],[76.984164,31.771521],[76.984038,31.771262],[76.984014,31.771271],[76.984002,31.771247],[76.984101,31.771211],[76.984114,31.771237],[76.984249,31.771189]]]}},{"type":"Feature","id":"ovt-451cbbe15e70","properties":{"id":"ovt-451cbbe15e70","name":"Unnamed building","named":false,"area_m2":26.9,"cat":"unknown","scope":"context","src":"Overture Maps 2026-08-19.0 (ML footprints, ODbL/CDLA)","conf":"approximate","dist_core_m":568.3,"zone":"context","cat_conf":"derived","floor_note":"no source data; derived default","floors":2,"f2f":3.5,"roof":"flat","pitch":0,"roof_note":"unverified","wall":"plaster_paint_white","height_m":8.0},"geometry":{"type":"Polygon","coordinates":[[[76.983947,31.771363],[76.983969,31.771411],[76.983923,31.771427],[76.983901,31.771378],[76.983947,31.771363]]]}},{"type":"Feature","id":"ovt-e805f0af71cb","properties":{"id":"ovt-e805f0af71cb","name":"Unnamed building","named":false,"area_m2":46.2,"cat":"unknown","scope":"context","src":"Overture Maps 2026-08-19.0 (ML footprints, ODbL/CDLA)","conf":"approximate","dist_core_m":527.5,"zone":"context","cat_conf":"derived","floor_note":"no source data; derived default","floors":2,"f2f":3.5,"roof":"flat","pitch":0,"roof_note":"unverified","wall":"plaster_paint_white","height_m":8.0},"geometry":{"type":"Polygon","coordinates":[[[76.983628,31.77159],[76.983582,31.771544],[76.983639,31.771504],[76.983684,31.77155],[76.983628,31.77159]]]}},{"type":"Feature","id":"ovt-d73547a5d6a4","properties":{"id":"ovt-d73547a5d6a4","name":"Unnamed building","named":false,"area_m2":96.0,"cat":"unknown","scope":"context","src":"Overture Maps 2026-08-19.0 (ML footprints, ODbL/CDLA)","conf":"approximate","dist_core_m":555.6,"zone":"context","cat_conf":"derived","floor_note":"no source data; derived default","floors":2,"f2f":3.5,"roof":"flat","pitch":0,"roof_note":"unverified","wall":"plaster_paint_white","height_m":8.0},"geometry":{"type":"Polygon","coordinates":[[[76.983529,31.771655],[76.983467,31.771526],[76.983528,31.771505],[76.98359,31.771634],[76.983529,31.771655]]]}},{"type":"Feature","id":"ovt-65dc2de9c180","properties":{"id":"ovt-65dc2de9c180","name":"Unnamed building","named":false,"area_m2":49.2,"cat":"unknown","scope":"context","src":"Overture Maps 2026-08-19.0 (ML footprints, ODbL/CDLA)","conf":"approximate","dist_core_m":665.0,"zone":"context","cat_conf":"derived","floor_note":"no source data; derived default","floors":2,"f2f":3.5,"roof":"flat","pitch":0,"roof_note":"unverified","wall":"plaster_paint_white","height_m":8.0},"geometry":{"type":"Polygon","coordinates":[[[76.982922,31.771369],[76.982987,31.771344],[76.983019,31.771405],[76.982955,31.771429],[76.982922,31.771369]]]}},{"type":"Feature","id":"ovt-f991e96613b7","properties":{"id":"ovt-f991e96613b7","name":"Unnamed building","named":false,"area_m2":346.2,"cat":"unknown","scope":"context","src":"Overture Maps 2026-08-19.0 (ML footprints, ODbL/CDLA)","conf":"approximate","dist_core_m":576.6,"zone":"context","cat_conf":"derived","floor_note":"no source data; derived default","floors":2,"f2f":3.5,"roof":"flat","pitch":0,"roof_note":"unverified","wall":"plaster_paint_white","height_m":8.0},"geometry":{"type":"Polygon","coordinates":[[[76.983411,31.77123],[76.983609,31.771426],[76.983563,31.77146],[76.983527,31.771424],[76.983465,31.77147],[76.983303,31.77131],[76.983411,31.77123]]]}},{"type":"Feature","id":"ovt-a6840197bbf9","properties":{"id":"ovt-a6840197bbf9","name":"Unnamed building","named":false,"area_m2":47.0,"cat":"unknown","scope":"context","src":"Overture Maps 2026-08-19.0 (ML footprints, ODbL/CDLA)","conf":"approximate","dist_core_m":732.2,"zone":"context","cat_conf":"derived","floor_note":"no source data; derived default","floors":2,"f2f":3.5,"roof":"flat","pitch":0,"roof_note":"unverified","wall":"plaster_paint_white","height_m":8.0},"geometry":{"type":"Polygon","coordinates":[[[76.983358,31.771215],[76.983389,31.771244],[76.983302,31.771309],[76.983272,31.77128],[76.983358,31.771215]]]}},{"type":"Feature","id":"ovt-a4ed1fc4bbd3","properties":{"id":"ovt-a4ed1fc4bbd3","name":"Unnamed building","named":false,"area_m2":620.5,"cat":"unknown","scope":"context","src":"Overture Maps 2026-08-19.0 (ML footprints, ODbL/CDLA)","conf":"approximate","dist_core_m":601.5,"zone":"context","cat_conf":"derived","floor_note":"no source data; derived default","floors":2,"f2f":3.5,"roof":"flat","pitch":0,"roof_note":"unverified","wall":"plaster_paint_white","height_m":8.0},"geometry":{"type":"Polygon","coordinates":[[[76.982801,31.770983],[76.98294,31.770945],[76.983036,31.771202],[76.983053,31.771197],[76.983112,31.771356],[76.983059,31.77137],[76.983035,31.771305],[76.982931,31.771333],[76.982801,31.770983]]]}},{"type":"Feature","id":"ovt-28eef5ec9070","properties":{"id":"ovt-28eef5ec9070","name":"Unnamed building","named":false,"area_m2":442.5,"cat":"unknown","scope":"context","src":"Overture Maps 2026-08-19.0 (ML footprints, ODbL/CDLA)","conf":"approximate","dist_core_m":590.8,"zone":"context","cat_conf":"derived","floor_note":"no source data; derived default","floors":2,"f2f":3.5,"roof":"flat","pitch":0,"roof_note":"unverified","wall":"plaster_paint_white","height_m":8.0},"geometry":{"type":"Polygon","coordinates":[[[76.983223,31.770922],[76.983324,31.771168],[76.983171,31.771214],[76.98307,31.770968],[76.983223,31.770922]]]}},{"type":"Feature","id":"ovt-a0f5becfb245","properties":{"id":"ovt-a0f5becfb245","name":"Unnamed building","named":false,"area_m2":798.5,"cat":"unknown","scope":"context","src":"Overture Maps 2026-08-19.0 (ML footprints, ODbL/CDLA)","conf":"approximate","dist_core_m":560.2,"zone":"context","cat_conf":"derived","floor_note":"no source data; derived default","floors":2,"f2f":3.5,"roof":"flat","pitch":0,"roof_note":"unverified","wall":"plaster_paint_white","height_m":8.0},"geometry":{"type":"Polygon","coordinates":[[[76.984062,31.770803],[76.984278,31.771059],[76.984082,31.77118],[76.983866,31.770923],[76.984062,31.770803]]]}},{"type":"Feature","id":"ovt-05f1d7eac56d","properties":{"id":"ovt-05f1d7eac56d","name":"Unnamed building","named":false,"area_m2":244.4,"cat":"unknown","scope":"context","src":"Overture Maps 2026-08-19.0 (ML footprints, ODbL/CDLA)","conf":"approximate","dist_core_m":631.9,"zone":"context","cat_conf":"derived","floor_note":"no source data; derived default","floors":2,"f2f":3.5,"roof":"flat","pitch":0,"roof_note":"unverified","wall":"plaster_paint_white","height_m":8.0},"geometry":{"type":"Polygon","coordinates":[[[76.983752,31.770653],[76.983826,31.770866],[76.983784,31.770876],[76.983796,31.77091],[76.983745,31.770923],[76.983659,31.770677],[76.983752,31.770653]]]}},{"type":"Feature","id":"ovt-2213b0fdacf6","properties":{"id":"ovt-2213b0fdacf6","name":"Unnamed building","named":false,"area_m2":296.5,"cat":"unknown","scope":"context","src":"Overture Maps 2026-08-19.0 (ML footprints, ODbL/CDLA)","conf":"approximate","dist_core_m":655.8,"zone":"context","cat_conf":"derived","floor_note":"no source data; derived default","floors":2,"f2f":3.5,"roof":"flat","pitch":0,"roof_note":"unverified","wall":"plaster_paint_white","height_m":8.0},"geometry":{"type":"Polygon","coordinates":[[[76.983622,31.770289],[76.983668,31.770414],[76.983647,31.77042],[76.983662,31.77046],[76.983521,31.770497],[76.983461,31.770332],[76.983622,31.770289]]]}},{"type":"Feature","id":"ovt-5b117bfc1500","properties":{"id":"ovt-5b117bfc1500","name":"Unnamed building","named":false,"area_m2":258.1,"cat":"unknown","scope":"context","src":"Overture Maps 2026-08-19.0 (ML footprints, ODbL/CDLA)","conf":"approximate","dist_core_m":634.9,"zone":"context","cat_conf":"derived","floor_note":"no source data; derived default","floors":2,"f2f":3.5,"roof":"flat","pitch":0,"roof_note":"unverified","wall":"plaster_paint_white","height_m":8.0},"geometry":{"type":"Polygon","coordinates":[[[76.983348,31.770296],[76.983445,31.770478],[76.983333,31.770522],[76.983236,31.770339],[76.983348,31.770296]]]}},{"type":"Feature","id":"ovt-731fe627b5db","properties":{"id":"ovt-731fe627b5db","name":"Unnamed building","named":false,"area_m2":37.8,"cat":"unknown","scope":"context","src":"Overture Maps 2026-08-19.0 (ML footprints, ODbL/CDLA)","conf":"approximate","dist_core_m":666.8,"zone":"context","cat_conf":"derived","floor_note":"no source data; derived default","floors":2,"f2f":3.5,"roof":"flat","pitch":0,"roof_note":"unverified","wall":"plaster_paint_white","height_m":8.0},"geometry":{"type":"Polygon","coordinates":[[[76.983199,31.770311],[76.983234,31.770378],[76.983189,31.770395],[76.983154,31.770328],[76.983199,31.770311]]]}},{"type":"Feature","id":"ovt-569e581d93b2","properties":{"id":"ovt-569e581d93b2","name":"Unnamed building","named":false,"area_m2":321.6,"cat":"unknown","scope":"context","src":"Overture Maps 2026-08-19.0 (ML footprints, ODbL/CDLA)","conf":"approximate","dist_core_m":658.0,"zone":"context","cat_conf":"derived","floor_note":"no source data; derived default","floors":2,"f2f":3.5,"roof":"flat","pitch":0,"roof_note":"unverified","wall":"plaster_paint_white","height_m":8.0},"geometry":{"type":"Polygon","coordinates":[[[76.983071,31.770428],[76.983131,31.770585],[76.982954,31.770634],[76.982894,31.770477],[76.983071,31.770428]]]}},{"type":"Feature","id":"ovt-472b90874126","properties":{"id":"ovt-472b90874126","name":"Unnamed building","named":false,"area_m2":104.4,"cat":"unknown","scope":"context","src":"Overture Maps 2026-08-19.0 (ML footprints, ODbL/CDLA)","conf":"approximate","dist_core_m":556.1,"zone":"context","cat_conf":"derived","floor_note":"no source data; derived default","floors":2,"f2f":3.5,"roof":"flat","pitch":0,"roof_note":"unverified","wall":"plaster_paint_white","height_m":8.0},"geometry":{"type":"Polygon","coordinates":[[[76.982648,31.770776],[76.982688,31.770754],[76.982823,31.770927],[76.982783,31.77095],[76.982648,31.770776]]]}},{"type":"Feature","id":"ovt-43ac1976928b","properties":{"id":"ovt-43ac1976928b","name":"Unnamed building","named":false,"area_m2":45.3,"cat":"unknown","scope":"context","src":"Overture Maps 2026-08-19.0 (ML footprints, ODbL/CDLA)","conf":"approximate","dist_core_m":787.7,"zone":"context","cat_conf":"derived","floor_note":"no source data; derived default","floors":2,"f2f":3.5,"roof":"flat","pitch":0,"roof_note":"unverified","wall":"plaster_paint_white","height_m":8.0},"geometry":{"type":"Polygon","coordinates":[[[76.982215,31.770645],[76.98228,31.770709],[76.982241,31.770737],[76.982176,31.770674],[76.982215,31.770645]]]}},{"type":"Feature","id":"ovt-37aa9e36c9a1","properties":{"id":"ovt-37aa9e36c9a1","name":"Unnamed building","named":false,"area_m2":38.0,"cat":"unknown","scope":"context","src":"Overture Maps 2026-08-19.0 (ML footprints, ODbL/CDLA)","conf":"approximate","dist_core_m":740.0,"zone":"context","cat_conf":"derived","floor_note":"no source data; derived default","floors":2,"f2f":3.5,"roof":"flat","pitch":0,"roof_note":"unverified","wall":"plaster_paint_white","height_m":8.0},"geometry":{"type":"Polygon","coordinates":[[[76.982152,31.770514],[76.982172,31.770559],[76.982101,31.770582],[76.982081,31.770538],[76.982152,31.770514]]]}},{"type":"Feature","id":"ovt-820f9cf39cb9","properties":{"id":"ovt-820f9cf39cb9","name":"Unnamed building","named":false,"area_m2":226.1,"cat":"unknown","scope":"context","src":"Overture Maps 2026-08-19.0 (ML footprints, ODbL/CDLA)","conf":"approximate","dist_core_m":736.2,"zone":"context","cat_conf":"derived","floor_note":"no source data; derived default","floors":2,"f2f":3.5,"roof":"flat","pitch":0,"roof_note":"unverified","wall":"plaster_paint_white","height_m":8.0},"geometry":{"type":"Polygon","coordinates":[[[76.98201,31.770395],[76.98207,31.77037],[76.982107,31.770434],[76.982152,31.770415],[76.982267,31.770615],[76.982221,31.770634],[76.98215,31.770509],[76.98209,31.770534],[76.98201,31.770395]]]}},{"type":"Feature","id":"ovt-cea621efd66b","properties":{"id":"ovt-cea621efd66b","name":"South Campus building 82","named":false,"area_m2":20.5,"cat":"utility","scope":"campus","src":"Overture Maps 2026-08-19.0 (ML footprints, ODbL/CDLA)","conf":"derived","dist_core_m":388.4,"zone":"south","cat_conf":"derived","floors":1,"f2f":3.0,"floor_note":"utility structure","roof":"sloped","pitch":18,"roof_note":"light metal roof","wall":"metal_sheet_industrial","height_m":4.0,"name_conf":"derived","entrance_lat":31.770394,"entrance_lng":76.982457,"entrance_dist_m":410.5,"entrance_conf":"derived"},"geometry":{"type":"Polygon","coordinates":[[[76.98242,31.770345],[76.982466,31.770353],[76.982457,31.770394],[76.982411,31.770386],[76.98242,31.770345]]]}},{"type":"Feature","id":"ovt-9775f192b14b","properties":{"id":"ovt-9775f192b14b","name":"Unnamed building","named":false,"area_m2":265.8,"cat":"unknown","scope":"context","src":"Overture Maps 2026-08-19.0 (ML footprints, ODbL/CDLA)","conf":"approximate","dist_core_m":717.4,"zone":"context","cat_conf":"derived","floor_note":"no source data; derived default","floors":2,"f2f":3.5,"roof":"flat","pitch":0,"roof_note":"unverified","wall":"plaster_paint_white","height_m":8.0},"geometry":{"type":"Polygon","coordinates":[[[76.982766,31.770242],[76.98291,31.770326],[76.982842,31.77041],[76.982612,31.770275],[76.982661,31.770215],[76.982748,31.770266],[76.982766,31.770242]]]}},{"type":"Feature","id":"ovt-bed470199cb2","properties":{"id":"ovt-bed470199cb2","name":"Unnamed building","named":false,"area_m2":143.9,"cat":"unknown","scope":"context","src":"Overture Maps 2026-08-19.0 (ML footprints, ODbL/CDLA)","conf":"approximate","dist_core_m":732.1,"zone":"context","cat_conf":"derived","floor_note":"no source data; derived default","floors":2,"f2f":3.5,"roof":"flat","pitch":0,"roof_note":"unverified","wall":"plaster_paint_white","height_m":8.0},"geometry":{"type":"Polygon","coordinates":[[[76.982482,31.770034],[76.982599,31.770086],[76.982521,31.770213],[76.982477,31.770193],[76.982503,31.770151],[76.982463,31.770133],[76.982481,31.770105],[76.982448,31.77009],[76.982482,31.770034]]]}},{"type":"Feature","id":"ovt-52848540f2dc","properties":{"id":"ovt-52848540f2dc","name":"Unnamed building","named":false,"area_m2":160.1,"cat":"unknown","scope":"context","src":"Overture Maps 2026-08-19.0 (ML footprints, ODbL/CDLA)","conf":"approximate","dist_core_m":712.8,"zone":"context","cat_conf":"derived","floor_note":"no source data; derived default","floors":2,"f2f":3.5,"roof":"flat","pitch":0,"roof_note":"unverified","wall":"plaster_paint_white","height_m":8.0},"geometry":{"type":"Polygon","coordinates":[[[76.981876,31.770346],[76.981996,31.770531],[76.981919,31.770568],[76.981892,31.770526],[76.98191,31.770518],[76.981817,31.770374],[76.981876,31.770346]]]}},{"type":"Feature","id":"ovt-203df14fcd4f","properties":{"id":"ovt-203df14fcd4f","name":"Unnamed building","named":false,"area_m2":110.4,"cat":"unknown","scope":"context","src":"Overture Maps 2026-08-19.0 (ML footprints, ODbL/CDLA)","conf":"approximate","dist_core_m":749.6,"zone":"context","cat_conf":"derived","floor_note":"no source data; derived default","floors":2,"f2f":3.5,"roof":"flat","pitch":0,"roof_note":"unverified","wall":"plaster_paint_white","height_m":8.0},"geometry":{"type":"Polygon","coordinates":[[[76.98199,31.770186],[76.98207,31.770326],[76.98201,31.770352],[76.981929,31.770211],[76.98199,31.770186]]]}},{"type":"Feature","id":"ovt-2786960c4f1d","properties":{"id":"ovt-2786960c4f1d","name":"Unnamed building","named":false,"area_m2":41.0,"cat":"unknown","scope":"context","src":"Overture Maps 2026-08-19.0 (ML footprints, ODbL/CDLA)","conf":"approximate","dist_core_m":720.9,"zone":"context","cat_conf":"derived","floor_note":"no source data; derived default","floors":2,"f2f":3.5,"roof":"flat","pitch":0,"roof_note":"unverified","wall":"plaster_paint_white","height_m":8.0},"geometry":{"type":"Polygon","coordinates":[[[76.98196,31.770134],[76.98199,31.770186],[76.981929,31.770211],[76.981899,31.770159],[76.98196,31.770134]]]}},{"type":"Feature","id":"ovt-7a560459d546","properties":{"id":"ovt-7a560459d546","name":"Unnamed building","named":false,"area_m2":122.9,"cat":"unknown","scope":"context","src":"Overture Maps 2026-08-19.0 (ML footprints, ODbL/CDLA)","conf":"approximate","dist_core_m":665.0,"zone":"context","cat_conf":"derived","floor_note":"no source data; derived default","floors":2,"f2f":3.5,"roof":"flat","pitch":0,"roof_note":"unverified","wall":"plaster_paint_white","height_m":8.0},"geometry":{"type":"Polygon","coordinates":[[[76.981789,31.770156],[76.981883,31.770311],[76.981823,31.770337],[76.981729,31.770182],[76.981789,31.770156]]]}},{"type":"Feature","id":"ovt-14a87050d889","properties":{"id":"ovt-14a87050d889","name":"Unnamed building","named":false,"area_m2":163.4,"cat":"unknown","scope":"context","src":"Overture Maps 2026-08-19.0 (ML footprints, ODbL/CDLA)","conf":"approximate","dist_core_m":650.6,"zone":"context","cat_conf":"derived","floor_note":"no source data; derived default","floors":2,"f2f":3.5,"roof":"flat","pitch":0,"roof_note":"unverified","wall":"plaster_paint_white","height_m":8.0},"geometry":{"type":"Polygon","coordinates":[[[76.982017,31.770521],[76.982114,31.770669],[76.982034,31.770708],[76.981937,31.770559],[76.982017,31.770521]]]}},{"type":"Feature","id":"ovt-35739ba6cc62","properties":{"id":"ovt-35739ba6cc62","name":"Unnamed building","named":false,"area_m2":126.9,"cat":"unknown","scope":"context","src":"Overture Maps 2026-08-19.0 (ML footprints, ODbL/CDLA)","conf":"approximate","dist_core_m":649.1,"zone":"context","cat_conf":"derived","floor_note":"no source data; derived default","floors":2,"f2f":3.5,"roof":"flat","pitch":0,"roof_note":"unverified","wall":"plaster_paint_white","height_m":8.0},"geometry":{"type":"Polygon","coordinates":[[[76.982301,31.77094],[76.982355,31.771079],[76.982274,31.771102],[76.982229,31.770988],[76.982244,31.770984],[76.982235,31.770959],[76.982301,31.77094]]]}},{"type":"Feature","id":"ovt-dbd3a66cd3bc","properties":{"id":"ovt-dbd3a66cd3bc","name":"Unnamed building","named":false,"area_m2":109.6,"cat":"unknown","scope":"context","src":"Overture Maps 2026-08-19.0 (ML footprints, ODbL/CDLA)","conf":"approximate","dist_core_m":604.0,"zone":"context","cat_conf":"derived","floor_note":"no source data; derived default","floors":2,"f2f":3.5,"roof":"flat","pitch":0,"roof_note":"unverified","wall":"plaster_paint_white","height_m":8.0},"geometry":{"type":"Polygon","coordinates":[[[76.982367,31.771145],[76.982436,31.771111],[76.982512,31.771227],[76.982444,31.77126],[76.982367,31.771145]]]}},{"type":"Feature","id":"ovt-0c52f45c9046","properties":{"id":"ovt-0c52f45c9046","name":"Unnamed building","named":false,"area_m2":117.9,"cat":"unknown","scope":"context","src":"Overture Maps 2026-08-19.0 (ML footprints, ODbL/CDLA)","conf":"approximate","dist_core_m":583.0,"zone":"context","cat_conf":"derived","floor_note":"no source data; derived default","floors":2,"f2f":3.5,"roof":"flat","pitch":0,"roof_note":"unverified","wall":"plaster_paint_white","height_m":8.0},"geometry":{"type":"Polygon","coordinates":[[[76.982537,31.771264],[76.982619,31.771387],[76.98255,31.771421],[76.982468,31.771297],[76.982537,31.771264]]]}},{"type":"Feature","id":"ovt-3701429275a2","properties":{"id":"ovt-3701429275a2","name":"Unnamed building","named":false,"area_m2":43.0,"cat":"unknown","scope":"context","src":"Overture Maps 2026-08-19.0 (ML footprints, ODbL/CDLA)","conf":"approximate","dist_core_m":695.3,"zone":"context","cat_conf":"derived","floor_note":"no source data; derived default","floors":2,"f2f":3.5,"roof":"flat","pitch":0,"roof_note":"unverified","wall":"plaster_paint_white","height_m":8.0},"geometry":{"type":"Polygon","coordinates":[[[76.981422,31.772303],[76.981445,31.772366],[76.981385,31.772382],[76.981363,31.772319],[76.981422,31.772303]]]}},{"type":"Feature","id":"ovt-26b6fedafca1","properties":{"id":"ovt-26b6fedafca1","name":"Unnamed building","named":false,"area_m2":46.0,"cat":"unknown","scope":"context","src":"Overture Maps 2026-08-19.0 (ML footprints, ODbL/CDLA)","conf":"approximate","dist_core_m":521.4,"zone":"context","cat_conf":"derived","floor_note":"no source data; derived default","floors":2,"f2f":3.5,"roof":"flat","pitch":0,"roof_note":"unverified","wall":"plaster_paint_white","height_m":8.0},"geometry":{"type":"Polygon","coordinates":[[[76.983422,31.771937],[76.983444,31.771973],[76.983347,31.772016],[76.983326,31.77198],[76.983422,31.771937]]]}},{"type":"Feature","id":"ovt-6fba5e9e7e1a","properties":{"id":"ovt-6fba5e9e7e1a","name":"Unnamed building","named":false,"area_m2":693.2,"cat":"unknown","scope":"context","src":"Overture Maps 2026-08-19.0 (ML footprints, ODbL/CDLA)","conf":"approximate","dist_core_m":514.0,"zone":"context","cat_conf":"derived","floor_note":"no source data; derived default","floors":2,"f2f":3.5,"roof":"flat","pitch":0,"roof_note":"unverified","wall":"plaster_paint_white","height_m":8.0},"geometry":{"type":"Polygon","coordinates":[[[76.983163,31.771546],[76.983191,31.771584],[76.983216,31.771571],[76.983326,31.771719],[76.983301,31.771732],[76.983437,31.771915],[76.983319,31.771979],[76.983045,31.771611],[76.983163,31.771546]]]}},{"type":"Feature","id":"ovt-6c2ddc4356cd","properties":{"id":"ovt-6c2ddc4356cd","name":"Unnamed building","named":false,"area_m2":289.1,"cat":"unknown","scope":"context","src":"Overture Maps 2026-08-19.0 (ML footprints, ODbL/CDLA)","conf":"approximate","dist_core_m":500.8,"zone":"context","cat_conf":"derived","floor_note":"no source data; derived default","floors":2,"f2f":3.5,"roof":"flat","pitch":0,"roof_note":"unverified","wall":"plaster_paint_white","height_m":8.0},"geometry":{"type":"Polygon","coordinates":[[[76.98376,31.771662],[76.983928,31.771808],[76.983832,31.771889],[76.983664,31.771743],[76.98376,31.771662]]]}},{"type":"Feature","id":"ovt-8dd7430f72b4","properties":{"id":"ovt-8dd7430f72b4","name":"South Campus building 91","named":false,"area_m2":12.2,"cat":"utility","scope":"campus","src":"Overture Maps 2026-08-19.0 (ML footprints, ODbL/CDLA)","conf":"derived","dist_core_m":256.6,"zone":"south","cat_conf":"derived","floors":1,"f2f":3.0,"floor_note":"utility structure","roof":"sloped","pitch":18,"roof_note":"light metal roof","wall":"metal_sheet_industrial","height_m":4.0,"name_conf":"derived","entrance_lat":31.771933,"entrance_lng":76.983745,"entrance_dist_m":429.1,"entrance_conf":"derived"},"geometry":{"type":"Polygon","coordinates":[[[76.983713,31.771897],[76.983753,31.771906],[76.983745,31.771933],[76.983705,31.771925],[76.983713,31.771897]]]}},{"type":"Feature","id":"ovt-48eda3fcab8d","properties":{"id":"ovt-48eda3fcab8d","name":"Unnamed building","named":false,"area_m2":157.2,"cat":"unknown","scope":"context","src":"Overture Maps 2026-08-19.0 (ML footprints, ODbL/CDLA)","conf":"approximate","dist_core_m":464.8,"zone":"context","cat_conf":"derived","floor_note":"no source data; derived default","floors":2,"f2f":3.5,"roof":"flat","pitch":0,"roof_note":"unverified","wall":"plaster_paint_white","height_m":8.0},"geometry":{"type":"Polygon","coordinates":[[[76.983021,31.772574],[76.982959,31.772459],[76.983067,31.772417],[76.983129,31.772532],[76.983021,31.772574]]]}},{"type":"Feature","id":"ovt-403419880453","properties":{"id":"ovt-403419880453","name":"Unnamed building","named":false,"area_m2":20.3,"cat":"unknown","scope":"context","src":"Overture Maps 2026-08-19.0 (ML footprints, ODbL/CDLA)","conf":"approximate","dist_core_m":481.1,"zone":"context","cat_conf":"derived","floor_note":"no source data; derived default","floors":2,"f2f":3.5,"roof":"flat","pitch":0,"roof_note":"unverified","wall":"plaster_paint_white","height_m":8.0},"geometry":{"type":"Polygon","coordinates":[[[76.984062,31.77304],[76.984012,31.773034],[76.984018,31.772996],[76.984068,31.773002],[76.984062,31.77304]]]}},{"type":"Feature","id":"ovt-c84b8d174203","properties":{"id":"ovt-c84b8d174203","name":"South Campus building 18","named":false,"area_m2":193.2,"cat":"utility","scope":"campus","src":"Overture Maps 2026-08-19.0 (ML footprints, ODbL/CDLA)","conf":"derived","dist_core_m":296.8,"zone":"south","cat_conf":"derived","floors":1,"f2f":3.0,"floor_note":"utility structure","roof":"sloped","pitch":18,"roof_note":"light metal roof","wall":"metal_sheet_industrial","height_m":4.0,"name_conf":"derived","entrance_lat":31.773313,"entrance_lng":76.984012,"entrance_dist_m":117.6,"entrance_conf":"derived"},"geometry":{"type":"Polygon","coordinates":[[[76.984053,31.773098],[76.984012,31.773313],[76.983929,31.773302],[76.983969,31.773086],[76.984053,31.773098]]]}},{"type":"Feature","id":"ovt-8e13a08907ac","properties":{"id":"ovt-8e13a08907ac","name":"South Campus building 22","named":false,"area_m2":173.5,"cat":"utility","scope":"campus","src":"Overture Maps 2026-08-19.0 (ML footprints, ODbL/CDLA)","conf":"derived","dist_core_m":365.8,"zone":"south","cat_conf":"derived","floors":1,"f2f":3.0,"floor_note":"utility structure","roof":"sloped","pitch":18,"roof_note":"light metal roof","wall":"metal_sheet_industrial","height_m":4.0,"name_conf":"derived","entrance_lat":31.773274,"entrance_lng":76.983678,"entrance_dist_m":10.2,"entrance_conf":"derived"},"geometry":{"type":"Polygon","coordinates":[[[76.983476,31.773212],[76.983662,31.773187],[76.983678,31.773274],[76.983492,31.773299],[76.983476,31.773212]]]}},{"type":"Feature","id":"ovt-8b6f22f823ab","properties":{"id":"ovt-8b6f22f823ab","name":"South Campus building 40","named":false,"area_m2":101.0,"cat":"utility","scope":"campus","src":"Overture Maps 2026-08-19.0 (ML footprints, ODbL/CDLA)","conf":"derived","dist_core_m":400.5,"zone":"south","cat_conf":"derived","floors":1,"f2f":3.0,"floor_note":"utility structure","roof":"sloped","pitch":18,"roof_note":"light metal roof","wall":"metal_sheet_industrial","height_m":4.0,"name_conf":"derived","entrance_lat":31.773257,"entrance_lng":76.983262,"entrance_dist_m":47.3,"entrance_conf":"derived"},"geometry":{"type":"Polygon","coordinates":[[[76.983238,31.773149],[76.983262,31.773257],[76.983176,31.773271],[76.983152,31.773162],[76.983238,31.773149]]]}},{"type":"Feature","id":"ovt-b8602b01879a","properties":{"id":"ovt-b8602b01879a","name":"South Campus building 89","named":false,"area_m2":13.8,"cat":"utility","scope":"campus","src":"Overture Maps 2026-08-19.0 (ML footprints, ODbL/CDLA)","conf":"derived","dist_core_m":306.5,"zone":"south","cat_conf":"derived","floors":1,"f2f":3.0,"floor_note":"utility structure","roof":"sloped","pitch":18,"roof_note":"light metal roof","wall":"metal_sheet_industrial","height_m":4.0,"name_conf":"derived","entrance_lat":31.773184,"entrance_lng":76.983287,"entrance_dist_m":63.4,"entrance_conf":"derived"},"geometry":{"type":"Polygon","coordinates":[[[76.983242,31.773156],[76.983281,31.773151],[76.983287,31.773184],[76.983248,31.773189],[76.983242,31.773156]]]}},{"type":"Feature","id":"ovt-d1677de7b5c9","properties":{"id":"ovt-d1677de7b5c9","name":"South Campus building 50","named":false,"area_m2":78.3,"cat":"utility","scope":"campus","src":"Overture Maps 2026-08-19.0 (ML footprints, ODbL/CDLA)","conf":"derived","dist_core_m":370.2,"zone":"south","cat_conf":"derived","floors":1,"f2f":3.0,"floor_note":"utility structure","roof":"sloped","pitch":18,"roof_note":"light metal roof","wall":"metal_sheet_industrial","height_m":4.0,"name_conf":"derived","entrance_lat":31.773126,"entrance_lng":76.983268,"entrance_dist_m":51.6,"entrance_conf":"derived"},"geometry":{"type":"Polygon","coordinates":[[[76.983251,31.773051],[76.983268,31.773126],[76.983172,31.773142],[76.983154,31.773068],[76.983251,31.773051]]]}},{"type":"Feature","id":"ovt-dc398b50ca90","properties":{"id":"ovt-dc398b50ca90","name":"South Campus building 20","named":false,"area_m2":177.0,"cat":"utility","scope":"campus","src":"Overture Maps 2026-08-19.0 (ML footprints, ODbL/CDLA)","conf":"derived","dist_core_m":395.9,"zone":"south","cat_conf":"derived","floors":1,"f2f":3.0,"floor_note":"utility structure","roof":"sloped","pitch":18,"roof_note":"light metal roof","wall":"metal_sheet_industrial","height_m":4.0,"name_conf":"derived","entrance_lat":31.773068,"entrance_lng":76.983616,"entrance_dist_m":17.9,"entrance_conf":"derived"},"geometry":{"type":"Polygon","coordinates":[[[76.983531,31.773045],[76.983441,31.773031],[76.98346,31.772944],[76.983637,31.77297],[76.983616,31.773068],[76.983529,31.773055],[76.983531,31.773045]]]}},{"type":"Feature","id":"ovt-c6460753689f","properties":{"id":"ovt-c6460753689f","name":"Unnamed building","named":false,"area_m2":66.2,"cat":"unknown","scope":"context","src":"Overture Maps 2026-08-19.0 (ML footprints, ODbL/CDLA)","conf":"approximate","dist_core_m":608.6,"zone":"context","cat_conf":"derived","floor_note":"no source data; derived default","floors":2,"f2f":3.5,"roof":"flat","pitch":0,"roof_note":"unverified","wall":"plaster_paint_white","height_m":8.0},"geometry":{"type":"Polygon","coordinates":[[[76.981336,31.773305],[76.981299,31.773181],[76.981347,31.773171],[76.981384,31.773295],[76.981336,31.773305]]]}},{"type":"Feature","id":"ovt-320ba73e97ba","properties":{"id":"ovt-320ba73e97ba","name":"Unnamed building","named":false,"area_m2":33.1,"cat":"unknown","scope":"context","src":"Overture Maps 2026-08-19.0 (ML footprints, ODbL/CDLA)","conf":"approximate","dist_core_m":520.2,"zone":"context","cat_conf":"derived","floor_note":"no source data; derived default","floors":2,"f2f":3.5,"roof":"flat","pitch":0,"roof_note":"unverified","wall":"plaster_paint_white","height_m":8.0},"geometry":{"type":"Polygon","coordinates":[[[76.98067,31.771983],[76.980704,31.771976],[76.980728,31.772064],[76.980694,31.772071],[76.98067,31.771983]]]}},{"type":"Feature","id":"ovt-27f9ac06bfb4","properties":{"id":"ovt-27f9ac06bfb4","name":"Unnamed building","named":false,"area_m2":48.3,"cat":"unknown","scope":"context","src":"Overture Maps 2026-08-19.0 (ML footprints, ODbL/CDLA)","conf":"approximate","dist_core_m":633.7,"zone":"context","cat_conf":"derived","floor_note":"no source data; derived default","floors":2,"f2f":3.5,"roof":"flat","pitch":0,"roof_note":"unverified","wall":"plaster_paint_white","height_m":8.0},"geometry":{"type":"Polygon","coordinates":[[[76.980626,31.772046],[76.980608,31.77196],[76.98066,31.771952],[76.980678,31.772038],[76.980626,31.772046]]]}},{"type":"Feature","id":"ovt-1088032db8e7","properties":{"id":"ovt-1088032db8e7","name":"Unnamed building","named":false,"area_m2":47.4,"cat":"unknown","scope":"context","src":"Overture Maps 2026-08-19.0 (ML footprints, ODbL/CDLA)","conf":"approximate","dist_core_m":920.1,"zone":"context","cat_conf":"derived","floor_note":"no source data; derived default","floors":2,"f2f":3.5,"roof":"flat","pitch":0,"roof_note":"unverified","wall":"plaster_paint_white","height_m":8.0},"geometry":{"type":"Polygon","coordinates":[[[76.979409,31.771542],[76.97947,31.771565],[76.979438,31.771627],[76.979377,31.771605],[76.979409,31.771542]]]}},{"type":"Feature","id":"ovt-589d1434eb2b","properties":{"id":"ovt-589d1434eb2b","name":"Unnamed building","named":false,"area_m2":81.8,"cat":"unknown","scope":"context","src":"Overture Maps 2026-08-19.0 (ML footprints, ODbL/CDLA)","conf":"approximate","dist_core_m":628.9,"zone":"context","cat_conf":"derived","floor_note":"no source data; derived default","floors":2,"f2f":3.5,"roof":"flat","pitch":0,"roof_note":"unverified","wall":"plaster_paint_white","height_m":8.0},"geometry":{"type":"Polygon","coordinates":[[[76.980637,31.770858],[76.980722,31.770967],[76.980672,31.770995],[76.980587,31.770885],[76.980637,31.770858]]]}},{"type":"Feature","id":"ovt-b02c23e597e7","properties":{"id":"ovt-b02c23e597e7","name":"Unnamed building","named":false,"area_m2":14.4,"cat":"unknown","scope":"context","src":"Overture Maps 2026-08-19.0 (ML footprints, ODbL/CDLA)","conf":"approximate","dist_core_m":1246.0,"zone":"context","cat_conf":"derived","floor_note":"no source data; derived default","floors":2,"f2f":3.5,"roof":"flat","pitch":0,"roof_note":"unverified","wall":"plaster_paint_white","height_m":8.0},"geometry":{"type":"Polygon","coordinates":[[[76.980816,31.769335],[76.980856,31.769343],[76.980846,31.769376],[76.980807,31.769368],[76.980816,31.769335]]]}},{"type":"Feature","id":"ovt-6cbcc5429e6b","properties":{"id":"ovt-6cbcc5429e6b","name":"Unnamed building","named":false,"area_m2":35.4,"cat":"unknown","scope":"context","src":"Overture Maps 2026-08-19.0 (ML footprints, ODbL/CDLA)","conf":"approximate","dist_core_m":828.0,"zone":"context","cat_conf":"derived","floor_note":"no source data; derived default","floors":2,"f2f":3.5,"roof":"flat","pitch":0,"roof_note":"unverified","wall":"plaster_paint_white","height_m":8.0},"geometry":{"type":"Polygon","coordinates":[[[76.981222,31.769243],[76.981296,31.769266],[76.981279,31.769306],[76.981205,31.769284],[76.981222,31.769243]]]}},{"type":"Feature","id":"ovt-7a5477ec2da7","properties":{"id":"ovt-7a5477ec2da7","name":"Unnamed building","named":false,"area_m2":11.9,"cat":"unknown","scope":"context","src":"Overture Maps 2026-08-19.0 (ML footprints, ODbL/CDLA)","conf":"approximate","dist_core_m":1195.1,"zone":"context","cat_conf":"derived","floor_note":"no source data; derived default","floors":2,"f2f":3.5,"roof":"flat","pitch":0,"roof_note":"unverified","wall":"plaster_paint_white","height_m":8.0},"geometry":{"type":"Polygon","coordinates":[[[76.980748,31.76926],[76.980783,31.769273],[76.98077,31.7693],[76.980734,31.769287],[76.980748,31.76926]]]}},{"type":"Feature","id":"ovt-995bf16dd9ce","properties":{"id":"ovt-995bf16dd9ce","name":"Unnamed building","named":false,"area_m2":24.5,"cat":"unknown","scope":"context","src":"Overture Maps 2026-08-19.0 (ML footprints, ODbL/CDLA)","conf":"approximate","dist_core_m":1233.0,"zone":"context","cat_conf":"derived","floor_note":"no source data; derived default","floors":2,"f2f":3.5,"roof":"flat","pitch":0,"roof_note":"unverified","wall":"plaster_paint_white","height_m":8.0},"geometry":{"type":"Polygon","coordinates":[[[76.980621,31.769287],[76.980581,31.769271],[76.980607,31.769223],[76.980647,31.769238],[76.980621,31.769287]]]}},{"type":"Feature","id":"ovt-8983c362330c","properties":{"id":"ovt-8983c362330c","name":"Unnamed building","named":false,"area_m2":116.8,"cat":"unknown","scope":"context","src":"Overture Maps 2026-08-19.0 (ML footprints, ODbL/CDLA)","conf":"approximate","dist_core_m":828.3,"zone":"context","cat_conf":"derived","floor_note":"no source data; derived default","floors":2,"f2f":3.5,"roof":"flat","pitch":0,"roof_note":"unverified","wall":"plaster_paint_white","height_m":8.0},"geometry":{"type":"Polygon","coordinates":[[[76.981136,31.768938],[76.981332,31.769036],[76.981303,31.769078],[76.981107,31.768981],[76.981136,31.768938]]]}},{"type":"Feature","id":"ovt-4a9355f7f5b1","properties":{"id":"ovt-4a9355f7f5b1","name":"Unnamed building","named":false,"area_m2":106.7,"cat":"unknown","scope":"context","src":"Overture Maps 2026-08-19.0 (ML footprints, ODbL/CDLA)","conf":"approximate","dist_core_m":894.0,"zone":"context","cat_conf":"derived","floor_note":"no source data; derived default","floors":2,"f2f":3.5,"roof":"flat","pitch":0,"roof_note":"unverified","wall":"plaster_paint_white","height_m":8.0},"geometry":{"type":"Polygon","coordinates":[[[76.980912,31.768829],[76.981095,31.768913],[76.981068,31.768956],[76.980884,31.768872],[76.980912,31.768829]]]}},{"type":"Feature","id":"ovt-30c17b3a9077","properties":{"id":"ovt-30c17b3a9077","name":"Unnamed building","named":false,"area_m2":143.6,"cat":"unknown","scope":"context","src":"Overture Maps 2026-08-19.0 (ML footprints, ODbL/CDLA)","conf":"approximate","dist_core_m":982.6,"zone":"context","cat_conf":"derived","floor_note":"no source data; derived default","floors":2,"f2f":3.5,"roof":"flat","pitch":0,"roof_note":"unverified","wall":"plaster_paint_white","height_m":8.0},"geometry":{"type":"Polygon","coordinates":[[[76.980697,31.76899],[76.980606,31.768959],[76.98066,31.768845],[76.980644,31.768839],[76.980663,31.7688],[76.980769,31.768836],[76.980735,31.768908],[76.980691,31.768893],[76.980662,31.768954],[76.980706,31.768969],[76.980697,31.76899]]]}},{"type":"Feature","id":"ovt-a30b3cb5baeb","properties":{"id":"ovt-a30b3cb5baeb","name":"Unnamed building","named":false,"area_m2":34.3,"cat":"unknown","scope":"context","src":"Overture Maps 2026-08-19.0 (ML footprints, ODbL/CDLA)","conf":"approximate","dist_core_m":1042.4,"zone":"context","cat_conf":"derived","floor_note":"no source data; derived default","floors":2,"f2f":3.5,"roof":"flat","pitch":0,"roof_note":"unverified","wall":"plaster_paint_white","height_m":8.0},"geometry":{"type":"Polygon","coordinates":[[[76.980458,31.768828],[76.980508,31.768851],[76.980476,31.768902],[76.980426,31.768878],[76.980458,31.768828]]]}},{"type":"Feature","id":"ovt-a173ca1c355e","properties":{"id":"ovt-a173ca1c355e","name":"Unnamed building","named":false,"area_m2":17.6,"cat":"unknown","scope":"context","src":"Overture Maps 2026-08-19.0 (ML footprints, ODbL/CDLA)","conf":"approximate","dist_core_m":1255.0,"zone":"context","cat_conf":"derived","floor_note":"no source data; derived default","floors":2,"f2f":3.5,"roof":"flat","pitch":0,"roof_note":"unverified","wall":"plaster_paint_white","height_m":8.0},"geometry":{"type":"Polygon","coordinates":[[[76.980257,31.768889],[76.980191,31.768901],[76.980185,31.768876],[76.980251,31.768865],[76.980257,31.768889]]]}},{"type":"Feature","id":"ovt-1a43e8b0c1bf","properties":{"id":"ovt-1a43e8b0c1bf","name":"Unnamed building","named":false,"area_m2":36.8,"cat":"unknown","scope":"context","src":"Overture Maps 2026-08-19.0 (ML footprints, ODbL/CDLA)","conf":"approximate","dist_core_m":723.7,"zone":"context","cat_conf":"derived","floor_note":"no source data; derived default","floors":2,"f2f":3.5,"roof":"flat","pitch":0,"roof_note":"unverified","wall":"plaster_paint_white","height_m":8.0},"geometry":{"type":"Polygon","coordinates":[[[76.980348,31.768735],[76.980486,31.768757],[76.98048,31.768782],[76.980342,31.768759],[76.980348,31.768735]]]}},{"type":"Feature","id":"ovt-997a98640f79","properties":{"id":"ovt-997a98640f79","name":"Unnamed building","named":false,"area_m2":14.6,"cat":"unknown","scope":"context","src":"Overture Maps 2026-08-19.0 (ML footprints, ODbL/CDLA)","conf":"approximate","dist_core_m":1268.1,"zone":"context","cat_conf":"derived","floor_note":"no source data; derived default","floors":2,"f2f":3.5,"roof":"flat","pitch":0,"roof_note":"unverified","wall":"plaster_paint_white","height_m":8.0},"geometry":{"type":"Polygon","coordinates":[[[76.980101,31.768708],[76.98015,31.768717],[76.980144,31.768744],[76.980094,31.768735],[76.980101,31.768708]]]}},{"type":"Feature","id":"ovt-f64b455b1b4e","properties":{"id":"ovt-f64b455b1b4e","name":"Unnamed building","named":false,"area_m2":17.8,"cat":"unknown","scope":"context","src":"Overture Maps 2026-08-19.0 (ML footprints, ODbL/CDLA)","conf":"approximate","dist_core_m":670.4,"zone":"context","cat_conf":"derived","floor_note":"no source data; derived default","floors":2,"f2f":3.5,"roof":"flat","pitch":0,"roof_note":"unverified","wall":"plaster_paint_white","height_m":8.0},"geometry":{"type":"Polygon","coordinates":[[[76.980241,31.768959],[76.980313,31.768964],[76.980311,31.768988],[76.980239,31.768982],[76.980241,31.768959]]]}},{"type":"Feature","id":"ovt-483c68444dfa","properties":{"id":"ovt-483c68444dfa","name":"Unnamed building","named":false,"area_m2":19.4,"cat":"unknown","scope":"context","src":"Overture Maps 2026-08-19.0 (ML footprints, ODbL/CDLA)","conf":"approximate","dist_core_m":889.8,"zone":"context","cat_conf":"derived","floor_note":"no source data; derived default","floors":2,"f2f":3.5,"roof":"flat","pitch":0,"roof_note":"unverified","wall":"plaster_paint_white","height_m":8.0},"geometry":{"type":"Polygon","coordinates":[[[76.980261,31.768919],[76.980345,31.768925],[76.980342,31.768947],[76.980259,31.768941],[76.980261,31.768919]]]}},{"type":"Feature","id":"ovt-dc61d9e4690f","properties":{"id":"ovt-dc61d9e4690f","name":"Unnamed building","named":false,"area_m2":159.5,"cat":"unknown","scope":"context","src":"Overture Maps 2026-08-19.0 (ML footprints, ODbL/CDLA)","conf":"approximate","dist_core_m":891.7,"zone":"context","cat_conf":"derived","floor_note":"no source data; derived default","floors":2,"f2f":3.5,"roof":"flat","pitch":0,"roof_note":"unverified","wall":"plaster_paint_white","height_m":8.0},"geometry":{"type":"Polygon","coordinates":[[[76.980415,31.768954],[76.980401,31.769164],[76.980328,31.76916],[76.980343,31.768951],[76.980415,31.768954]]]}},{"type":"Feature","id":"ovt-8c547c07ec71","properties":{"id":"ovt-8c547c07ec71","name":"Unnamed building","named":false,"area_m2":29.8,"cat":"unknown","scope":"context","src":"Overture Maps 2026-08-19.0 (ML footprints, ODbL/CDLA)","conf":"approximate","dist_core_m":734.7,"zone":"context","cat_conf":"derived","floor_note":"no source data; derived default","floors":2,"f2f":3.5,"roof":"flat","pitch":0,"roof_note":"unverified","wall":"plaster_paint_white","height_m":8.0},"geometry":{"type":"Polygon","coordinates":[[[76.980117,31.769142],[76.980202,31.769143],[76.980201,31.769177],[76.980116,31.769175],[76.980117,31.769142]]]}},{"type":"Feature","id":"ovt-ddf6e070a148","properties":{"id":"ovt-ddf6e070a148","name":"Unnamed building","named":false,"area_m2":26.7,"cat":"unknown","scope":"context","src":"Overture Maps 2026-08-19.0 (ML footprints, ODbL/CDLA)","conf":"approximate","dist_core_m":1436.7,"zone":"context","cat_conf":"derived","floor_note":"no source data; derived default","floors":2,"f2f":3.5,"roof":"flat","pitch":0,"roof_note":"unverified","wall":"plaster_paint_white","height_m":8.0},"geometry":{"type":"Polygon","coordinates":[[[76.975257,31.768892],[76.975258,31.768858],[76.975333,31.768859],[76.975332,31.768893],[76.975257,31.768892]]]}},{"type":"Feature","id":"ovt-1c8609869005","properties":{"id":"ovt-1c8609869005","name":"Unnamed building","named":false,"area_m2":16.9,"cat":"unknown","scope":"context","src":"Overture Maps 2026-08-19.0 (ML footprints, ODbL/CDLA)","conf":"approximate","dist_core_m":984.4,"zone":"context","cat_conf":"derived","floor_note":"no source data; derived default","floors":2,"f2f":3.5,"roof":"flat","pitch":0,"roof_note":"unverified","wall":"plaster_paint_white","height_m":8.0},"geometry":{"type":"Polygon","coordinates":[[[76.975334,31.76878],[76.975339,31.768804],[76.975273,31.768813],[76.975269,31.768789],[76.975334,31.76878]]]}},{"type":"Feature","id":"ovt-0bc5ee820a10","properties":{"id":"ovt-0bc5ee820a10","name":"Unnamed building","named":false,"area_m2":11.4,"cat":"unknown","scope":"context","src":"Overture Maps 2026-08-19.0 (ML footprints, ODbL/CDLA)","conf":"approximate","dist_core_m":1021.6,"zone":"context","cat_conf":"derived","floor_note":"no source data; derived default","floors":2,"f2f":3.5,"roof":"flat","pitch":0,"roof_note":"unverified","wall":"plaster_paint_white","height_m":8.0},"geometry":{"type":"Polygon","coordinates":[[[76.979045,31.768501],[76.979069,31.76849],[76.979092,31.768525],[76.979068,31.768536],[76.979045,31.768501]]]}},{"type":"Feature","id":"ovt-45e9e9c52079","properties":{"id":"ovt-45e9e9c52079","name":"Unnamed building","named":false,"area_m2":14.7,"cat":"unknown","scope":"context","src":"Overture Maps 2026-08-19.0 (ML footprints, ODbL/CDLA)","conf":"approximate","dist_core_m":1342.8,"zone":"context","cat_conf":"derived","floor_note":"no source data; derived default","floors":2,"f2f":3.5,"roof":"flat","pitch":0,"roof_note":"unverified","wall":"plaster_paint_white","height_m":8.0},"geometry":{"type":"Polygon","coordinates":[[[76.979664,31.768179],[76.979693,31.7682],[76.979665,31.768228],[76.979636,31.768207],[76.979664,31.768179]]]}},{"type":"Feature","id":"ovt-55ad8534ccbe","properties":{"id":"ovt-55ad8534ccbe","name":"Unnamed building","named":false,"area_m2":40.0,"cat":"unknown","scope":"context","src":"Overture Maps 2026-08-19.0 (ML footprints, ODbL/CDLA)","conf":"approximate","dist_core_m":795.6,"zone":"context","cat_conf":"derived","floor_note":"no source data; derived default","floors":2,"f2f":3.5,"roof":"flat","pitch":0,"roof_note":"unverified","wall":"plaster_paint_white","height_m":8.0},"geometry":{"type":"Polygon","coordinates":[[[76.979837,31.768234],[76.979775,31.768208],[76.979808,31.76815],[76.979847,31.768167],[76.979834,31.768189],[76.979858,31.768199],[76.979837,31.768234]]]}},{"type":"Feature","id":"ovt-be8d090d2b59","properties":{"id":"ovt-be8d090d2b59","name":"Unnamed building","named":false,"area_m2":12.2,"cat":"unknown","scope":"context","src":"Overture Maps 2026-08-19.0 (ML footprints, ODbL/CDLA)","conf":"approximate","dist_core_m":635.8,"zone":"context","cat_conf":"derived","floor_note":"no source data; derived default","floors":2,"f2f":3.5,"roof":"flat","pitch":0,"roof_note":"unverified","wall":"plaster_paint_white","height_m":8.0},"geometry":{"type":"Polygon","coordinates":[[[76.981372,31.769134],[76.981389,31.769152],[76.981349,31.769178],[76.981332,31.76916],[76.981372,31.769134]]]}},{"type":"Feature","id":"ovt-ea68a3751ad7","properties":{"id":"ovt-ea68a3751ad7","name":"Unnamed building","named":false,"area_m2":23.3,"cat":"unknown","scope":"context","src":"Overture Maps 2026-08-19.0 (ML footprints, ODbL/CDLA)","conf":"approximate","dist_core_m":1412.7,"zone":"context","cat_conf":"derived","floor_note":"no source data; derived default","floors":2,"f2f":3.5,"roof":"flat","pitch":0,"roof_note":"unverified","wall":"plaster_paint_white","height_m":8.0},"geometry":{"type":"Polygon","coordinates":[[[76.98129,31.769135],[76.98136,31.769181],[76.981342,31.769201],[76.981272,31.769155],[76.98129,31.769135]]]}},{"type":"Feature","id":"ovt-7580153ddca6","properties":{"id":"ovt-7580153ddca6","name":"Unnamed building","named":false,"area_m2":31.7,"cat":"unknown","scope":"context","src":"Overture Maps 2026-08-19.0 (ML footprints, ODbL/CDLA)","conf":"approximate","dist_core_m":884.1,"zone":"context","cat_conf":"derived","floor_note":"no source data; derived default","floors":2,"f2f":3.5,"roof":"flat","pitch":0,"roof_note":"unverified","wall":"plaster_paint_white","height_m":8.0},"geometry":{"type":"Polygon","coordinates":[[[76.98128,31.769163],[76.981336,31.7692],[76.981306,31.769234],[76.98125,31.769198],[76.98128,31.769163]]]}},{"type":"Feature","id":"ovt-648622bafb18","properties":{"id":"ovt-648622bafb18","name":"Unnamed building","named":false,"area_m2":118.6,"cat":"unknown","scope":"context","src":"Overture Maps 2026-08-19.0 (ML footprints, ODbL/CDLA)","conf":"approximate","dist_core_m":905.7,"zone":"context","cat_conf":"derived","floor_note":"no source data; derived default","floors":2,"f2f":3.5,"roof":"flat","pitch":0,"roof_note":"unverified","wall":"plaster_paint_white","height_m":8.0},"geometry":{"type":"Polygon","coordinates":[[[76.981457,31.769114],[76.981637,31.769229],[76.981602,31.76927],[76.981422,31.769154],[76.981457,31.769114]]]}},{"type":"Feature","id":"ovt-f7c2590b1446","properties":{"id":"ovt-f7c2590b1446","name":"Unnamed building","named":false,"area_m2":193.2,"cat":"unknown","scope":"context","src":"Overture Maps 2026-08-19.0 (ML footprints, ODbL/CDLA)","conf":"approximate","dist_core_m":834.3,"zone":"context","cat_conf":"derived","floor_note":"no source data; derived default","floors":2,"f2f":3.5,"roof":"flat","pitch":0,"roof_note":"unverified","wall":"plaster_paint_white","height_m":8.0},"geometry":{"type":"Polygon","coordinates":[[[76.981422,31.769154],[76.981602,31.76927],[76.981545,31.769335],[76.981364,31.76922],[76.981422,31.769154]]]}},{"type":"Feature","id":"ovt-3bd4de1e35c9","properties":{"id":"ovt-3bd4de1e35c9","name":"Unnamed building","named":false,"area_m2":50.7,"cat":"unknown","scope":"context","src":"Overture Maps 2026-08-19.0 (ML footprints, ODbL/CDLA)","conf":"approximate","dist_core_m":890.6,"zone":"context","cat_conf":"derived","floor_note":"no source data; derived default","floors":2,"f2f":3.5,"roof":"flat","pitch":0,"roof_note":"unverified","wall":"plaster_paint_white","height_m":8.0},"geometry":{"type":"Polygon","coordinates":[[[76.981637,31.769229],[76.981677,31.769254],[76.981608,31.769333],[76.981569,31.769307],[76.981637,31.769229]]]}},{"type":"Feature","id":"ovt-40e0a1d4dfa6","properties":{"id":"ovt-40e0a1d4dfa6","name":"Unnamed building","named":false,"area_m2":151.6,"cat":"unknown","scope":"context","src":"Overture Maps 2026-08-19.0 (ML footprints, ODbL/CDLA)","conf":"approximate","dist_core_m":844.4,"zone":"context","cat_conf":"derived","floor_note":"no source data; derived default","floors":2,"f2f":3.5,"roof":"flat","pitch":0,"roof_note":"unverified","wall":"plaster_paint_white","height_m":8.0},"geometry":{"type":"Polygon","coordinates":[[[76.981495,31.769297],[76.981658,31.769409],[76.981608,31.769463],[76.981444,31.769351],[76.981495,31.769297]]]}},{"type":"Feature","id":"ovt-0c3956e22b32","properties":{"id":"ovt-0c3956e22b32","name":"Unnamed building","named":false,"area_m2":286.9,"cat":"unknown","scope":"context","src":"Overture Maps 2026-08-19.0 (ML footprints, ODbL/CDLA)","conf":"approximate","dist_core_m":818.2,"zone":"context","cat_conf":"derived","floor_note":"no source data; derived default","floors":2,"f2f":3.5,"roof":"flat","pitch":0,"roof_note":"unverified","wall":"plaster_paint_white","height_m":8.0},"geometry":{"type":"Polygon","coordinates":[[[76.981677,31.769254],[76.981843,31.769361],[76.98175,31.769466],[76.981584,31.76936],[76.981677,31.769254]]]}},{"type":"Feature","id":"ovt-db55d7c45887","properties":{"id":"ovt-db55d7c45887","name":"Unnamed building","named":false,"area_m2":198.5,"cat":"unknown","scope":"context","src":"Overture Maps 2026-08-19.0 (ML footprints, ODbL/CDLA)","conf":"approximate","dist_core_m":814.1,"zone":"context","cat_conf":"derived","floor_note":"no source data; derived default","floors":2,"f2f":3.5,"roof":"flat","pitch":0,"roof_note":"unverified","wall":"plaster_paint_white","height_m":8.0},"geometry":{"type":"Polygon","coordinates":[[[76.981847,31.769426],[76.982033,31.769545],[76.981975,31.76961],[76.98179,31.769492],[76.981847,31.769426]]]}},{"type":"Feature","id":"ovt-161dd737e4d4","properties":{"id":"ovt-161dd737e4d4","name":"Unnamed building","named":false,"area_m2":149.0,"cat":"unknown","scope":"context","src":"Overture Maps 2026-08-19.0 (ML footprints, ODbL/CDLA)","conf":"approximate","dist_core_m":769.1,"zone":"context","cat_conf":"derived","floor_note":"no source data; derived default","floors":2,"f2f":3.5,"roof":"flat","pitch":0,"roof_note":"unverified","wall":"plaster_paint_white","height_m":8.0},"geometry":{"type":"Polygon","coordinates":[[[76.981683,31.76998],[76.981789,31.770156],[76.98171,31.770191],[76.981687,31.770153],[76.981707,31.770145],[76.981623,31.770006],[76.981683,31.76998]]]}},{"type":"Feature","id":"ovt-ab295e5709c8","properties":{"id":"ovt-ab295e5709c8","name":"Unnamed building","named":false,"area_m2":111.2,"cat":"unknown","scope":"context","src":"Overture Maps 2026-08-19.0 (ML footprints, ODbL/CDLA)","conf":"approximate","dist_core_m":719.2,"zone":"context","cat_conf":"derived","floor_note":"no source data; derived default","floors":2,"f2f":3.5,"roof":"flat","pitch":0,"roof_note":"unverified","wall":"plaster_paint_white","height_m":8.0},"geometry":{"type":"Polygon","coordinates":[[[76.981879,31.769993],[76.98196,31.770134],[76.981899,31.770159],[76.981818,31.770018],[76.981879,31.769993]]]}},{"type":"Feature","id":"ovt-a0f85502e109","properties":{"id":"ovt-a0f85502e109","name":"Unnamed building","named":false,"area_m2":1113.8,"cat":"unknown","scope":"context","src":"Overture Maps 2026-08-19.0 (ML footprints, ODbL/CDLA)","conf":"approximate","dist_core_m":764.8,"zone":"context","cat_conf":"derived","floor_note":"no source data; derived default","floors":2,"f2f":3.5,"roof":"flat","pitch":0,"roof_note":"unverified","wall":"plaster_paint_white","height_m":8.0},"geometry":{"type":"Polygon","coordinates":[[[76.981896,31.769734],[76.981934,31.769738],[76.981943,31.769671],[76.982048,31.769681],[76.982051,31.769659],[76.982211,31.769675],[76.982208,31.769697],[76.982303,31.769706],[76.98229,31.769803],[76.982318,31.769806],[76.982305,31.769898],[76.982278,31.769895],[76.982268,31.769971],[76.981976,31.769942],[76.981879,31.76986],[76.981896,31.769734]]]}},{"type":"Feature","id":"ovt-210725049bf1","properties":{"id":"ovt-210725049bf1","name":"Unnamed building","named":false,"area_m2":31.9,"cat":"unknown","scope":"context","src":"Overture Maps 2026-08-19.0 (ML footprints, ODbL/CDLA)","conf":"approximate","dist_core_m":664.5,"zone":"context","cat_conf":"derived","floor_note":"no source data; derived default","floors":2,"f2f":3.5,"roof":"flat","pitch":0,"roof_note":"unverified","wall":"plaster_paint_white","height_m":8.0},"geometry":{"type":"Polygon","coordinates":[[[76.982272,31.769975],[76.98227,31.770015],[76.982194,31.770012],[76.982196,31.769972],[76.982272,31.769975]]]}},{"type":"Feature","id":"ovt-4fa2387b265f","properties":{"id":"ovt-4fa2387b265f","name":"Unnamed building","named":false,"area_m2":43.2,"cat":"unknown","scope":"context","src":"Overture Maps 2026-08-19.0 (ML footprints, ODbL/CDLA)","conf":"approximate","dist_core_m":718.5,"zone":"context","cat_conf":"derived","floor_note":"no source data; derived default","floors":2,"f2f":3.5,"roof":"flat","pitch":0,"roof_note":"unverified","wall":"plaster_paint_white","height_m":8.0},"geometry":{"type":"Polygon","coordinates":[[[76.982621,31.769809],[76.982676,31.769843],[76.982635,31.769892],[76.982579,31.769858],[76.982621,31.769809]]]}},{"type":"Feature","id":"ovt-220f02b0c373","properties":{"id":"ovt-220f02b0c373","name":"Unnamed building","named":false,"area_m2":28.9,"cat":"unknown","scope":"context","src":"Overture Maps 2026-08-19.0 (ML footprints, ODbL/CDLA)","conf":"approximate","dist_core_m":705.6,"zone":"context","cat_conf":"derived","floor_note":"no source data; derived default","floors":2,"f2f":3.5,"roof":"flat","pitch":0,"roof_note":"unverified","wall":"plaster_paint_white","height_m":8.0},"geometry":{"type":"Polygon","coordinates":[[[76.982555,31.769771],[76.982597,31.769805],[76.982559,31.76984],[76.982517,31.769807],[76.982555,31.769771]]]}},{"type":"Feature","id":"ovt-fcb636c55258","properties":{"id":"ovt-fcb636c55258","name":"Unnamed building","named":false,"area_m2":87.6,"cat":"unknown","scope":"context","src":"Overture Maps 2026-08-19.0 (ML footprints, ODbL/CDLA)","conf":"approximate","dist_core_m":719.8,"zone":"context","cat_conf":"derived","floor_note":"no source data; derived default","floors":2,"f2f":3.5,"roof":"flat","pitch":0,"roof_note":"unverified","wall":"plaster_paint_white","height_m":8.0},"geometry":{"type":"Polygon","coordinates":[[[76.982684,31.769727],[76.982828,31.769842],[76.982794,31.769873],[76.98265,31.769758],[76.982684,31.769727]]]}},{"type":"Feature","id":"ovt-fdb5b2205309","properties":{"id":"ovt-fdb5b2205309","name":"Unnamed building","named":false,"area_m2":108.0,"cat":"unknown","scope":"context","src":"Overture Maps 2026-08-19.0 (ML footprints, ODbL/CDLA)","conf":"approximate","dist_core_m":734.8,"zone":"context","cat_conf":"derived","floor_note":"no source data; derived default","floors":2,"f2f":3.5,"roof":"flat","pitch":0,"roof_note":"unverified","wall":"plaster_paint_white","height_m":8.0},"geometry":{"type":"Polygon","coordinates":[[[76.982699,31.769689],[76.982735,31.769658],[76.982904,31.769802],[76.982868,31.769832],[76.982699,31.769689]]]}},{"type":"Feature","id":"ovt-19d3ecbb8ed0","properties":{"id":"ovt-19d3ecbb8ed0","name":"Unnamed building","named":false,"area_m2":203.5,"cat":"unknown","scope":"context","src":"Overture Maps 2026-08-19.0 (ML footprints, ODbL/CDLA)","conf":"approximate","dist_core_m":744.3,"zone":"context","cat_conf":"derived","floor_note":"no source data; derived default","floors":2,"f2f":3.5,"roof":"flat","pitch":0,"roof_note":"unverified","wall":"plaster_paint_white","height_m":8.0},"geometry":{"type":"Polygon","coordinates":[[[76.982978,31.76974],[76.983136,31.769818],[76.983073,31.76991],[76.982915,31.769832],[76.982978,31.76974]]]}},{"type":"Feature","id":"ovt-fe3d213c0725","properties":{"id":"ovt-fe3d213c0725","name":"Unnamed building","named":false,"area_m2":27.5,"cat":"unknown","scope":"context","src":"Overture Maps 2026-08-19.0 (ML footprints, ODbL/CDLA)","conf":"approximate","dist_core_m":859.5,"zone":"context","cat_conf":"derived","floor_note":"no source data; derived default","floors":2,"f2f":3.5,"roof":"flat","pitch":0,"roof_note":"unverified","wall":"plaster_paint_white","height_m":8.0},"geometry":{"type":"Polygon","coordinates":[[[76.985535,31.768516],[76.985576,31.768508],[76.985592,31.768569],[76.985551,31.768577],[76.985535,31.768516]]]}},{"type":"Feature","id":"ovt-ccddb6f7a0c1","properties":{"id":"ovt-ccddb6f7a0c1","name":"Unnamed building","named":false,"area_m2":122.5,"cat":"unknown","scope":"context","src":"Overture Maps 2026-08-19.0 (ML footprints, ODbL/CDLA)","conf":"approximate","dist_core_m":752.3,"zone":"context","cat_conf":"derived","floor_note":"no source data; derived default","floors":2,"f2f":3.5,"roof":"flat","pitch":0,"roof_note":"unverified","wall":"plaster_paint_white","height_m":8.0},"geometry":{"type":"Polygon","coordinates":[[[76.985679,31.768589],[76.985729,31.768497],[76.985834,31.768538],[76.985784,31.76863],[76.985679,31.768589]]]}},{"type":"Feature","id":"ovt-09473dac17d2","properties":{"id":"ovt-09473dac17d2","name":"Unnamed building","named":false,"area_m2":59.1,"cat":"unknown","scope":"context","src":"Overture Maps 2026-08-19.0 (ML footprints, ODbL/CDLA)","conf":"approximate","dist_core_m":799.4,"zone":"context","cat_conf":"derived","floor_note":"no source data; derived default","floors":2,"f2f":3.5,"roof":"flat","pitch":0,"roof_note":"unverified","wall":"plaster_paint_white","height_m":8.0},"geometry":{"type":"Polygon","coordinates":[[[76.985682,31.768597],[76.985775,31.76863],[76.985749,31.768682],[76.985657,31.768649],[76.985682,31.768597]]]}},{"type":"Feature","id":"ovt-31025f984fc4","properties":{"id":"ovt-31025f984fc4","name":"Unnamed building","named":false,"area_m2":30.3,"cat":"unknown","scope":"context","src":"Overture Maps 2026-08-19.0 (ML footprints, ODbL/CDLA)","conf":"approximate","dist_core_m":833.0,"zone":"context","cat_conf":"derived","floor_note":"no source data; derived default","floors":2,"f2f":3.5,"roof":"flat","pitch":0,"roof_note":"unverified","wall":"plaster_paint_white","height_m":8.0},"geometry":{"type":"Polygon","coordinates":[[[76.985559,31.768663],[76.985538,31.768599],[76.98558,31.768589],[76.985601,31.768653],[76.985559,31.768663]]]}},{"type":"Feature","id":"ovt-852fcc16759f","properties":{"id":"ovt-852fcc16759f","name":"Unnamed building","named":false,"area_m2":67.6,"cat":"unknown","scope":"context","src":"Overture Maps 2026-08-19.0 (ML footprints, ODbL/CDLA)","conf":"approximate","dist_core_m":694.8,"zone":"context","cat_conf":"derived","floor_note":"no source data; derived default","floors":2,"f2f":3.5,"roof":"flat","pitch":0,"roof_note":"unverified","wall":"plaster_paint_white","height_m":8.0},"geometry":{"type":"Polygon","coordinates":[[[76.985511,31.768829],[76.985592,31.76884],[76.985587,31.768867],[76.985618,31.768872],[76.985611,31.768908],[76.985498,31.768892],[76.985511,31.768829]]]}},{"type":"Feature","id":"ovt-e16b1e884ed8","properties":{"id":"ovt-e16b1e884ed8","name":"Unnamed building","named":false,"area_m2":98.4,"cat":"unknown","scope":"context","src":"Overture Maps 2026-08-19.0 (ML footprints, ODbL/CDLA)","conf":"approximate","dist_core_m":711.7,"zone":"context","cat_conf":"derived","floor_note":"no source data; derived default","floors":2,"f2f":3.5,"roof":"flat","pitch":0,"roof_note":"unverified","wall":"plaster_paint_white","height_m":8.0},"geometry":{"type":"Polygon","coordinates":[[[76.98535,31.768804],[76.985512,31.76884],[76.985495,31.768895],[76.985334,31.768858],[76.98535,31.768804]]]}},{"type":"Feature","id":"ovt-5d926259e6d6","properties":{"id":"ovt-5d926259e6d6","name":"Unnamed building","named":false,"area_m2":96.8,"cat":"unknown","scope":"context","src":"Overture Maps 2026-08-19.0 (ML footprints, ODbL/CDLA)","conf":"approximate","dist_core_m":720.3,"zone":"context","cat_conf":"derived","floor_note":"no source data; derived default","floors":2,"f2f":3.5,"roof":"flat","pitch":0,"roof_note":"unverified","wall":"plaster_paint_white","height_m":8.0},"geometry":{"type":"Polygon","coordinates":[[[76.985612,31.769009],[76.985508,31.769006],[76.985511,31.768908],[76.985573,31.76891],[76.985572,31.768933],[76.985615,31.768934],[76.985612,31.769009]]]}},{"type":"Feature","id":"ovt-8678b8bce185","properties":{"id":"ovt-8678b8bce185","name":"Unnamed building","named":false,"area_m2":12.6,"cat":"unknown","scope":"context","src":"Overture Maps 2026-08-19.0 (ML footprints, ODbL/CDLA)","conf":"approximate","dist_core_m":1376.3,"zone":"context","cat_conf":"derived","floor_note":"no source data; derived default","floors":2,"f2f":3.5,"roof":"flat","pitch":0,"roof_note":"unverified","wall":"plaster_paint_white","height_m":8.0},"geometry":{"type":"Polygon","coordinates":[[[76.98679,31.769875],[76.9868,31.769906],[76.986764,31.769915],[76.986754,31.769884],[76.98679,31.769875]]]}},{"type":"Feature","id":"ovt-aaf5f8414281","properties":{"id":"ovt-aaf5f8414281","name":"Unnamed building","named":false,"area_m2":30.7,"cat":"unknown","scope":"context","src":"Overture Maps 2026-08-19.0 (ML footprints, ODbL/CDLA)","conf":"approximate","dist_core_m":565.1,"zone":"context","cat_conf":"derived","floor_note":"no source data; derived default","floors":2,"f2f":3.5,"roof":"flat","pitch":0,"roof_note":"unverified","wall":"plaster_paint_white","height_m":8.0},"geometry":{"type":"Polygon","coordinates":[[[76.98691,31.770067],[76.986973,31.770073],[76.986967,31.770119],[76.986904,31.770113],[76.98691,31.770067]]]}},{"type":"Feature","id":"ovt-1667ba9064e8","properties":{"id":"ovt-1667ba9064e8","name":"Unnamed building","named":false,"area_m2":67.0,"cat":"unknown","scope":"context","src":"Overture Maps 2026-08-19.0 (ML footprints, ODbL/CDLA)","conf":"approximate","dist_core_m":589.6,"zone":"context","cat_conf":"derived","floor_note":"no source data; derived default","floors":2,"f2f":3.5,"roof":"flat","pitch":0,"roof_note":"unverified","wall":"plaster_paint_white","height_m":8.0},"geometry":{"type":"Polygon","coordinates":[[[76.98702,31.770023],[76.987075,31.770027],[76.987062,31.770144],[76.987008,31.770139],[76.98702,31.770023]]]}},{"type":"Feature","id":"ovt-b8df83f61807","properties":{"id":"ovt-b8df83f61807","name":"Unnamed building","named":false,"area_m2":23.9,"cat":"unknown","scope":"context","src":"Overture Maps 2026-08-19.0 (ML footprints, ODbL/CDLA)","conf":"approximate","dist_core_m":648.5,"zone":"context","cat_conf":"derived","floor_note":"no source data; derived default","floors":2,"f2f":3.5,"roof":"flat","pitch":0,"roof_note":"unverified","wall":"plaster_paint_white","height_m":8.0},"geometry":{"type":"Polygon","coordinates":[[[76.987059,31.769775],[76.987112,31.769787],[76.987096,31.769837],[76.987049,31.769805],[76.987059,31.769775]]]}},{"type":"Feature","id":"ovt-253e3b377b64","properties":{"id":"ovt-253e3b377b64","name":"Unnamed building","named":false,"area_m2":120.5,"cat":"unknown","scope":"context","src":"Overture Maps 2026-08-19.0 (ML footprints, ODbL/CDLA)","conf":"approximate","dist_core_m":637.8,"zone":"context","cat_conf":"derived","floor_note":"no source data; derived default","floors":2,"f2f":3.5,"roof":"flat","pitch":0,"roof_note":"unverified","wall":"plaster_paint_white","height_m":8.0},"geometry":{"type":"Polygon","coordinates":[[[76.986972,31.769634],[76.987068,31.769755],[76.987003,31.769793],[76.986907,31.769672],[76.986972,31.769634]]]}},{"type":"Feature","id":"ovt-4017d1155eb4","properties":{"id":"ovt-4017d1155eb4","name":"Unnamed building","named":false,"area_m2":75.3,"cat":"unknown","scope":"context","src":"Overture Maps 2026-08-19.0 (ML footprints, ODbL/CDLA)","conf":"approximate","dist_core_m":680.0,"zone":"context","cat_conf":"derived","floor_note":"no source data; derived default","floors":2,"f2f":3.5,"roof":"flat","pitch":0,"roof_note":"unverified","wall":"plaster_paint_white","height_m":8.0},"geometry":{"type":"Polygon","coordinates":[[[76.987131,31.769511],[76.987213,31.769487],[76.987244,31.769566],[76.987163,31.76959],[76.987131,31.769511]]]}},{"type":"Feature","id":"ovt-e8f026fb7f00","properties":{"id":"ovt-e8f026fb7f00","name":"Unnamed building","named":false,"area_m2":37.8,"cat":"unknown","scope":"context","src":"Overture Maps 2026-08-19.0 (ML footprints, ODbL/CDLA)","conf":"approximate","dist_core_m":621.8,"zone":"context","cat_conf":"derived","floor_note":"no source data; derived default","floors":2,"f2f":3.5,"roof":"flat","pitch":0,"roof_note":"unverified","wall":"plaster_paint_white","height_m":8.0},"geometry":{"type":"Polygon","coordinates":[[[76.986815,31.769718],[76.986812,31.769668],[76.986884,31.769665],[76.986887,31.769715],[76.986815,31.769718]]]}},{"type":"Feature","id":"ovt-0f94e4eeb05f","properties":{"id":"ovt-0f94e4eeb05f","name":"Unnamed building","named":false,"area_m2":55.4,"cat":"unknown","scope":"context","src":"Overture Maps 2026-08-19.0 (ML footprints, ODbL/CDLA)","conf":"approximate","dist_core_m":670.9,"zone":"context","cat_conf":"derived","floor_note":"no source data; derived default","floors":2,"f2f":3.5,"roof":"flat","pitch":0,"roof_note":"unverified","wall":"plaster_paint_white","height_m":8.0},"geometry":{"type":"Polygon","coordinates":[[[76.987028,31.769422],[76.987127,31.769421],[76.987127,31.769475],[76.987028,31.769475],[76.987028,31.769422]]]}},{"type":"Feature","id":"ovt-a768b5453735","properties":{"id":"ovt-a768b5453735","name":"Unnamed building","named":false,"area_m2":43.6,"cat":"unknown","scope":"context","src":"Overture Maps 2026-08-19.0 (ML footprints, ODbL/CDLA)","conf":"approximate","dist_core_m":803.0,"zone":"context","cat_conf":"derived","floor_note":"no source data; derived default","floors":2,"f2f":3.5,"roof":"flat","pitch":0,"roof_note":"unverified","wall":"plaster_paint_white","height_m":8.0},"geometry":{"type":"Polygon","coordinates":[[[76.987268,31.768294],[76.987296,31.768365],[76.987243,31.76838],[76.987215,31.76831],[76.987268,31.768294]]]}},{"type":"Feature","id":"ovt-54cacd0f5307","properties":{"id":"ovt-54cacd0f5307","name":"Unnamed building","named":false,"area_m2":114.2,"cat":"unknown","scope":"context","src":"Overture Maps 2026-08-19.0 (ML footprints, ODbL/CDLA)","conf":"approximate","dist_core_m":822.1,"zone":"context","cat_conf":"derived","floor_note":"no source data; derived default","floors":2,"f2f":3.5,"roof":"flat","pitch":0,"roof_note":"unverified","wall":"plaster_paint_white","height_m":8.0},"geometry":{"type":"Polygon","coordinates":[[[76.986648,31.768165],[76.986642,31.768055],[76.986741,31.768051],[76.986747,31.768161],[76.986648,31.768165]]]}},{"type":"Feature","id":"ovt-04c77b91741e","properties":{"id":"ovt-04c77b91741e","name":"Unnamed building","named":false,"area_m2":26.0,"cat":"unknown","scope":"context","src":"Overture Maps 2026-08-19.0 (ML footprints, ODbL/CDLA)","conf":"approximate","dist_core_m":889.9,"zone":"context","cat_conf":"derived","floor_note":"no source data; derived default","floors":2,"f2f":3.5,"roof":"flat","pitch":0,"roof_note":"unverified","wall":"plaster_paint_white","height_m":8.0},"geometry":{"type":"Polygon","coordinates":[[[76.985417,31.768486],[76.985466,31.768474],[76.985481,31.768521],[76.985432,31.768533],[76.985417,31.768486]]]}},{"type":"Feature","id":"ovt-97e1ce5a275b","properties":{"id":"ovt-97e1ce5a275b","name":"Unnamed building","named":false,"area_m2":29.4,"cat":"unknown","scope":"context","src":"Overture Maps 2026-08-19.0 (ML footprints, ODbL/CDLA)","conf":"approximate","dist_core_m":883.4,"zone":"context","cat_conf":"derived","floor_note":"no source data; derived default","floors":2,"f2f":3.5,"roof":"flat","pitch":0,"roof_note":"unverified","wall":"plaster_paint_white","height_m":8.0},"geometry":{"type":"Polygon","coordinates":[[[76.987278,31.768397],[76.987304,31.768382],[76.987363,31.768456],[76.987337,31.768471],[76.987278,31.768397]]]}},{"type":"Feature","id":"ovt-0abe43ac658f","properties":{"id":"ovt-0abe43ac658f","name":"Unnamed building","named":false,"area_m2":27.9,"cat":"unknown","scope":"context","src":"Overture Maps 2026-08-19.0 (ML footprints, ODbL/CDLA)","conf":"approximate","dist_core_m":780.8,"zone":"context","cat_conf":"derived","floor_note":"no source data; derived default","floors":2,"f2f":3.5,"roof":"flat","pitch":0,"roof_note":"unverified","wall":"plaster_paint_white","height_m":8.0},"geometry":{"type":"Polygon","coordinates":[[[76.987648,31.770016],[76.987623,31.770058],[76.987572,31.770035],[76.987598,31.769994],[76.987648,31.770016]]]}},{"type":"Feature","id":"ovt-276f9bf42717","properties":{"id":"ovt-276f9bf42717","name":"Unnamed building","named":false,"area_m2":23.5,"cat":"unknown","scope":"context","src":"Overture Maps 2026-08-19.0 (ML footprints, ODbL/CDLA)","conf":"approximate","dist_core_m":592.3,"zone":"context","cat_conf":"derived","floor_note":"no source data; derived default","floors":2,"f2f":3.5,"roof":"flat","pitch":0,"roof_note":"unverified","wall":"plaster_paint_white","height_m":8.0},"geometry":{"type":"Polygon","coordinates":[[[76.987494,31.770059],[76.987449,31.770051],[76.98746,31.770003],[76.987505,31.770011],[76.987494,31.770059]]]}},{"type":"Feature","id":"ovt-b7e2bed09e6e","properties":{"id":"ovt-b7e2bed09e6e","name":"Unnamed building","named":false,"area_m2":68.4,"cat":"unknown","scope":"context","src":"Overture Maps 2026-08-19.0 (ML footprints, ODbL/CDLA)","conf":"approximate","dist_core_m":638.2,"zone":"context","cat_conf":"derived","floor_note":"no source data; derived default","floors":2,"f2f":3.5,"roof":"flat","pitch":0,"roof_note":"unverified","wall":"plaster_paint_white","height_m":8.0},"geometry":{"type":"Polygon","coordinates":[[[76.987421,31.770068],[76.987424,31.770126],[76.987311,31.770129],[76.987309,31.770071],[76.987421,31.770068]]]}},{"type":"Feature","id":"ovt-2e760f4d1797","properties":{"id":"ovt-2e760f4d1797","name":"South Campus building 53","named":false,"area_m2":73.6,"cat":"utility","scope":"campus","src":"Overture Maps 2026-08-19.0 (ML footprints, ODbL/CDLA)","conf":"derived","dist_core_m":360.3,"zone":"south","cat_conf":"derived","floors":1,"f2f":3.0,"floor_note":"utility structure","roof":"sloped","pitch":18,"roof_note":"light metal roof","wall":"metal_sheet_industrial","height_m":4.0,"name_conf":"derived","entrance_lat":31.773124,"entrance_lng":76.988973,"entrance_dist_m":196.1,"entrance_conf":"derived"},"geometry":{"type":"Polygon","coordinates":[[[76.988868,31.773061],[76.988953,31.773045],[76.988973,31.773124],[76.988888,31.77314],[76.988868,31.773061]]]}},{"type":"Feature","id":"ovt-031a1dad3cef","properties":{"id":"ovt-031a1dad3cef","name":"Unnamed building","named":false,"area_m2":94.6,"cat":"unknown","scope":"context","src":"Overture Maps 2026-08-19.0 (ML footprints, ODbL/CDLA)","conf":"approximate","dist_core_m":1044.0,"zone":"context","cat_conf":"derived","floor_note":"no source data; derived default","floors":2,"f2f":3.5,"roof":"flat","pitch":0,"roof_note":"unverified","wall":"plaster_paint_white","height_m":8.0},"geometry":{"type":"Polygon","coordinates":[[[76.996838,31.772014],[76.996801,31.77196],[76.996926,31.771898],[76.996963,31.771952],[76.996838,31.772014]]]}},{"type":"Feature","id":"ovt-677a2d1546ec","properties":{"id":"ovt-677a2d1546ec","name":"Unnamed building","named":false,"area_m2":22.4,"cat":"unknown","scope":"context","src":"Overture Maps 2026-08-19.0 (ML footprints, ODbL/CDLA)","conf":"approximate","dist_core_m":932.2,"zone":"context","cat_conf":"derived","floor_note":"no source data; derived default","floors":2,"f2f":3.5,"roof":"flat","pitch":0,"roof_note":"unverified","wall":"plaster_paint_white","height_m":8.0},"geometry":{"type":"Polygon","coordinates":[[[76.996989,31.771919],[76.99703,31.771954],[76.997,31.77198],[76.996958,31.771944],[76.996989,31.771919]]]}},{"type":"Feature","id":"ovt-ddab3fd86d3a","properties":{"id":"ovt-ddab3fd86d3a","name":"Unnamed building","named":false,"area_m2":21.0,"cat":"unknown","scope":"context","src":"Overture Maps 2026-08-19.0 (ML footprints, ODbL/CDLA)","conf":"approximate","dist_core_m":989.6,"zone":"context","cat_conf":"derived","floor_note":"no source data; derived default","floors":2,"f2f":3.5,"roof":"flat","pitch":0,"roof_note":"unverified","wall":"plaster_paint_white","height_m":8.0},"geometry":{"type":"Polygon","coordinates":[[[76.996971,31.771833],[76.99702,31.77185],[76.997004,31.771885],[76.996955,31.771869],[76.996971,31.771833]]]}},{"type":"Feature","id":"ovt-a5255a675cbc","properties":{"id":"ovt-a5255a675cbc","name":"Unnamed building","named":false,"area_m2":22.9,"cat":"unknown","scope":"context","src":"Overture Maps 2026-08-19.0 (ML footprints, ODbL/CDLA)","conf":"approximate","dist_core_m":989.3,"zone":"context","cat_conf":"derived","floor_note":"no source data; derived default","floors":2,"f2f":3.5,"roof":"flat","pitch":0,"roof_note":"unverified","wall":"plaster_paint_white","height_m":8.0},"geometry":{"type":"Polygon","coordinates":[[[76.996917,31.77184],[76.996937,31.771883],[76.996893,31.771898],[76.996873,31.771855],[76.996917,31.77184]]]}},{"type":"Feature","id":"ovt-e6f042ff7c20","properties":{"id":"ovt-e6f042ff7c20","name":"Unnamed building","named":false,"area_m2":120.8,"cat":"unknown","scope":"context","src":"Overture Maps 2026-08-19.0 (ML footprints, ODbL/CDLA)","conf":"approximate","dist_core_m":1028.7,"zone":"context","cat_conf":"derived","floor_note":"no source data; derived default","floors":2,"f2f":3.5,"roof":"flat","pitch":0,"roof_note":"unverified","wall":"plaster_paint_white","height_m":8.0},"geometry":{"type":"Polygon","coordinates":[[[76.997773,31.77176],[76.99783,31.771842],[76.997725,31.771895],[76.997669,31.771814],[76.997773,31.77176]]]}},{"type":"Feature","id":"ovt-00fcf13dd757","properties":{"id":"ovt-00fcf13dd757","name":"Unnamed building","named":false,"area_m2":23.2,"cat":"unknown","scope":"context","src":"Overture Maps 2026-08-19.0 (ML footprints, ODbL/CDLA)","conf":"approximate","dist_core_m":992.6,"zone":"context","cat_conf":"derived","floor_note":"no source data; derived default","floors":2,"f2f":3.5,"roof":"flat","pitch":0,"roof_note":"unverified","wall":"plaster_paint_white","height_m":8.0},"geometry":{"type":"Polygon","coordinates":[[[76.9976,31.771768],[76.997638,31.771784],[76.997613,31.771831],[76.997574,31.771815],[76.9976,31.771768]]]}},{"type":"Feature","id":"ovt-8c4c3e5e3fa8","properties":{"id":"ovt-8c4c3e5e3fa8","name":"Unnamed building","named":false,"area_m2":97.3,"cat":"unknown","scope":"context","src":"Overture Maps 2026-08-19.0 (ML footprints, ODbL/CDLA)","conf":"approximate","dist_core_m":1037.7,"zone":"context","cat_conf":"derived","floor_note":"no source data; derived default","floors":2,"f2f":3.5,"roof":"flat","pitch":0,"roof_note":"unverified","wall":"plaster_paint_white","height_m":8.0},"geometry":{"type":"Polygon","coordinates":[[[76.997457,31.771711],[76.997569,31.771774],[76.997524,31.771832],[76.997412,31.771768],[76.997457,31.771711]]]}},{"type":"Feature","id":"ovt-7583ea428691","properties":{"id":"ovt-7583ea428691","name":"Unnamed building","named":false,"area_m2":47.0,"cat":"unknown","scope":"context","src":"Overture Maps 2026-08-19.0 (ML footprints, ODbL/CDLA)","conf":"approximate","dist_core_m":1053.0,"zone":"context","cat_conf":"derived","floor_note":"no source data; derived default","floors":2,"f2f":3.5,"roof":"flat","pitch":0,"roof_note":"unverified","wall":"plaster_paint_white","height_m":8.0},"geometry":{"type":"Polygon","coordinates":[[[76.997642,31.771865],[76.997649,31.771905],[76.99754,31.77192],[76.997532,31.77188],[76.997642,31.771865]]]}},{"type":"Feature","id":"ovt-b5f98eb2f86b","properties":{"id":"ovt-b5f98eb2f86b","name":"Unnamed building","named":false,"area_m2":33.6,"cat":"unknown","scope":"context","src":"Overture Maps 2026-08-19.0 (ML footprints, ODbL/CDLA)","conf":"approximate","dist_core_m":977.5,"zone":"context","cat_conf":"derived","floor_note":"no source data; derived default","floors":2,"f2f":3.5,"roof":"flat","pitch":0,"roof_note":"unverified","wall":"plaster_paint_white","height_m":8.0},"geometry":{"type":"Polygon","coordinates":[[[76.996826,31.772744],[76.996856,31.772781],[76.996798,31.772816],[76.996768,31.772778],[76.996826,31.772744]]]}},{"type":"Feature","id":"ovt-0d48f3a477b5","properties":{"id":"ovt-0d48f3a477b5","name":"Unnamed building","named":false,"area_m2":28.1,"cat":"unknown","scope":"context","src":"Overture Maps 2026-08-19.0 (ML footprints, ODbL/CDLA)","conf":"approximate","dist_core_m":842.5,"zone":"context","cat_conf":"derived","floor_note":"no source data; derived default","floors":2,"f2f":3.5,"roof":"flat","pitch":0,"roof_note":"unverified","wall":"plaster_paint_white","height_m":8.0},"geometry":{"type":"Polygon","coordinates":[[[76.996568,31.772849],[76.996641,31.77282],[76.996658,31.77285],[76.996585,31.772879],[76.996568,31.772849]]]}},{"type":"Feature","id":"ovt-76b7c297a0a8","properties":{"id":"ovt-76b7c297a0a8","name":"Unnamed building","named":false,"area_m2":32.1,"cat":"unknown","scope":"context","src":"Overture Maps 2026-08-19.0 (ML footprints, ODbL/CDLA)","conf":"approximate","dist_core_m":942.6,"zone":"context","cat_conf":"derived","floor_note":"no source data; derived default","floors":2,"f2f":3.5,"roof":"flat","pitch":0,"roof_note":"unverified","wall":"plaster_paint_white","height_m":8.0},"geometry":{"type":"Polygon","coordinates":[[[76.996506,31.7729],[76.99649,31.77286],[76.996558,31.77284],[76.996575,31.77288],[76.996506,31.7729]]]}},{"type":"Feature","id":"ovt-efe0b2b3b1d7","properties":{"id":"ovt-efe0b2b3b1d7","name":"Unnamed building","named":false,"area_m2":11.1,"cat":"unknown","scope":"context","src":"Overture Maps 2026-08-19.0 (ML footprints, ODbL/CDLA)","conf":"approximate","dist_core_m":664.0,"zone":"context","cat_conf":"derived","floor_note":"no source data; derived default","floors":2,"f2f":3.5,"roof":"flat","pitch":0,"roof_note":"unverified","wall":"plaster_paint_white","height_m":8.0},"geometry":{"type":"Polygon","coordinates":[[[76.996611,31.77306],[76.996642,31.773067],[76.996632,31.773099],[76.996601,31.773092],[76.996611,31.77306]]]}},{"type":"Feature","id":"ovt-55aeb4b84526","properties":{"id":"ovt-55aeb4b84526","name":"Unnamed building","named":false,"area_m2":60.3,"cat":"unknown","scope":"context","src":"Overture Maps 2026-08-19.0 (ML footprints, ODbL/CDLA)","conf":"approximate","dist_core_m":900.5,"zone":"context","cat_conf":"derived","floor_note":"no source data; derived default","floors":2,"f2f":3.5,"roof":"flat","pitch":0,"roof_note":"unverified","wall":"plaster_paint_white","height_m":8.0},"geometry":{"type":"Polygon","coordinates":[[[76.996755,31.773039],[76.996772,31.773084],[76.996656,31.773116],[76.996639,31.773071],[76.996755,31.773039]]]}},{"type":"Feature","id":"ovt-df2de40a26bb","properties":{"id":"ovt-df2de40a26bb","name":"Unnamed building","named":false,"area_m2":54.6,"cat":"unknown","scope":"context","src":"Overture Maps 2026-08-19.0 (ML footprints, ODbL/CDLA)","conf":"approximate","dist_core_m":895.9,"zone":"context","cat_conf":"derived","floor_note":"no source data; derived default","floors":2,"f2f":3.5,"roof":"flat","pitch":0,"roof_note":"unverified","wall":"plaster_paint_white","height_m":8.0},"geometry":{"type":"Polygon","coordinates":[[[76.996865,31.773042],[76.996891,31.773094],[76.996805,31.773124],[76.996779,31.773073],[76.996865,31.773042]]]}},{"type":"Feature","id":"ovt-2c218c84b3b7","properties":{"id":"ovt-2c218c84b3b7","name":"Unnamed building","named":false,"area_m2":13.7,"cat":"unknown","scope":"context","src":"Overture Maps 2026-08-19.0 (ML footprints, ODbL/CDLA)","conf":"approximate","dist_core_m":1123.3,"zone":"context","cat_conf":"derived","floor_note":"no source data; derived default","floors":2,"f2f":3.5,"roof":"flat","pitch":0,"roof_note":"unverified","wall":"plaster_paint_white","height_m":8.0},"geometry":{"type":"Polygon","coordinates":[[[76.999044,31.77122],[76.999102,31.77122],[76.999102,31.771243],[76.999044,31.771242],[76.999044,31.77122]]]}},{"type":"Feature","id":"ovt-1997ebd87b93","properties":{"id":"ovt-1997ebd87b93","name":"Unnamed building","named":false,"area_m2":53.9,"cat":"unknown","scope":"context","src":"Overture Maps 2026-08-19.0 (ML footprints, ODbL/CDLA)","conf":"approximate","dist_core_m":1120.3,"zone":"context","cat_conf":"derived","floor_note":"no source data; derived default","floors":2,"f2f":3.5,"roof":"flat","pitch":0,"roof_note":"unverified","wall":"plaster_paint_white","height_m":8.0},"geometry":{"type":"Polygon","coordinates":[[[76.998958,31.771177],[76.999035,31.771172],[76.999041,31.771238],[76.998964,31.771244],[76.998958,31.771177]]]}},{"type":"Feature","id":"ovt-36a63223f2f9","properties":{"id":"ovt-36a63223f2f9","name":"Unnamed building","named":false,"area_m2":138.5,"cat":"unknown","scope":"context","src":"Overture Maps 2026-08-19.0 (ML footprints, ODbL/CDLA)","conf":"approximate","dist_core_m":1129.7,"zone":"context","cat_conf":"derived","floor_note":"no source data; derived default","floors":2,"f2f":3.5,"roof":"flat","pitch":0,"roof_note":"unverified","wall":"plaster_paint_white","height_m":8.0},"geometry":{"type":"Polygon","coordinates":[[[76.999088,31.771012],[76.999125,31.771169],[76.999044,31.771183],[76.999007,31.771026],[76.999088,31.771012]]]}},{"type":"Feature","id":"ovt-42b192116816","properties":{"id":"ovt-42b192116816","name":"Unnamed building","named":false,"area_m2":21.6,"cat":"unknown","scope":"context","src":"Overture Maps 2026-08-19.0 (ML footprints, ODbL/CDLA)","conf":"approximate","dist_core_m":1080.0,"zone":"context","cat_conf":"derived","floor_note":"no source data; derived default","floors":2,"f2f":3.5,"roof":"flat","pitch":0,"roof_note":"unverified","wall":"plaster_paint_white","height_m":8.0},"geometry":{"type":"Polygon","coordinates":[[[76.998315,31.770927],[76.998367,31.770943],[76.998352,31.770978],[76.9983,31.770962],[76.998315,31.770927]]]}},{"type":"Feature","id":"ovt-e9c865b3d867","properties":{"id":"ovt-e9c865b3d867","name":"Unnamed building","named":false,"area_m2":25.9,"cat":"unknown","scope":"context","src":"Overture Maps 2026-08-19.0 (ML footprints, ODbL/CDLA)","conf":"approximate","dist_core_m":1107.7,"zone":"context","cat_conf":"derived","floor_note":"no source data; derived default","floors":2,"f2f":3.5,"roof":"flat","pitch":0,"roof_note":"unverified","wall":"plaster_paint_white","height_m":8.0},"geometry":{"type":"Polygon","coordinates":[[[76.998214,31.770929],[76.998272,31.770933],[76.998269,31.770975],[76.99821,31.770971],[76.998214,31.770929]]]}},{"type":"Feature","id":"ovt-5036608a0841","properties":{"id":"ovt-5036608a0841","name":"Unnamed building","named":false,"area_m2":88.9,"cat":"unknown","scope":"context","src":"Overture Maps 2026-08-19.0 (ML footprints, ODbL/CDLA)","conf":"approximate","dist_core_m":1092.5,"zone":"context","cat_conf":"derived","floor_note":"no source data; derived default","floors":2,"f2f":3.5,"roof":"flat","pitch":0,"roof_note":"unverified","wall":"plaster_paint_white","height_m":8.0},"geometry":{"type":"Polygon","coordinates":[[[76.997638,31.771337],[76.997649,31.771395],[76.997507,31.771415],[76.997495,31.771357],[76.997638,31.771337]]]}},{"type":"Feature","id":"ovt-f5ec8d9fa00d","properties":{"id":"ovt-f5ec8d9fa00d","name":"Unnamed building","named":false,"area_m2":33.7,"cat":"unknown","scope":"context","src":"Overture Maps 2026-08-19.0 (ML footprints, ODbL/CDLA)","conf":"approximate","dist_core_m":894.0,"zone":"context","cat_conf":"derived","floor_note":"no source data; derived default","floors":2,"f2f":3.5,"roof":"flat","pitch":0,"roof_note":"unverified","wall":"plaster_paint_white","height_m":8.0},"geometry":{"type":"Polygon","coordinates":[[[76.996976,31.771539],[76.997012,31.771546],[76.996989,31.771631],[76.996953,31.771624],[76.996976,31.771539]]]}},{"type":"Feature","id":"ovt-c49cfd5f5385","properties":{"id":"ovt-c49cfd5f5385","name":"Unnamed building","named":false,"area_m2":77.1,"cat":"unknown","scope":"context","src":"Overture Maps 2026-08-19.0 (ML footprints, ODbL/CDLA)","conf":"approximate","dist_core_m":1029.6,"zone":"context","cat_conf":"derived","floor_note":"no source data; derived default","floors":2,"f2f":3.5,"roof":"flat","pitch":0,"roof_note":"unverified","wall":"plaster_paint_white","height_m":8.0},"geometry":{"type":"Polygon","coordinates":[[[76.997037,31.771524],[76.997137,31.771538],[76.997131,31.771571],[76.997106,31.771567],[76.997096,31.771619],[76.997021,31.771609],[76.997037,31.771524]]]}},{"type":"Feature","id":"ovt-9cdd7632247c","properties":{"id":"ovt-9cdd7632247c","name":"Unnamed building","named":false,"area_m2":73.0,"cat":"unknown","scope":"context","src":"Overture Maps 2026-08-19.0 (ML footprints, ODbL/CDLA)","conf":"approximate","dist_core_m":1044.5,"zone":"context","cat_conf":"derived","floor_note":"no source data; derived default","floors":2,"f2f":3.5,"roof":"flat","pitch":0,"roof_note":"unverified","wall":"plaster_paint_white","height_m":8.0},"geometry":{"type":"Polygon","coordinates":[[[76.997123,31.771501],[76.997016,31.771484],[76.99703,31.771421],[76.997138,31.771439],[76.997123,31.771501]]]}},{"type":"Feature","id":"ovt-3046018b5089","properties":{"id":"ovt-3046018b5089","name":"Unnamed building","named":false,"area_m2":11.8,"cat":"unknown","scope":"context","src":"Overture Maps 2026-08-19.0 (ML footprints, ODbL/CDLA)","conf":"approximate","dist_core_m":912.9,"zone":"context","cat_conf":"derived","floor_note":"no source data; derived default","floors":2,"f2f":3.5,"roof":"flat","pitch":0,"roof_note":"unverified","wall":"plaster_paint_white","height_m":8.0},"geometry":{"type":"Polygon","coordinates":[[[76.996789,31.771227],[76.996827,31.77122],[76.996834,31.771249],[76.996796,31.771255],[76.996789,31.771227]]]}},{"type":"Feature","id":"ovt-6508334db648","properties":{"id":"ovt-6508334db648","name":"Unnamed building","named":false,"area_m2":17.5,"cat":"unknown","scope":"context","src":"Overture Maps 2026-08-19.0 (ML footprints, ODbL/CDLA)","conf":"approximate","dist_core_m":946.4,"zone":"context","cat_conf":"derived","floor_note":"no source data; derived default","floors":2,"f2f":3.5,"roof":"flat","pitch":0,"roof_note":"unverified","wall":"plaster_paint_white","height_m":8.0},"geometry":{"type":"Polygon","coordinates":[[[76.99664,31.771206],[76.996663,31.771181],[76.996704,31.771209],[76.996681,31.771234],[76.99664,31.771206]]]}},{"type":"Feature","id":"ovt-709ba4d28f1f","properties":{"id":"ovt-709ba4d28f1f","name":"Unnamed building","named":false,"area_m2":15.9,"cat":"unknown","scope":"context","src":"Overture Maps 2026-08-19.0 (ML footprints, ODbL/CDLA)","conf":"approximate","dist_core_m":1385.0,"zone":"context","cat_conf":"derived","floor_note":"no source data; derived default","floors":2,"f2f":3.5,"roof":"flat","pitch":0,"roof_note":"unverified","wall":"plaster_paint_white","height_m":8.0},"geometry":{"type":"Polygon","coordinates":[[[76.998812,31.768608],[76.998813,31.768645],[76.998772,31.768646],[76.998771,31.768609],[76.998812,31.768608]]]}},{"type":"Feature","id":"ovt-5fb5bf76f5cb","properties":{"id":"ovt-5fb5bf76f5cb","name":"Unnamed building","named":false,"area_m2":14.6,"cat":"unknown","scope":"context","src":"Overture Maps 2026-08-19.0 (ML footprints, ODbL/CDLA)","conf":"approximate","dist_core_m":1328.0,"zone":"context","cat_conf":"derived","floor_note":"no source data; derived default","floors":2,"f2f":3.5,"roof":"flat","pitch":0,"roof_note":"unverified","wall":"plaster_paint_white","height_m":8.0},"geometry":{"type":"Polygon","coordinates":[[[76.998751,31.768589],[76.998759,31.768549],[76.998793,31.768554],[76.998785,31.768594],[76.998751,31.768589]]]}},{"type":"Feature","id":"ovt-a75b8efe6720","properties":{"id":"ovt-a75b8efe6720","name":"Unnamed building","named":false,"area_m2":28.6,"cat":"unknown","scope":"context","src":"Overture Maps 2026-08-19.0 (ML footprints, ODbL/CDLA)","conf":"approximate","dist_core_m":1252.4,"zone":"context","cat_conf":"derived","floor_note":"no source data; derived default","floors":2,"f2f":3.5,"roof":"flat","pitch":0,"roof_note":"unverified","wall":"plaster_paint_white","height_m":8.0},"geometry":{"type":"Polygon","coordinates":[[[76.996847,31.769294],[76.996804,31.769278],[76.996832,31.769225],[76.996875,31.76924],[76.996847,31.769294]]]}},{"type":"Feature","id":"ovt-aaae9b57f817","properties":{"id":"ovt-aaae9b57f817","name":"Unnamed building","named":false,"area_m2":15.5,"cat":"unknown","scope":"context","src":"Overture Maps 2026-08-19.0 (ML footprints, ODbL/CDLA)","conf":"approximate","dist_core_m":1317.1,"zone":"context","cat_conf":"derived","floor_note":"no source data; derived default","floors":2,"f2f":3.5,"roof":"flat","pitch":0,"roof_note":"unverified","wall":"plaster_paint_white","height_m":8.0},"geometry":{"type":"Polygon","coordinates":[[[76.996911,31.768449],[76.996906,31.768499],[76.996877,31.768497],[76.996881,31.768447],[76.996911,31.768449]]]}},{"type":"Feature","id":"ovt-d41cb75f98f2","properties":{"id":"ovt-d41cb75f98f2","name":"Unnamed building","named":false,"area_m2":54.2,"cat":"unknown","scope":"context","src":"Overture Maps 2026-08-19.0 (ML footprints, ODbL/CDLA)","conf":"approximate","dist_core_m":1371.8,"zone":"context","cat_conf":"derived","floor_note":"no source data; derived default","floors":2,"f2f":3.5,"roof":"flat","pitch":0,"roof_note":"unverified","wall":"plaster_paint_white","height_m":8.0},"geometry":{"type":"Polygon","coordinates":[[[76.998666,31.768309],[76.998721,31.768316],[76.998704,31.768408],[76.998649,31.768401],[76.998666,31.768309]]]}},{"type":"Feature","id":"ovt-6fd60a721dbc","properties":{"id":"ovt-6fd60a721dbc","name":"Unnamed building","named":false,"area_m2":17.4,"cat":"unknown","scope":"context","src":"Overture Maps 2026-08-19.0 (ML footprints, ODbL/CDLA)","conf":"approximate","dist_core_m":1315.4,"zone":"context","cat_conf":"derived","floor_note":"no source data; derived default","floors":2,"f2f":3.5,"roof":"flat","pitch":0,"roof_note":"unverified","wall":"plaster_paint_white","height_m":8.0},"geometry":{"type":"Polygon","coordinates":[[[76.99967,31.768164],[76.999707,31.768164],[76.999707,31.768209],[76.99967,31.768209],[76.99967,31.768164]]]}},{"type":"Feature","id":"ovt-b1c2efed6196","properties":{"id":"ovt-b1c2efed6196","name":"Unnamed building","named":false,"area_m2":142.7,"cat":"unknown","scope":"context","src":"Overture Maps 2026-08-19.0 (ML footprints, ODbL/CDLA)","conf":"approximate","dist_core_m":1468.0,"zone":"context","cat_conf":"derived","floor_note":"no source data; derived default","floors":2,"f2f":3.5,"roof":"flat","pitch":0,"roof_note":"unverified","wall":"plaster_paint_white","height_m":8.0},"geometry":{"type":"Polygon","coordinates":[[[76.999738,31.768177],[76.999893,31.768224],[76.99986,31.768302],[76.999706,31.768256],[76.999738,31.768177]]]}},{"type":"Feature","id":"ovt-d68b319b8930","properties":{"id":"ovt-d68b319b8930","name":"Unnamed building","named":false,"area_m2":18.0,"cat":"unknown","scope":"context","src":"Overture Maps 2026-08-19.0 (ML footprints, ODbL/CDLA)","conf":"approximate","dist_core_m":1435.6,"zone":"context","cat_conf":"derived","floor_note":"no source data; derived default","floors":2,"f2f":3.5,"roof":"flat","pitch":0,"roof_note":"unverified","wall":"plaster_paint_white","height_m":8.0},"geometry":{"type":"Polygon","coordinates":[[[76.999586,31.768454],[76.999616,31.768492],[76.999585,31.76851],[76.999555,31.768472],[76.999586,31.768454]]]}},{"type":"Feature","id":"ovt-f183fbc6a511","properties":{"id":"ovt-f183fbc6a511","name":"Unnamed building","named":false,"area_m2":40.6,"cat":"unknown","scope":"context","src":"Overture Maps 2026-08-19.0 (ML footprints, ODbL/CDLA)","conf":"approximate","dist_core_m":1378.8,"zone":"context","cat_conf":"derived","floor_note":"no source data; derived default","floors":2,"f2f":3.5,"roof":"flat","pitch":0,"roof_note":"unverified","wall":"plaster_paint_white","height_m":8.0},"geometry":{"type":"Polygon","coordinates":[[[76.999489,31.768532],[76.999556,31.768532],[76.999556,31.76859],[76.999488,31.768589],[76.999489,31.768532]]]}},{"type":"Feature","id":"ovt-a2cd863f5dd8","properties":{"id":"ovt-a2cd863f5dd8","name":"Unnamed building","named":false,"area_m2":13.1,"cat":"unknown","scope":"context","src":"Overture Maps 2026-08-19.0 (ML footprints, ODbL/CDLA)","conf":"approximate","dist_core_m":1333.0,"zone":"context","cat_conf":"derived","floor_note":"no source data; derived default","floors":2,"f2f":3.5,"roof":"flat","pitch":0,"roof_note":"unverified","wall":"plaster_paint_white","height_m":8.0},"geometry":{"type":"Polygon","coordinates":[[[76.999963,31.769134],[76.999913,31.769125],[76.999919,31.769101],[76.999969,31.76911],[76.999963,31.769134]]]}},{"type":"Feature","id":"ovt-21e4fe17af18","properties":{"id":"ovt-21e4fe17af18","name":"Unnamed building","named":false,"area_m2":131.9,"cat":"unknown","scope":"context","src":"Overture Maps 2026-08-19.0 (ML footprints, ODbL/CDLA)","conf":"approximate","dist_core_m":1343.0,"zone":"context","cat_conf":"derived","floor_note":"no source data; derived default","floors":2,"f2f":3.5,"roof":"flat","pitch":0,"roof_note":"unverified","wall":"plaster_paint_white","height_m":8.0},"geometry":{"type":"Polygon","coordinates":[[[76.999964,31.769399],[76.999792,31.769395],[76.999794,31.769322],[76.999967,31.769326],[76.999964,31.769399]]]}},{"type":"Feature","id":"ovt-56bc0e67d4d0","properties":{"id":"ovt-56bc0e67d4d0","name":"Unnamed building","named":false,"area_m2":29.7,"cat":"unknown","scope":"context","src":"Overture Maps 2026-08-19.0 (ML footprints, ODbL/CDLA)","conf":"approximate","dist_core_m":1331.1,"zone":"context","cat_conf":"derived","floor_note":"no source data; derived default","floors":2,"f2f":3.5,"roof":"flat","pitch":0,"roof_note":"unverified","wall":"plaster_paint_white","height_m":8.0},"geometry":{"type":"Polygon","coordinates":[[[76.999979,31.76946],[77.000008,31.769509],[76.999962,31.769529],[76.999933,31.76948],[76.999979,31.76946]]]}},{"type":"Feature","id":"ovt-a0ab04eeb3e4","properties":{"id":"ovt-a0ab04eeb3e4","name":"Unnamed building","named":false,"area_m2":45.1,"cat":"unknown","scope":"context","src":"Overture Maps 2026-08-19.0 (ML footprints, ODbL/CDLA)","conf":"approximate","dist_core_m":1355.1,"zone":"context","cat_conf":"derived","floor_note":"no source data; derived default","floors":2,"f2f":3.5,"roof":"flat","pitch":0,"roof_note":"unverified","wall":"plaster_paint_white","height_m":8.0},"geometry":{"type":"Polygon","coordinates":[[[76.999874,31.769414],[76.999928,31.769422],[76.999912,31.769499],[76.999858,31.769492],[76.999874,31.769414]]]}},{"type":"Feature","id":"ovt-04531bc32fc9","properties":{"id":"ovt-04531bc32fc9","name":"Unnamed building","named":false,"area_m2":14.1,"cat":"unknown","scope":"context","src":"Overture Maps 2026-08-19.0 (ML footprints, ODbL/CDLA)","conf":"approximate","dist_core_m":1215.9,"zone":"context","cat_conf":"derived","floor_note":"no source data; derived default","floors":2,"f2f":3.5,"roof":"flat","pitch":0,"roof_note":"unverified","wall":"plaster_paint_white","height_m":8.0},"geometry":{"type":"Polygon","coordinates":[[[76.999787,31.769416],[76.999829,31.769416],[76.999829,31.769448],[76.999788,31.769449],[76.999787,31.769416]]]}},{"type":"Feature","id":"ovt-7e0ad1653911","properties":{"id":"ovt-7e0ad1653911","name":"Unnamed building","named":false,"area_m2":10.9,"cat":"unknown","scope":"context","src":"Overture Maps 2026-08-19.0 (ML footprints, ODbL/CDLA)","conf":"approximate","dist_core_m":1303.1,"zone":"context","cat_conf":"derived","floor_note":"no source data; derived default","floors":2,"f2f":3.5,"roof":"flat","pitch":0,"roof_note":"unverified","wall":"plaster_paint_white","height_m":8.0},"geometry":{"type":"Polygon","coordinates":[[[76.999857,31.769537],[76.999888,31.769541],[76.999883,31.769574],[76.999852,31.76957],[76.999857,31.769537]]]}},{"type":"Feature","id":"ovt-84d4f1215382","properties":{"id":"ovt-84d4f1215382","name":"Unnamed building","named":false,"area_m2":21.4,"cat":"unknown","scope":"context","src":"Overture Maps 2026-08-19.0 (ML footprints, ODbL/CDLA)","conf":"approximate","dist_core_m":1331.7,"zone":"context","cat_conf":"derived","floor_note":"no source data; derived default","floors":2,"f2f":3.5,"roof":"flat","pitch":0,"roof_note":"unverified","wall":"plaster_paint_white","height_m":8.0},"geometry":{"type":"Polygon","coordinates":[[[76.999673,31.769622],[76.999719,31.769628],[76.999712,31.769671],[76.999665,31.769665],[76.999673,31.769622]]]}},{"type":"Feature","id":"ovt-61ee633151db","properties":{"id":"ovt-61ee633151db","name":"Unnamed building","named":false,"area_m2":15.4,"cat":"unknown","scope":"context","src":"Overture Maps 2026-08-19.0 (ML footprints, ODbL/CDLA)","conf":"approximate","dist_core_m":1285.0,"zone":"context","cat_conf":"derived","floor_note":"no source data; derived default","floors":2,"f2f":3.5,"roof":"flat","pitch":0,"roof_note":"unverified","wall":"plaster_paint_white","height_m":8.0},"geometry":{"type":"Polygon","coordinates":[[[76.999742,31.769921],[76.999779,31.769928],[76.999769,31.769966],[76.999732,31.769959],[76.999742,31.769921]]]}},{"type":"Feature","id":"ovt-87c41834153b","properties":{"id":"ovt-87c41834153b","name":"Unnamed building","named":false,"area_m2":61.7,"cat":"unknown","scope":"context","src":"Overture Maps 2026-08-19.0 (ML footprints, ODbL/CDLA)","conf":"approximate","dist_core_m":1262.3,"zone":"context","cat_conf":"derived","floor_note":"no source data; derived default","floors":2,"f2f":3.5,"roof":"flat","pitch":0,"roof_note":"unverified","wall":"plaster_paint_white","height_m":8.0},"geometry":{"type":"Polygon","coordinates":[[[76.999739,31.770094],[76.999743,31.77001],[76.999813,31.770013],[76.999809,31.770097],[76.999739,31.770094]]]}},{"type":"Feature","id":"ovt-6b64cb41aa9d","properties":{"id":"ovt-6b64cb41aa9d","name":"Unnamed building","named":false,"area_m2":573.1,"cat":"unknown","scope":"context","src":"Overture Maps 2026-08-19.0 (ML footprints, ODbL/CDLA)","conf":"approximate","dist_core_m":1313.9,"zone":"context","cat_conf":"derived","floor_note":"no source data; derived default","floors":2,"f2f":3.5,"roof":"flat","pitch":0,"roof_note":"unverified","wall":"plaster_paint_white","height_m":8.0},"geometry":{"type":"Polygon","coordinates":[[[76.99967,31.769615],[76.99969,31.769504],[76.999706,31.769506],[76.999826,31.769576],[76.999885,31.769583],[76.999886,31.769575],[76.99997,31.769586],[76.999947,31.769715],[76.999889,31.769708],[76.999886,31.769712],[76.999874,31.769781],[76.9999,31.769784],[76.999991,31.769837],[77.00004,31.769843],[77.000028,31.769912],[76.999931,31.769899],[76.999938,31.769861],[76.99993,31.769857],[76.999816,31.769842],[76.999831,31.76976],[76.999783,31.769753],[76.99973,31.769723],[76.999739,31.769676],[76.999757,31.769686],[76.999915,31.769707],[76.999887,31.769691],[76.999806,31.76968],[76.999814,31.769633],[76.99967,31.769615]]]}},{"type":"Feature","id":"ovt-17479193d0aa","properties":{"id":"ovt-17479193d0aa","name":"Unnamed building","named":false,"area_m2":20.9,"cat":"unknown","scope":"context","src":"Overture Maps 2026-08-19.0 (ML footprints, ODbL/CDLA)","conf":"approximate","dist_core_m":1257.3,"zone":"context","cat_conf":"derived","floor_note":"no source data; derived default","floors":2,"f2f":3.5,"roof":"flat","pitch":0,"roof_note":"unverified","wall":"plaster_paint_white","height_m":8.0},"geometry":{"type":"Polygon","coordinates":[[[77.00022,31.769905],[77.000264,31.769905],[77.000264,31.769951],[77.00022,31.76995],[77.00022,31.769905]]]}},{"type":"Feature","id":"ovt-30a122056093","properties":{"id":"ovt-30a122056093","name":"Unnamed building","named":false,"area_m2":77.3,"cat":"unknown","scope":"context","src":"Overture Maps 2026-08-19.0 (ML footprints, ODbL/CDLA)","conf":"approximate","dist_core_m":1259.4,"zone":"context","cat_conf":"derived","floor_note":"no source data; derived default","floors":2,"f2f":3.5,"roof":"flat","pitch":0,"roof_note":"unverified","wall":"plaster_paint_white","height_m":8.0},"geometry":{"type":"Polygon","coordinates":[[[77.000263,31.770009],[77.000344,31.770016],[77.000335,31.770106],[77.000254,31.7701],[77.000263,31.770009]]]}},{"type":"Feature","id":"ovt-6e436f865e56","properties":{"id":"ovt-6e436f865e56","name":"Unnamed building","named":false,"area_m2":118.8,"cat":"unknown","scope":"context","src":"Overture Maps 2026-08-19.0 (ML footprints, ODbL/CDLA)","conf":"approximate","dist_core_m":1299.8,"zone":"context","cat_conf":"derived","floor_note":"no source data; derived default","floors":2,"f2f":3.5,"roof":"flat","pitch":0,"roof_note":"unverified","wall":"plaster_paint_white","height_m":8.0},"geometry":{"type":"Polygon","coordinates":[[[77.000691,31.769988],[77.000719,31.770052],[77.000564,31.770103],[77.000536,31.770039],[77.000691,31.769988]]]}},{"type":"Feature","id":"ovt-19c788870af5","properties":{"id":"ovt-19c788870af5","name":"Unnamed building","named":false,"area_m2":75.5,"cat":"unknown","scope":"context","src":"Overture Maps 2026-08-19.0 (ML footprints, ODbL/CDLA)","conf":"approximate","dist_core_m":1344.7,"zone":"context","cat_conf":"derived","floor_note":"no source data; derived default","floors":2,"f2f":3.5,"roof":"flat","pitch":0,"roof_note":"unverified","wall":"plaster_paint_white","height_m":8.0},"geometry":{"type":"Polygon","coordinates":[[[77.000501,31.76979],[77.000546,31.76972],[77.000625,31.769756],[77.00058,31.769827],[77.000501,31.76979]]]}},{"type":"Feature","id":"ovt-381abe1ed053","properties":{"id":"ovt-381abe1ed053","name":"Unnamed building","named":false,"area_m2":113.2,"cat":"unknown","scope":"context","src":"Overture Maps 2026-08-19.0 (ML footprints, ODbL/CDLA)","conf":"approximate","dist_core_m":1322.6,"zone":"context","cat_conf":"derived","floor_note":"no source data; derived default","floors":2,"f2f":3.5,"roof":"flat","pitch":0,"roof_note":"unverified","wall":"plaster_paint_white","height_m":8.0},"geometry":{"type":"Polygon","coordinates":[[[77.000783,31.769666],[77.000834,31.769718],[77.00071,31.769805],[77.00066,31.769753],[77.000783,31.769666]]]}},{"type":"Feature","id":"ovt-6ca5c2784eb2","properties":{"id":"ovt-6ca5c2784eb2","name":"Unnamed building","named":false,"area_m2":18.1,"cat":"unknown","scope":"context","src":"Overture Maps 2026-08-19.0 (ML footprints, ODbL/CDLA)","conf":"approximate","dist_core_m":1415.6,"zone":"context","cat_conf":"derived","floor_note":"no source data; derived default","floors":2,"f2f":3.5,"roof":"flat","pitch":0,"roof_note":"unverified","wall":"plaster_paint_white","height_m":8.0},"geometry":{"type":"Polygon","coordinates":[[[77.001022,31.769412],[77.001069,31.769445],[77.001048,31.769467],[77.001001,31.769434],[77.001022,31.769412]]]}},{"type":"Feature","id":"ovt-3b0f1424e36e","properties":{"id":"ovt-3b0f1424e36e","name":"Unnamed building","named":false,"area_m2":22.3,"cat":"unknown","scope":"context","src":"Overture Maps 2026-08-19.0 (ML footprints, ODbL/CDLA)","conf":"approximate","dist_core_m":1353.1,"zone":"context","cat_conf":"derived","floor_note":"no source data; derived default","floors":2,"f2f":3.5,"roof":"flat","pitch":0,"roof_note":"unverified","wall":"plaster_paint_white","height_m":8.0},"geometry":{"type":"Polygon","coordinates":[[[77.001207,31.769438],[77.001188,31.769395],[77.001231,31.769381],[77.001251,31.769423],[77.001207,31.769438]]]}},{"type":"Feature","id":"ovt-da362e1453d5","properties":{"id":"ovt-da362e1453d5","name":"Unnamed building","named":false,"area_m2":102.8,"cat":"unknown","scope":"context","src":"Overture Maps 2026-08-19.0 (ML footprints, ODbL/CDLA)","conf":"approximate","dist_core_m":1401.3,"zone":"context","cat_conf":"derived","floor_note":"no source data; derived default","floors":2,"f2f":3.5,"roof":"flat","pitch":0,"roof_note":"unverified","wall":"plaster_paint_white","height_m":8.0},"geometry":{"type":"Polygon","coordinates":[[[77.001293,31.7693],[77.001359,31.769384],[77.001279,31.76943],[77.001212,31.769346],[77.001293,31.7693]]]}},{"type":"Feature","id":"ovt-280999e29c54","properties":{"id":"ovt-280999e29c54","name":"Unnamed building","named":false,"area_m2":46.2,"cat":"unknown","scope":"context","src":"Overture Maps 2026-08-19.0 (ML footprints, ODbL/CDLA)","conf":"approximate","dist_core_m":1399.3,"zone":"context","cat_conf":"derived","floor_note":"no source data; derived default","floors":2,"f2f":3.5,"roof":"flat","pitch":0,"roof_note":"unverified","wall":"plaster_paint_white","height_m":8.0},"geometry":{"type":"Polygon","coordinates":[[[77.001338,31.769291],[77.001409,31.769347],[77.001373,31.769381],[77.001302,31.769324],[77.001338,31.769291]]]}},{"type":"Feature","id":"ovt-2df276612332","properties":{"id":"ovt-2df276612332","name":"Unnamed building","named":false,"area_m2":37.3,"cat":"unknown","scope":"context","src":"Overture Maps 2026-08-19.0 (ML footprints, ODbL/CDLA)","conf":"approximate","dist_core_m":1273.5,"zone":"context","cat_conf":"derived","floor_note":"no source data; derived default","floors":2,"f2f":3.5,"roof":"flat","pitch":0,"roof_note":"unverified","wall":"plaster_paint_white","height_m":8.0},"geometry":{"type":"Polygon","coordinates":[[[77.000905,31.769958],[77.000931,31.770008],[77.000872,31.770031],[77.000846,31.76998],[77.000905,31.769958]]]}},{"type":"Feature","id":"ovt-9dd7d120f39b","properties":{"id":"ovt-9dd7d120f39b","name":"Unnamed building","named":false,"area_m2":20.7,"cat":"unknown","scope":"context","src":"Overture Maps 2026-08-19.0 (ML footprints, ODbL/CDLA)","conf":"approximate","dist_core_m":1393.5,"zone":"context","cat_conf":"derived","floor_note":"no source data; derived default","floors":2,"f2f":3.5,"roof":"flat","pitch":0,"roof_note":"unverified","wall":"plaster_paint_white","height_m":8.0},"geometry":{"type":"Polygon","coordinates":[[[77.001457,31.769],[77.00151,31.769033],[77.00149,31.769057],[77.001436,31.769025],[77.001457,31.769]]]}},{"type":"Feature","id":"ovt-9177c60df20b","properties":{"id":"ovt-9177c60df20b","name":"Unnamed building","named":false,"area_m2":73.6,"cat":"unknown","scope":"context","src":"Overture Maps 2026-08-19.0 (ML footprints, ODbL/CDLA)","conf":"approximate","dist_core_m":1502.0,"zone":"context","cat_conf":"derived","floor_note":"no source data; derived default","floors":2,"f2f":3.5,"roof":"flat","pitch":0,"roof_note":"unverified","wall":"plaster_paint_white","height_m":8.0},"geometry":{"type":"Polygon","coordinates":[[[77.002004,31.768602],[77.002014,31.768695],[77.001939,31.768701],[77.001929,31.768608],[77.002004,31.768602]]]}},{"type":"Feature","id":"ovt-b4915a45bbe2","properties":{"id":"ovt-b4915a45bbe2","name":"Unnamed building","named":false,"area_m2":74.4,"cat":"unknown","scope":"context","src":"Overture Maps 2026-08-19.0 (ML footprints, ODbL/CDLA)","conf":"approximate","dist_core_m":1480.0,"zone":"context","cat_conf":"derived","floor_note":"no source data; derived default","floors":2,"f2f":3.5,"roof":"flat","pitch":0,"roof_note":"unverified","wall":"plaster_paint_white","height_m":8.0},"geometry":{"type":"Polygon","coordinates":[[[77.00214,31.768581],[77.002165,31.768672],[77.002091,31.768687],[77.002066,31.768596],[77.00214,31.768581]]]}},{"type":"Feature","id":"ovt-72148bae9db8","properties":{"id":"ovt-72148bae9db8","name":"Unnamed building","named":false,"area_m2":18.5,"cat":"unknown","scope":"context","src":"Overture Maps 2026-08-19.0 (ML footprints, ODbL/CDLA)","conf":"approximate","dist_core_m":1483.4,"zone":"context","cat_conf":"derived","floor_note":"no source data; derived default","floors":2,"f2f":3.5,"roof":"flat","pitch":0,"roof_note":"unverified","wall":"plaster_paint_white","height_m":8.0},"geometry":{"type":"Polygon","coordinates":[[[77.002175,31.768599],[77.002238,31.768601],[77.002237,31.768629],[77.002174,31.768627],[77.002175,31.768599]]]}},{"type":"Feature","id":"ovt-79bd6ce31bfa","properties":{"id":"ovt-79bd6ce31bfa","name":"Unnamed building","named":false,"area_m2":22.1,"cat":"unknown","scope":"context","src":"Overture Maps 2026-08-19.0 (ML footprints, ODbL/CDLA)","conf":"approximate","dist_core_m":1478.3,"zone":"context","cat_conf":"derived","floor_note":"no source data; derived default","floors":2,"f2f":3.5,"roof":"flat","pitch":0,"roof_note":"unverified","wall":"plaster_paint_white","height_m":8.0},"geometry":{"type":"Polygon","coordinates":[[[77.00234,31.768554],[77.002383,31.768566],[77.002365,31.76861],[77.002322,31.768598],[77.00234,31.768554]]]}},{"type":"Feature","id":"ovt-68fe4f2baff7","properties":{"id":"ovt-68fe4f2baff7","name":"Unnamed building","named":false,"area_m2":164.0,"cat":"unknown","scope":"context","src":"Overture Maps 2026-08-19.0 (ML footprints, ODbL/CDLA)","conf":"approximate","dist_core_m":1497.8,"zone":"context","cat_conf":"derived","floor_note":"no source data; derived default","floors":2,"f2f":3.5,"roof":"flat","pitch":0,"roof_note":"unverified","wall":"plaster_paint_white","height_m":8.0},"geometry":{"type":"Polygon","coordinates":[[[77.002848,31.768553],[77.002877,31.768646],[77.00272,31.768683],[77.002691,31.76859],[77.002848,31.768553]]]}},{"type":"Feature","id":"ovt-b62a11645527","properties":{"id":"ovt-b62a11645527","name":"Unnamed building","named":false,"area_m2":29.0,"cat":"unknown","scope":"context","src":"Overture Maps 2026-08-19.0 (ML footprints, ODbL/CDLA)","conf":"approximate","dist_core_m":1528.1,"zone":"context","cat_conf":"derived","floor_note":"no source data; derived default","floors":2,"f2f":3.5,"roof":"flat","pitch":0,"roof_note":"unverified","wall":"plaster_paint_white","height_m":8.0},"geometry":{"type":"Polygon","coordinates":[[[77.002936,31.768532],[77.002949,31.768577],[77.002891,31.768589],[77.002877,31.768545],[77.002936,31.768532]]]}},{"type":"Feature","id":"ovt-6643ffeface8","properties":{"id":"ovt-6643ffeface8","name":"Unnamed building","named":false,"area_m2":17.0,"cat":"unknown","scope":"context","src":"Overture Maps 2026-08-19.0 (ML footprints, ODbL/CDLA)","conf":"approximate","dist_core_m":1614.0,"zone":"context","cat_conf":"derived","floor_note":"no source data; derived default","floors":2,"f2f":3.5,"roof":"flat","pitch":0,"roof_note":"unverified","wall":"plaster_paint_white","height_m":8.0},"geometry":{"type":"Polygon","coordinates":[[[77.004226,31.7701],[77.004209,31.770059],[77.004245,31.770049],[77.004261,31.77009],[77.004226,31.7701]]]}},{"type":"Feature","id":"ovt-c1626f9924f0","properties":{"id":"ovt-c1626f9924f0","name":"Unnamed building","named":false,"area_m2":11.5,"cat":"unknown","scope":"context","src":"Overture Maps 2026-08-19.0 (ML footprints, ODbL/CDLA)","conf":"approximate","dist_core_m":1372.4,"zone":"context","cat_conf":"derived","floor_note":"no source data; derived default","floors":2,"f2f":3.5,"roof":"flat","pitch":0,"roof_note":"unverified","wall":"plaster_paint_white","height_m":8.0},"geometry":{"type":"Polygon","coordinates":[[[77.004281,31.770071],[77.004311,31.770072],[77.00431,31.770108],[77.004279,31.770107],[77.004281,31.770071]]]}},{"type":"Feature","id":"ovt-11ca13c4494c","properties":{"id":"ovt-11ca13c4494c","name":"Unnamed building","named":false,"area_m2":27.1,"cat":"unknown","scope":"context","src":"Overture Maps 2026-08-19.0 (ML footprints, ODbL/CDLA)","conf":"approximate","dist_core_m":1562.5,"zone":"context","cat_conf":"derived","floor_note":"no source data; derived default","floors":2,"f2f":3.5,"roof":"flat","pitch":0,"roof_note":"unverified","wall":"plaster_paint_white","height_m":8.0},"geometry":{"type":"Polygon","coordinates":[[[77.002418,31.768263],[77.002462,31.768279],[77.002437,31.768329],[77.002393,31.768312],[77.002418,31.768263]]]}},{"type":"Feature","id":"ovt-b92ccc929e8c","properties":{"id":"ovt-b92ccc929e8c","name":"Unnamed building","named":false,"area_m2":29.5,"cat":"unknown","scope":"context","src":"Overture Maps 2026-08-19.0 (ML footprints, ODbL/CDLA)","conf":"approximate","dist_core_m":1525.6,"zone":"context","cat_conf":"derived","floor_note":"no source data; derived default","floors":2,"f2f":3.5,"roof":"flat","pitch":0,"roof_note":"unverified","wall":"plaster_paint_white","height_m":8.0},"geometry":{"type":"Polygon","coordinates":[[[77.002483,31.76827],[77.002433,31.768254],[77.002455,31.768204],[77.002504,31.76822],[77.002483,31.76827]]]}},{"type":"Feature","id":"ovt-deed710b9771","properties":{"id":"ovt-deed710b9771","name":"Unnamed building","named":false,"area_m2":42.6,"cat":"unknown","scope":"context","src":"Overture Maps 2026-08-19.0 (ML footprints, ODbL/CDLA)","conf":"approximate","dist_core_m":1555.3,"zone":"context","cat_conf":"derived","floor_note":"no source data; derived default","floors":2,"f2f":3.5,"roof":"flat","pitch":0,"roof_note":"unverified","wall":"plaster_paint_white","height_m":8.0},"geometry":{"type":"Polygon","coordinates":[[[77.002508,31.768129],[77.00258,31.768153],[77.002565,31.768187],[77.002527,31.768174],[77.002513,31.768206],[77.002478,31.768194],[77.002508,31.768129]]]}},{"type":"Feature","id":"ovt-43bd3661902d","properties":{"id":"ovt-43bd3661902d","name":"Unnamed building","named":false,"area_m2":74.5,"cat":"unknown","scope":"context","src":"Overture Maps 2026-08-19.0 (ML footprints, ODbL/CDLA)","conf":"approximate","dist_core_m":1533.5,"zone":"context","cat_conf":"derived","floor_note":"no source data; derived default","floors":2,"f2f":3.5,"roof":"flat","pitch":0,"roof_note":"unverified","wall":"plaster_paint_white","height_m":8.0},"geometry":{"type":"Polygon","coordinates":[[[77.002768,31.768175],[77.002779,31.768245],[77.002679,31.768256],[77.002668,31.768186],[77.002768,31.768175]]]}},{"type":"Feature","id":"ovt-04b96e2d8ed0","properties":{"id":"ovt-04b96e2d8ed0","name":"Unnamed building","named":false,"area_m2":21.6,"cat":"unknown","scope":"context","src":"Overture Maps 2026-08-19.0 (ML footprints, ODbL/CDLA)","conf":"approximate","dist_core_m":1548.8,"zone":"context","cat_conf":"derived","floor_note":"no source data; derived default","floors":2,"f2f":3.5,"roof":"flat","pitch":0,"roof_note":"unverified","wall":"plaster_paint_white","height_m":8.0},"geometry":{"type":"Polygon","coordinates":[[[77.002713,31.768109],[77.002773,31.768114],[77.002769,31.768148],[77.002709,31.768143],[77.002713,31.768109]]]}},{"type":"Feature","id":"ovt-80757adb208b","properties":{"id":"ovt-80757adb208b","name":"Unnamed building","named":false,"area_m2":59.8,"cat":"unknown","scope":"context","src":"Overture Maps 2026-08-19.0 (ML footprints, ODbL/CDLA)","conf":"approximate","dist_core_m":1551.3,"zone":"context","cat_conf":"derived","floor_note":"no source data; derived default","floors":2,"f2f":3.5,"roof":"flat","pitch":0,"roof_note":"unverified","wall":"plaster_paint_white","height_m":8.0},"geometry":{"type":"Polygon","coordinates":[[[77.002559,31.768149],[77.002503,31.768094],[77.002563,31.76805],[77.002618,31.768105],[77.002559,31.768149]]]}},{"type":"Feature","id":"ovt-65737f524c2b","properties":{"id":"ovt-65737f524c2b","name":"Unnamed building","named":false,"area_m2":41.9,"cat":"unknown","scope":"context","src":"Overture Maps 2026-08-19.0 (ML footprints, ODbL/CDLA)","conf":"approximate","dist_core_m":1610.5,"zone":"context","cat_conf":"derived","floor_note":"no source data; derived default","floors":2,"f2f":3.5,"roof":"flat","pitch":0,"roof_note":"unverified","wall":"plaster_paint_white","height_m":8.0},"geometry":{"type":"Polygon","coordinates":[[[77.005861,31.768741],[77.005906,31.768779],[77.005854,31.768824],[77.005809,31.768786],[77.005861,31.768741]]]}},{"type":"Feature","id":"ovt-2ac8b0ff2ae7","properties":{"id":"ovt-2ac8b0ff2ae7","name":"Unnamed building","named":false,"area_m2":39.4,"cat":"unknown","scope":"context","src":"Overture Maps 2026-08-19.0 (ML footprints, ODbL/CDLA)","conf":"approximate","dist_core_m":1226.2,"zone":"context","cat_conf":"derived","floor_note":"no source data; derived default","floors":2,"f2f":3.5,"roof":"flat","pitch":0,"roof_note":"unverified","wall":"plaster_paint_white","height_m":8.0},"geometry":{"type":"Polygon","coordinates":[[[77.000387,31.770263],[77.000284,31.770237],[77.000296,31.770203],[77.000399,31.77023],[77.000387,31.770263]]]}},{"type":"Feature","id":"ovt-b4f832708235","properties":{"id":"ovt-b4f832708235","name":"Unnamed building","named":false,"area_m2":111.7,"cat":"unknown","scope":"context","src":"Overture Maps 2026-08-19.0 (ML footprints, ODbL/CDLA)","conf":"approximate","dist_core_m":1248.0,"zone":"context","cat_conf":"derived","floor_note":"no source data; derived default","floors":2,"f2f":3.5,"roof":"flat","pitch":0,"roof_note":"unverified","wall":"plaster_paint_white","height_m":8.0},"geometry":{"type":"Polygon","coordinates":[[[77.000313,31.770297],[77.000296,31.770359],[77.000133,31.770325],[77.000151,31.770263],[77.000313,31.770297]]]}},{"type":"Feature","id":"ovt-74ca770934b8","properties":{"id":"ovt-74ca770934b8","name":"Unnamed building","named":false,"area_m2":10.0,"cat":"unknown","scope":"context","src":"Overture Maps 2026-08-19.0 (ML footprints, ODbL/CDLA)","conf":"approximate","dist_core_m":1080.6,"zone":"context","cat_conf":"derived","floor_note":"no source data; derived default","floors":2,"f2f":3.5,"roof":"flat","pitch":0,"roof_note":"unverified","wall":"plaster_paint_white","height_m":8.0},"geometry":{"type":"Polygon","coordinates":[[[77.000189,31.770434],[77.000227,31.770436],[77.000225,31.770461],[77.000187,31.770459],[77.000189,31.770434]]]}},{"type":"Feature","id":"ovt-360ced87d3ff","properties":{"id":"ovt-360ced87d3ff","name":"Unnamed building","named":false,"area_m2":32.5,"cat":"unknown","scope":"context","src":"Overture Maps 2026-08-19.0 (ML footprints, ODbL/CDLA)","conf":"approximate","dist_core_m":1197.1,"zone":"context","cat_conf":"derived","floor_note":"no source data; derived default","floors":2,"f2f":3.5,"roof":"flat","pitch":0,"roof_note":"unverified","wall":"plaster_paint_white","height_m":8.0},"geometry":{"type":"Polygon","coordinates":[[[77.000134,31.770436],[77.000193,31.77045],[77.000176,31.770499],[77.000117,31.770484],[77.000134,31.770436]]]}},{"type":"Feature","id":"ovt-c59dda11b9bc","properties":{"id":"ovt-c59dda11b9bc","name":"Unnamed building","named":false,"area_m2":31.5,"cat":"unknown","scope":"context","src":"Overture Maps 2026-08-19.0 (ML footprints, ODbL/CDLA)","conf":"approximate","dist_core_m":1217.6,"zone":"context","cat_conf":"derived","floor_note":"no source data; derived default","floors":2,"f2f":3.5,"roof":"flat","pitch":0,"roof_note":"unverified","wall":"plaster_paint_white","height_m":8.0},"geometry":{"type":"Polygon","coordinates":[[[76.999851,31.770427],[76.999805,31.770426],[76.999808,31.77036],[76.999853,31.770361],[76.999851,31.770427]]]}},{"type":"Feature","id":"ovt-b2341499ee21","properties":{"id":"ovt-b2341499ee21","name":"Unnamed building","named":false,"area_m2":17.1,"cat":"unknown","scope":"context","src":"Overture Maps 2026-08-19.0 (ML footprints, ODbL/CDLA)","conf":"approximate","dist_core_m":1194.5,"zone":"context","cat_conf":"derived","floor_note":"no source data; derived default","floors":2,"f2f":3.5,"roof":"flat","pitch":0,"roof_note":"unverified","wall":"plaster_paint_white","height_m":8.0},"geometry":{"type":"Polygon","coordinates":[[[76.999743,31.770322],[76.99971,31.770319],[76.999717,31.77027],[76.99975,31.770273],[76.999743,31.770322]]]}},{"type":"Feature","id":"ovt-4c05408d2745","properties":{"id":"ovt-4c05408d2745","name":"Unnamed building","named":false,"area_m2":46.6,"cat":"unknown","scope":"context","src":"Overture Maps 2026-08-19.0 (ML footprints, ODbL/CDLA)","conf":"approximate","dist_core_m":1224.8,"zone":"context","cat_conf":"derived","floor_note":"no source data; derived default","floors":2,"f2f":3.5,"roof":"flat","pitch":0,"roof_note":"unverified","wall":"plaster_paint_white","height_m":8.0},"geometry":{"type":"Polygon","coordinates":[[[76.999928,31.77037],[76.999859,31.770368],[76.999861,31.770304],[76.999931,31.770306],[76.999928,31.77037]]]}},{"type":"Feature","id":"ovt-a83e8b07b5d8","properties":{"id":"ovt-a83e8b07b5d8","name":"Unnamed building","named":false,"area_m2":96.5,"cat":"unknown","scope":"context","src":"Overture Maps 2026-08-19.0 (ML footprints, ODbL/CDLA)","conf":"approximate","dist_core_m":1229.4,"zone":"context","cat_conf":"derived","floor_note":"no source data; derived default","floors":2,"f2f":3.5,"roof":"flat","pitch":0,"roof_note":"unverified","wall":"plaster_paint_white","height_m":8.0},"geometry":{"type":"Polygon","coordinates":[[[76.999995,31.770173],[77.000111,31.770193],[77.000093,31.770269],[76.999977,31.77025],[76.999995,31.770173]]]}},{"type":"Feature","id":"ovt-318fa8a376dc","properties":{"id":"ovt-318fa8a376dc","name":"Unnamed building","named":false,"area_m2":58.1,"cat":"unknown","scope":"context","src":"Overture Maps 2026-08-19.0 (ML footprints, ODbL/CDLA)","conf":"approximate","dist_core_m":1280.7,"zone":"context","cat_conf":"derived","floor_note":"no source data; derived default","floors":2,"f2f":3.5,"roof":"flat","pitch":0,"roof_note":"unverified","wall":"plaster_paint_white","height_m":8.0},"geometry":{"type":"Polygon","coordinates":[[[76.999909,31.770131],[76.999992,31.770154],[76.999969,31.770214],[76.999885,31.770191],[76.999909,31.770131]]]}},{"type":"Feature","id":"ovt-e807179975f7","properties":{"id":"ovt-e807179975f7","name":"Unnamed building","named":false,"area_m2":34.6,"cat":"unknown","scope":"context","src":"Overture Maps 2026-08-19.0 (ML footprints, ODbL/CDLA)","conf":"approximate","dist_core_m":1285.0,"zone":"context","cat_conf":"derived","floor_note":"no source data; derived default","floors":2,"f2f":3.5,"roof":"flat","pitch":0,"roof_note":"unverified","wall":"plaster_paint_white","height_m":8.0},"geometry":{"type":"Polygon","coordinates":[[[76.999755,31.77019],[76.999733,31.770132],[76.999784,31.770117],[76.999806,31.770176],[76.999755,31.77019]]]}},{"type":"Feature","id":"ovt-87b1568c887c","properties":{"id":"ovt-87b1568c887c","name":"Unnamed building","named":false,"area_m2":29.3,"cat":"unknown","scope":"context","src":"Overture Maps 2026-08-19.0 (ML footprints, ODbL/CDLA)","conf":"approximate","dist_core_m":1242.1,"zone":"context","cat_conf":"derived","floor_note":"no source data; derived default","floors":2,"f2f":3.5,"roof":"flat","pitch":0,"roof_note":"unverified","wall":"plaster_paint_white","height_m":8.0},"geometry":{"type":"Polygon","coordinates":[[[76.999867,31.77023],[76.99984,31.770287],[76.999798,31.770272],[76.999825,31.770215],[76.999867,31.77023]]]}},{"type":"Feature","id":"ovt-08891044f34f","properties":{"id":"ovt-08891044f34f","name":"Unnamed building","named":false,"area_m2":19.9,"cat":"unknown","scope":"context","src":"Overture Maps 2026-08-19.0 (ML footprints, ODbL/CDLA)","conf":"approximate","dist_core_m":1179.0,"zone":"context","cat_conf":"derived","floor_note":"no source data; derived default","floors":2,"f2f":3.5,"roof":"flat","pitch":0,"roof_note":"unverified","wall":"plaster_paint_white","height_m":8.0},"geometry":{"type":"Polygon","coordinates":[[[76.999857,31.770514],[76.999869,31.770553],[76.999824,31.770564],[76.999812,31.770524],[76.999857,31.770514]]]}},{"type":"Feature","id":"ovt-91bb4dcf6fef","properties":{"id":"ovt-91bb4dcf6fef","name":"Unnamed building","named":false,"area_m2":15.4,"cat":"unknown","scope":"context","src":"Overture Maps 2026-08-19.0 (ML footprints, ODbL/CDLA)","conf":"approximate","dist_core_m":1255.1,"zone":"context","cat_conf":"derived","floor_note":"no source data; derived default","floors":2,"f2f":3.5,"roof":"flat","pitch":0,"roof_note":"unverified","wall":"plaster_paint_white","height_m":8.0},"geometry":{"type":"Polygon","coordinates":[[[77.000015,31.770567],[77.000006,31.770535],[77.000049,31.770526],[77.000058,31.770559],[77.000015,31.770567]]]}},{"type":"Feature","id":"ovt-00d9caf9dce5","properties":{"id":"ovt-00d9caf9dce5","name":"Unnamed building","named":false,"area_m2":20.2,"cat":"unknown","scope":"context","src":"Overture Maps 2026-08-19.0 (ML footprints, ODbL/CDLA)","conf":"approximate","dist_core_m":705.7,"zone":"context","cat_conf":"derived","floor_note":"no source data; derived default","floors":2,"f2f":3.5,"roof":"flat","pitch":0,"roof_note":"unverified","wall":"plaster_paint_white","height_m":8.0},"geometry":{"type":"Polygon","coordinates":[[[76.999429,31.775322],[76.999416,31.775281],[76.99946,31.775271],[76.999473,31.775312],[76.999429,31.775322]]]}},{"type":"Feature","id":"ovt-98f0528ef8bb","properties":{"id":"ovt-98f0528ef8bb","name":"Unnamed building","named":false,"area_m2":53.7,"cat":"unknown","scope":"context","src":"Overture Maps 2026-08-19.0 (ML footprints, ODbL/CDLA)","conf":"approximate","dist_core_m":781.8,"zone":"context","cat_conf":"derived","floor_note":"no source data; derived default","floors":2,"f2f":3.5,"roof":"flat","pitch":0,"roof_note":"unverified","wall":"plaster_paint_white","height_m":8.0},"geometry":{"type":"Polygon","coordinates":[[[77.002013,31.775752],[77.001965,31.775726],[77.002022,31.77565],[77.00207,31.775676],[77.002013,31.775752]]]}},{"type":"Feature","id":"ovt-299f57a02da1","properties":{"id":"ovt-299f57a02da1","name":"Unnamed building","named":false,"area_m2":61.8,"cat":"unknown","scope":"context","src":"Overture Maps 2026-08-19.0 (ML footprints, ODbL/CDLA)","conf":"approximate","dist_core_m":766.1,"zone":"context","cat_conf":"derived","floor_note":"no source data; derived default","floors":2,"f2f":3.5,"roof":"flat","pitch":0,"roof_note":"unverified","wall":"plaster_paint_white","height_m":8.0},"geometry":{"type":"Polygon","coordinates":[[[77.002164,31.775528],[77.002211,31.775564],[77.002137,31.775633],[77.00209,31.775597],[77.002164,31.775528]]]}},{"type":"Feature","id":"ovt-6dabb40da4eb","properties":{"id":"ovt-6dabb40da4eb","name":"Unnamed building","named":false,"area_m2":24.1,"cat":"unknown","scope":"context","src":"Overture Maps 2026-08-19.0 (ML footprints, ODbL/CDLA)","conf":"approximate","dist_core_m":919.4,"zone":"context","cat_conf":"derived","floor_note":"no source data; derived default","floors":2,"f2f":3.5,"roof":"flat","pitch":0,"roof_note":"unverified","wall":"plaster_paint_white","height_m":8.0},"geometry":{"type":"Polygon","coordinates":[[[77.002208,31.775468],[77.002249,31.775494],[77.002216,31.77553],[77.002176,31.775504],[77.002208,31.775468]]]}},{"type":"Feature","id":"ovt-dfe4652b63a1","properties":{"id":"ovt-dfe4652b63a1","name":"Unnamed building","named":false,"area_m2":26.0,"cat":"unknown","scope":"context","src":"Overture Maps 2026-08-19.0 (ML footprints, ODbL/CDLA)","conf":"approximate","dist_core_m":530.2,"zone":"context","cat_conf":"derived","floor_note":"no source data; derived default","floors":2,"f2f":3.5,"roof":"flat","pitch":0,"roof_note":"unverified","wall":"plaster_paint_white","height_m":8.0},"geometry":{"type":"Polygon","coordinates":[[[77.000927,31.777816],[77.000966,31.777827],[77.000945,31.777884],[77.000905,31.777873],[77.000927,31.777816]]]}},{"type":"Feature","id":"ovt-7b947551e554","properties":{"id":"ovt-7b947551e554","name":"Unnamed building","named":false,"area_m2":33.6,"cat":"unknown","scope":"context","src":"Overture Maps 2026-08-19.0 (ML footprints, ODbL/CDLA)","conf":"approximate","dist_core_m":557.5,"zone":"context","cat_conf":"derived","floor_note":"no source data; derived default","floors":2,"f2f":3.5,"roof":"flat","pitch":0,"roof_note":"unverified","wall":"plaster_paint_white","height_m":8.0},"geometry":{"type":"Polygon","coordinates":[[[77.00065,31.777098],[77.000615,31.777071],[77.000669,31.777021],[77.000704,31.777048],[77.00065,31.777098]]]}},{"type":"Feature","id":"ovt-4a1548b15918","properties":{"id":"ovt-4a1548b15918","name":"Unnamed building","named":false,"area_m2":56.2,"cat":"unknown","scope":"context","src":"Overture Maps 2026-08-19.0 (ML footprints, ODbL/CDLA)","conf":"approximate","dist_core_m":599.9,"zone":"context","cat_conf":"derived","floor_note":"no source data; derived default","floors":2,"f2f":3.5,"roof":"flat","pitch":0,"roof_note":"unverified","wall":"plaster_paint_white","height_m":8.0},"geometry":{"type":"Polygon","coordinates":[[[77.00051,31.776566],[77.000586,31.776569],[77.000582,31.77664],[77.000506,31.776636],[77.00051,31.776566]]]}},{"type":"Feature","id":"ovt-904c56e292c7","properties":{"id":"ovt-904c56e292c7","name":"Unnamed building","named":false,"area_m2":91.0,"cat":"unknown","scope":"context","src":"Overture Maps 2026-08-19.0 (ML footprints, ODbL/CDLA)","conf":"approximate","dist_core_m":489.5,"zone":"context","cat_conf":"derived","floor_note":"no source data; derived default","floors":2,"f2f":3.5,"roof":"flat","pitch":0,"roof_note":"unverified","wall":"plaster_paint_white","height_m":8.0},"geometry":{"type":"Polygon","coordinates":[[[76.999608,31.777214],[76.999644,31.777304],[76.999557,31.777329],[76.999522,31.777238],[76.999608,31.777214]]]}},{"type":"Feature","id":"ovt-90dc56031ea6","properties":{"id":"ovt-90dc56031ea6","name":"Unnamed building","named":false,"area_m2":23.1,"cat":"unknown","scope":"context","src":"Overture Maps 2026-08-19.0 (ML footprints, ODbL/CDLA)","conf":"approximate","dist_core_m":493.2,"zone":"context","cat_conf":"derived","floor_note":"no source data; derived default","floors":2,"f2f":3.5,"roof":"flat","pitch":0,"roof_note":"unverified","wall":"plaster_paint_white","height_m":8.0},"geometry":{"type":"Polygon","coordinates":[[[77.000311,31.777711],[77.000334,31.777743],[77.000284,31.777769],[77.000261,31.777736],[77.000311,31.777711]]]}},{"type":"Feature","id":"ovt-2df49661cafb","properties":{"id":"ovt-2df49661cafb","name":"Unnamed building","named":false,"area_m2":79.0,"cat":"unknown","scope":"context","src":"Overture Maps 2026-08-19.0 (ML footprints, ODbL/CDLA)","conf":"approximate","dist_core_m":469.4,"zone":"context","cat_conf":"derived","floor_note":"no source data; derived default","floors":2,"f2f":3.5,"roof":"flat","pitch":0,"roof_note":"unverified","wall":"plaster_paint_white","height_m":8.0},"geometry":{"type":"Polygon","coordinates":[[[77.001239,31.77816],[77.001261,31.778318],[77.001217,31.778323],[77.0012,31.778209],[77.001192,31.77821],[77.001186,31.778165],[77.001239,31.77816]]]}},{"type":"Feature","id":"ovt-c8532f408775","properties":{"id":"ovt-c8532f408775","name":"Unnamed building","named":false,"area_m2":13.2,"cat":"unknown","scope":"context","src":"Overture Maps 2026-08-19.0 (ML footprints, ODbL/CDLA)","conf":"approximate","dist_core_m":805.7,"zone":"context","cat_conf":"derived","floor_note":"no source data; derived default","floors":2,"f2f":3.5,"roof":"flat","pitch":0,"roof_note":"unverified","wall":"plaster_paint_white","height_m":8.0},"geometry":{"type":"Polygon","coordinates":[[[77.001565,31.778304],[77.001609,31.778297],[77.001615,31.778325],[77.001572,31.778332],[77.001565,31.778304]]]}},{"type":"Feature","id":"ovt-733ec5051ec6","properties":{"id":"ovt-733ec5051ec6","name":"Unnamed building","named":false,"area_m2":37.2,"cat":"unknown","scope":"context","src":"Overture Maps 2026-08-19.0 (ML footprints, ODbL/CDLA)","conf":"approximate","dist_core_m":438.5,"zone":"context","cat_conf":"derived","floor_note":"no source data; derived default","floors":2,"f2f":3.5,"roof":"flat","pitch":0,"roof_note":"unverified","wall":"plaster_paint_white","height_m":8.0},"geometry":{"type":"Polygon","coordinates":[[[77.001084,31.778364],[77.00107,31.778442],[77.001025,31.778436],[77.00104,31.778358],[77.001084,31.778364]]]}},{"type":"Feature","id":"ovt-3100cc8302f1","properties":{"id":"ovt-3100cc8302f1","name":"Unnamed building","named":false,"area_m2":73.7,"cat":"unknown","scope":"context","src":"Overture Maps 2026-08-19.0 (ML footprints, ODbL/CDLA)","conf":"approximate","dist_core_m":487.4,"zone":"context","cat_conf":"derived","floor_note":"no source data; derived default","floors":2,"f2f":3.5,"roof":"flat","pitch":0,"roof_note":"unverified","wall":"plaster_paint_white","height_m":8.0},"geometry":{"type":"Polygon","coordinates":[[[77.001481,31.779045],[77.001589,31.779031],[77.0016,31.779095],[77.001493,31.779109],[77.001481,31.779045]]]}},{"type":"Feature","id":"ovt-2ef40ff90861","properties":{"id":"ovt-2ef40ff90861","name":"North Campus building 134","named":false,"area_m2":51.8,"cat":"utility","scope":"campus","src":"Overture Maps 2026-08-19.0 (ML footprints, ODbL/CDLA)","conf":"derived","dist_core_m":310.6,"zone":"north","cat_conf":"derived","floors":1,"f2f":3.0,"floor_note":"utility structure","roof":"sloped","pitch":18,"roof_note":"light metal roof","wall":"metal_sheet_industrial","height_m":4.0,"name_conf":"derived","entrance_lat":31.77885,"entrance_lng":76.998877,"entrance_dist_m":229.4,"entrance_conf":"derived"},"geometry":{"type":"Polygon","coordinates":[[[76.998816,31.778773],[76.998896,31.778794],[76.998877,31.77885],[76.998796,31.77883],[76.998816,31.778773]]]}},{"type":"Feature","id":"ovt-169f9ede0cf6","properties":{"id":"ovt-169f9ede0cf6","name":"North Campus building 93","named":false,"area_m2":117.0,"cat":"utility","scope":"campus","src":"Overture Maps 2026-08-19.0 (ML footprints, ODbL/CDLA)","conf":"derived","dist_core_m":304.9,"zone":"north","cat_conf":"derived","floors":1,"f2f":3.0,"floor_note":"utility structure","roof":"sloped","pitch":18,"roof_note":"light metal roof","wall":"metal_sheet_industrial","height_m":4.0,"name_conf":"derived","entrance_lat":31.778884,"entrance_lng":76.998858,"entrance_dist_m":170.0,"entrance_conf":"derived"},"geometry":{"type":"Polygon","coordinates":[[[76.998858,31.778884],[76.998904,31.778796],[76.998974,31.778823],[76.998966,31.778838],[76.99901,31.778855],[76.998972,31.778927],[76.998858,31.778884]]]}},{"type":"Feature","id":"ovt-33930b46dc60","properties":{"id":"ovt-33930b46dc60","name":"North Campus building 183","named":false,"area_m2":23.6,"cat":"utility","scope":"campus","src":"Overture Maps 2026-08-19.0 (ML footprints, ODbL/CDLA)","conf":"derived","dist_core_m":333.1,"zone":"north","cat_conf":"derived","floors":1,"f2f":3.0,"floor_note":"utility structure","roof":"sloped","pitch":18,"roof_note":"light metal roof","wall":"metal_sheet_industrial","height_m":4.0,"name_conf":"derived","entrance_lat":31.778973,"entrance_lng":76.998816,"entrance_dist_m":201.7,"entrance_conf":"derived"},"geometry":{"type":"Polygon","coordinates":[[[76.998896,31.778944],[76.998896,31.778972],[76.998816,31.778973],[76.998815,31.778945],[76.998896,31.778944]]]}},{"type":"Feature","id":"ovt-d57a02be62fa","properties":{"id":"ovt-d57a02be62fa","name":"North Campus building 127","named":false,"area_m2":55.4,"cat":"utility","scope":"campus","src":"Overture Maps 2026-08-19.0 (ML footprints, ODbL/CDLA)","conf":"derived","dist_core_m":311.3,"zone":"north","cat_conf":"derived","floors":1,"f2f":3.0,"floor_note":"utility structure","roof":"sloped","pitch":18,"roof_note":"light metal roof","wall":"metal_sheet_industrial","height_m":4.0,"name_conf":"derived","entrance_lat":31.778885,"entrance_lng":76.999042,"entrance_dist_m":178.1,"entrance_conf":"derived"},"geometry":{"type":"Polygon","coordinates":[[[76.99908,31.778807],[76.999138,31.778828],[76.999099,31.778906],[76.999042,31.778885],[76.99908,31.778807]]]}},{"type":"Feature","id":"ovt-78325dfd4986","properties":{"id":"ovt-78325dfd4986","name":"North Campus building 144","named":false,"area_m2":46.4,"cat":"utility","scope":"campus","src":"Overture Maps 2026-08-19.0 (ML footprints, ODbL/CDLA)","conf":"derived","dist_core_m":313.3,"zone":"north","cat_conf":"derived","floors":1,"f2f":3.0,"floor_note":"utility structure","roof":"sloped","pitch":18,"roof_note":"light metal roof","wall":"metal_sheet_industrial","height_m":4.0,"name_conf":"derived","entrance_lat":31.778823,"entrance_lng":76.998976,"entrance_dist_m":180.7,"entrance_conf":"derived"},"geometry":{"type":"Polygon","coordinates":[[[76.998998,31.778777],[76.99908,31.778807],[76.999058,31.778853],[76.998976,31.778823],[76.998998,31.778777]]]}},{"type":"Feature","id":"ovt-412e9be191c3","properties":{"id":"ovt-412e9be191c3","name":"North Campus building 91","named":false,"area_m2":122.6,"cat":"utility","scope":"campus","src":"Overture Maps 2026-08-19.0 (ML footprints, ODbL/CDLA)","conf":"derived","dist_core_m":273.4,"zone":"north","cat_conf":"derived","floors":1,"f2f":3.0,"floor_note":"utility structure","roof":"sloped","pitch":18,"roof_note":"light metal roof","wall":"metal_sheet_industrial","height_m":4.0,"name_conf":"derived","entrance_lat":31.778945,"entrance_lng":76.996308,"entrance_dist_m":93.7,"entrance_conf":"derived"},"geometry":{"type":"Polygon","coordinates":[[[76.996308,31.778945],[76.996219,31.77891],[76.996277,31.778802],[76.996367,31.778837],[76.996308,31.778945]]]}},{"type":"Feature","id":"ovt-91a55ff4206f","properties":{"id":"ovt-91a55ff4206f","name":"North Campus building 37","named":false,"area_m2":342.1,"cat":"residential","scope":"campus","src":"Overture Maps 2026-08-19.0 (ML footprints, ODbL/CDLA)","conf":"derived","dist_core_m":322.3,"zone":"north","cat_conf":"derived","floors":4,"f2f":3.2,"floor_note":"faculty/staff apartment blocks 4-storey (C-1 faculty block)","roof":"flat","pitch":0,"roof_note":"flat RCC + parapet","wall":"plaster_paint_cream","height_m":13.8,"name_conf":"derived","entrance_lat":31.779171,"entrance_lng":76.995156,"entrance_dist_m":24.5,"entrance_conf":"derived"},"geometry":{"type":"Polygon","coordinates":[[[76.995046,31.779153],[76.994909,31.779106],[76.994968,31.778981],[76.995207,31.779063],[76.995156,31.779171],[76.995054,31.779136],[76.995046,31.779153]]]}},{"type":"Feature","id":"ovt-3abc9244d719","properties":{"id":"ovt-3abc9244d719","name":"Unnamed building","named":false,"area_m2":22.2,"cat":"unknown","scope":"context","src":"Overture Maps 2026-08-19.0 (ML footprints, ODbL/CDLA)","conf":"approximate","dist_core_m":567.9,"zone":"context","cat_conf":"derived","floor_note":"no source data; derived default","floors":2,"f2f":3.5,"roof":"flat","pitch":0,"roof_note":"unverified","wall":"plaster_paint_white","height_m":8.0},"geometry":{"type":"Polygon","coordinates":[[[76.994735,31.779085],[76.994778,31.779097],[76.994761,31.779142],[76.994718,31.779129],[76.994735,31.779085]]]}},{"type":"Feature","id":"ovt-d78d1fa55675","properties":{"id":"ovt-d78d1fa55675","name":"Unnamed building","named":false,"area_m2":14.6,"cat":"unknown","scope":"context","src":"Overture Maps 2026-08-19.0 (ML footprints, ODbL/CDLA)","conf":"approximate","dist_core_m":520.3,"zone":"context","cat_conf":"derived","floor_note":"no source data; derived default","floors":2,"f2f":3.5,"roof":"flat","pitch":0,"roof_note":"unverified","wall":"plaster_paint_white","height_m":8.0},"geometry":{"type":"Polygon","coordinates":[[[76.998667,31.777611],[76.998673,31.777643],[76.998631,31.777649],[76.998625,31.777616],[76.998667,31.777611]]]}},{"type":"Feature","id":"ovt-edaa9f2a374f","properties":{"id":"ovt-edaa9f2a374f","name":"Unnamed building","named":false,"area_m2":196.4,"cat":"unknown","scope":"context","src":"Overture Maps 2026-08-19.0 (ML footprints, ODbL/CDLA)","conf":"approximate","dist_core_m":426.3,"zone":"context","cat_conf":"derived","floor_note":"no source data; derived default","floors":2,"f2f":3.5,"roof":"flat","pitch":0,"roof_note":"unverified","wall":"plaster_paint_white","height_m":8.0},"geometry":{"type":"Polygon","coordinates":[[[76.998854,31.777536],[76.998935,31.777566],[76.998833,31.77776],[76.998752,31.77773],[76.998854,31.777536]]]}},{"type":"Feature","id":"ovt-b9365899f2a3","properties":{"id":"ovt-b9365899f2a3","name":"Unnamed building","named":false,"area_m2":87.1,"cat":"unknown","scope":"context","src":"Overture Maps 2026-08-19.0 (ML footprints, ODbL/CDLA)","conf":"approximate","dist_core_m":423.4,"zone":"context","cat_conf":"derived","floor_note":"no source data; derived default","floors":2,"f2f":3.5,"roof":"flat","pitch":0,"roof_note":"unverified","wall":"plaster_paint_white","height_m":8.0},"geometry":{"type":"Polygon","coordinates":[[[76.998967,31.777748],[76.998865,31.777703],[76.998882,31.777677],[76.998905,31.777687],[76.998936,31.777637],[76.999013,31.777672],[76.998967,31.777748]]]}},{"type":"Feature","id":"ovt-f19cbdef303e","properties":{"id":"ovt-f19cbdef303e","name":"North Campus building 95","named":false,"area_m2":109.6,"cat":"utility","scope":"campus","src":"Overture Maps 2026-08-19.0 (ML footprints, ODbL/CDLA)","conf":"derived","dist_core_m":406.7,"zone":"north","cat_conf":"derived","floors":1,"f2f":3.0,"floor_note":"utility structure","roof":"sloped","pitch":18,"roof_note":"light metal roof","wall":"metal_sheet_industrial","height_m":4.0,"name_conf":"derived","entrance_lat":31.777822,"entrance_lng":76.998718,"entrance_dist_m":274.6,"entrance_conf":"derived"},"geometry":{"type":"Polygon","coordinates":[[[76.998686,31.77774],[76.998736,31.777706],[76.998795,31.77777],[76.998718,31.777822],[76.998607,31.777704],[76.998635,31.777686],[76.998686,31.77774]]]}},{"type":"Feature","id":"ovt-b56077201078","properties":{"id":"ovt-b56077201078","name":"Unnamed building","named":false,"area_m2":17.2,"cat":"unknown","scope":"context","src":"Overture Maps 2026-08-19.0 (ML footprints, ODbL/CDLA)","conf":"approximate","dist_core_m":500.1,"zone":"context","cat_conf":"derived","floor_note":"no source data; derived default","floors":2,"f2f":3.5,"roof":"flat","pitch":0,"roof_note":"unverified","wall":"plaster_paint_white","height_m":8.0},"geometry":{"type":"Polygon","coordinates":[[[76.998636,31.777774],[76.998677,31.777762],[76.998692,31.777798],[76.998652,31.77781],[76.998636,31.777774]]]}},{"type":"Feature","id":"ovt-7461b59030cf","properties":{"id":"ovt-7461b59030cf","name":"Unnamed building","named":false,"area_m2":58.4,"cat":"unknown","scope":"context","src":"Overture Maps 2026-08-19.0 (ML footprints, ODbL/CDLA)","conf":"approximate","dist_core_m":454.1,"zone":"context","cat_conf":"derived","floor_note":"no source data; derived default","floors":2,"f2f":3.5,"roof":"flat","pitch":0,"roof_note":"unverified","wall":"plaster_paint_white","height_m":8.0},"geometry":{"type":"Polygon","coordinates":[[[76.999278,31.777444],[76.999307,31.777521],[76.999241,31.777539],[76.999212,31.777463],[76.999278,31.777444]]]}},{"type":"Feature","id":"ovt-a5996d0b4f76","properties":{"id":"ovt-a5996d0b4f76","name":"Unnamed building","named":false,"area_m2":17.9,"cat":"unknown","scope":"context","src":"Overture Maps 2026-08-19.0 (ML footprints, ODbL/CDLA)","conf":"approximate","dist_core_m":469.0,"zone":"context","cat_conf":"derived","floor_note":"no source data; derived default","floors":2,"f2f":3.5,"roof":"flat","pitch":0,"roof_note":"unverified","wall":"plaster_paint_white","height_m":8.0},"geometry":{"type":"Polygon","coordinates":[[[76.999014,31.777358],[76.99905,31.777358],[76.999049,31.777406],[76.999013,31.777405],[76.999014,31.777358]]]}},{"type":"Feature","id":"ovt-653404ae7713","properties":{"id":"ovt-653404ae7713","name":"Unnamed building","named":false,"area_m2":26.6,"cat":"unknown","scope":"context","src":"Overture Maps 2026-08-19.0 (ML footprints, ODbL/CDLA)","conf":"approximate","dist_core_m":541.1,"zone":"context","cat_conf":"derived","floor_note":"no source data; derived default","floors":2,"f2f":3.5,"roof":"flat","pitch":0,"roof_note":"unverified","wall":"plaster_paint_white","height_m":8.0},"geometry":{"type":"Polygon","coordinates":[[[76.999,31.777414],[76.998951,31.777411],[76.998955,31.777359],[76.999004,31.777363],[76.999,31.777414]]]}},{"type":"Feature","id":"ovt-df3ce0440784","properties":{"id":"ovt-df3ce0440784","name":"Unnamed building","named":false,"area_m2":28.1,"cat":"unknown","scope":"context","src":"Overture Maps 2026-08-19.0 (ML footprints, ODbL/CDLA)","conf":"approximate","dist_core_m":471.9,"zone":"context","cat_conf":"derived","floor_note":"no source data; derived default","floors":2,"f2f":3.5,"roof":"flat","pitch":0,"roof_note":"unverified","wall":"plaster_paint_white","height_m":8.0},"geometry":{"type":"Polygon","coordinates":[[[76.999072,31.777589],[76.999031,31.77757],[76.999064,31.777519],[76.999104,31.777538],[76.999072,31.777589]]]}},{"type":"Feature","id":"ovt-c69811d790bb","properties":{"id":"ovt-c69811d790bb","name":"Unnamed building","named":false,"area_m2":76.7,"cat":"unknown","scope":"context","src":"Overture Maps 2026-08-19.0 (ML footprints, ODbL/CDLA)","conf":"approximate","dist_core_m":444.6,"zone":"context","cat_conf":"derived","floor_note":"no source data; derived default","floors":2,"f2f":3.5,"roof":"flat","pitch":0,"roof_note":"unverified","wall":"plaster_paint_white","height_m":8.0},"geometry":{"type":"Polygon","coordinates":[[[76.998853,31.777434],[76.998881,31.777492],[76.998773,31.77753],[76.998745,31.777472],[76.998853,31.777434]]]}},{"type":"Feature","id":"ovt-77806583f11d","properties":{"id":"ovt-77806583f11d","name":"Unnamed building","named":false,"area_m2":278.9,"cat":"unknown","scope":"context","src":"Overture Maps 2026-08-19.0 (ML footprints, ODbL/CDLA)","conf":"approximate","dist_core_m":436.8,"zone":"context","cat_conf":"derived","floor_note":"no source data; derived default","floors":2,"f2f":3.5,"roof":"flat","pitch":0,"roof_note":"unverified","wall":"plaster_paint_white","height_m":8.0},"geometry":{"type":"Polygon","coordinates":[[[76.998689,31.777348],[76.998745,31.777559],[76.998623,31.777583],[76.99861,31.777533],[76.998594,31.777536],[76.998563,31.777418],[76.99861,31.777409],[76.998607,31.777396],[76.998636,31.777391],[76.998628,31.777359],[76.998689,31.777348]]]}},{"type":"Feature","id":"ovt-8e35a0f77e2d","properties":{"id":"ovt-8e35a0f77e2d","name":"Unnamed building","named":false,"area_m2":103.4,"cat":"unknown","scope":"context","src":"Overture Maps 2026-08-19.0 (ML footprints, ODbL/CDLA)","conf":"approximate","dist_core_m":453.5,"zone":"context","cat_conf":"derived","floor_note":"no source data; derived default","floors":2,"f2f":3.5,"roof":"flat","pitch":0,"roof_note":"unverified","wall":"plaster_paint_white","height_m":8.0},"geometry":{"type":"Polygon","coordinates":[[[76.998804,31.777332],[76.998853,31.777434],[76.998745,31.777472],[76.998716,31.777411],[76.998778,31.777389],[76.998758,31.777349],[76.998804,31.777332]]]}},{"type":"Feature","id":"ovt-d1425cce97e8","properties":{"id":"ovt-d1425cce97e8","name":"Unnamed building","named":false,"area_m2":51.2,"cat":"unknown","scope":"context","src":"Overture Maps 2026-08-19.0 (ML footprints, ODbL/CDLA)","conf":"approximate","dist_core_m":488.1,"zone":"context","cat_conf":"derived","floor_note":"no source data; derived default","floors":2,"f2f":3.5,"roof":"flat","pitch":0,"roof_note":"unverified","wall":"plaster_paint_white","height_m":8.0},"geometry":{"type":"Polygon","coordinates":[[[76.998914,31.777284],[76.998984,31.777279],[76.998991,31.777348],[76.99892,31.777353],[76.998914,31.777284]]]}},{"type":"Feature","id":"ovt-4ce547de0b20","properties":{"id":"ovt-4ce547de0b20","name":"Unnamed building","named":false,"area_m2":39.0,"cat":"unknown","scope":"context","src":"Overture Maps 2026-08-19.0 (ML footprints, ODbL/CDLA)","conf":"approximate","dist_core_m":468.1,"zone":"context","cat_conf":"derived","floor_note":"no source data; derived default","floors":2,"f2f":3.5,"roof":"flat","pitch":0,"roof_note":"unverified","wall":"plaster_paint_white","height_m":8.0},"geometry":{"type":"Polygon","coordinates":[[[76.998853,31.777292],[76.998913,31.777294],[76.99891,31.777356],[76.99885,31.777354],[76.998853,31.777292]]]}},{"type":"Feature","id":"ovt-b6603d6c6b2d","properties":{"id":"ovt-b6603d6c6b2d","name":"Unnamed building","named":false,"area_m2":129.2,"cat":"unknown","scope":"context","src":"Overture Maps 2026-08-19.0 (ML footprints, ODbL/CDLA)","conf":"approximate","dist_core_m":456.7,"zone":"context","cat_conf":"derived","floor_note":"no source data; derived default","floors":2,"f2f":3.5,"roof":"flat","pitch":0,"roof_note":"unverified","wall":"plaster_paint_white","height_m":8.0},"geometry":{"type":"Polygon","coordinates":[[[76.998513,31.777315],[76.998642,31.777272],[76.998672,31.777337],[76.998618,31.777356],[76.998632,31.777386],[76.998558,31.777411],[76.998513,31.777315]]]}},{"type":"Feature","id":"ovt-c7ea961fed2e","properties":{"id":"ovt-c7ea961fed2e","name":"Unnamed building","named":false,"area_m2":22.4,"cat":"unknown","scope":"context","src":"Overture Maps 2026-08-19.0 (ML footprints, ODbL/CDLA)","conf":"approximate","dist_core_m":480.4,"zone":"context","cat_conf":"derived","floor_note":"no source data; derived default","floors":2,"f2f":3.5,"roof":"flat","pitch":0,"roof_note":"unverified","wall":"plaster_paint_white","height_m":8.0},"geometry":{"type":"Polygon","coordinates":[[[76.998898,31.777172],[76.998947,31.777177],[76.998941,31.77722],[76.998892,31.777215],[76.998898,31.777172]]]}},{"type":"Feature","id":"ovt-4c9043aef549","properties":{"id":"ovt-4c9043aef549","name":"Unnamed building","named":false,"area_m2":44.7,"cat":"unknown","scope":"context","src":"Overture Maps 2026-08-19.0 (ML footprints, ODbL/CDLA)","conf":"approximate","dist_core_m":547.9,"zone":"context","cat_conf":"derived","floor_note":"no source data; derived default","floors":2,"f2f":3.5,"roof":"flat","pitch":0,"roof_note":"unverified","wall":"plaster_paint_white","height_m":8.0},"geometry":{"type":"Polygon","coordinates":[[[76.998529,31.777211],[76.998513,31.77717],[76.998607,31.777144],[76.998623,31.777185],[76.998529,31.777211]]]}},{"type":"Feature","id":"ovt-0f65d85a4603","properties":{"id":"ovt-0f65d85a4603","name":"Unnamed building","named":false,"area_m2":27.5,"cat":"unknown","scope":"context","src":"Overture Maps 2026-08-19.0 (ML footprints, ODbL/CDLA)","conf":"approximate","dist_core_m":602.9,"zone":"context","cat_conf":"derived","floor_note":"no source data; derived default","floors":2,"f2f":3.5,"roof":"flat","pitch":0,"roof_note":"unverified","wall":"plaster_paint_white","height_m":8.0},"geometry":{"type":"Polygon","coordinates":[[[76.998514,31.777103],[76.998503,31.777058],[76.998559,31.777048],[76.99857,31.777093],[76.998514,31.777103]]]}},{"type":"Feature","id":"ovt-2e23f7f68e0a","properties":{"id":"ovt-2e23f7f68e0a","name":"Unnamed building","named":false,"area_m2":35.0,"cat":"unknown","scope":"context","src":"Overture Maps 2026-08-19.0 (ML footprints, ODbL/CDLA)","conf":"approximate","dist_core_m":487.2,"zone":"context","cat_conf":"derived","floor_note":"no source data; derived default","floors":2,"f2f":3.5,"roof":"flat","pitch":0,"roof_note":"unverified","wall":"plaster_paint_white","height_m":8.0},"geometry":{"type":"Polygon","coordinates":[[[76.99845,31.776839],[76.998521,31.776823],[76.998536,31.776875],[76.998493,31.776885],[76.998488,31.776865],[76.998459,31.776871],[76.99845,31.776839]]]}},{"type":"Feature","id":"ovt-bfeb9a1f7a0a","properties":{"id":"ovt-bfeb9a1f7a0a","name":"Unnamed building","named":false,"area_m2":62.7,"cat":"unknown","scope":"context","src":"Overture Maps 2026-08-19.0 (ML footprints, ODbL/CDLA)","conf":"approximate","dist_core_m":516.2,"zone":"context","cat_conf":"derived","floor_note":"no source data; derived default","floors":2,"f2f":3.5,"roof":"flat","pitch":0,"roof_note":"unverified","wall":"plaster_paint_white","height_m":8.0},"geometry":{"type":"Polygon","coordinates":[[[76.998397,31.776582],[76.998401,31.77651],[76.998484,31.776514],[76.99848,31.776586],[76.998397,31.776582]]]}},{"type":"Feature","id":"ovt-47f24bd6a449","properties":{"id":"ovt-47f24bd6a449","name":"Unnamed building","named":false,"area_m2":28.9,"cat":"unknown","scope":"context","src":"Overture Maps 2026-08-19.0 (ML footprints, ODbL/CDLA)","conf":"approximate","dist_core_m":528.2,"zone":"context","cat_conf":"derived","floor_note":"no source data; derived default","floors":2,"f2f":3.5,"roof":"flat","pitch":0,"roof_note":"unverified","wall":"plaster_paint_white","height_m":8.0},"geometry":{"type":"Polygon","coordinates":[[[76.998502,31.776522],[76.99856,31.776514],[76.998569,31.77656],[76.99851,31.776568],[76.998502,31.776522]]]}},{"type":"Feature","id":"ovt-492b3db0c839","properties":{"id":"ovt-492b3db0c839","name":"Unnamed building","named":false,"area_m2":16.4,"cat":"unknown","scope":"context","src":"Overture Maps 2026-08-19.0 (ML footprints, ODbL/CDLA)","conf":"approximate","dist_core_m":590.3,"zone":"context","cat_conf":"derived","floor_note":"no source data; derived default","floors":2,"f2f":3.5,"roof":"flat","pitch":0,"roof_note":"unverified","wall":"plaster_paint_white","height_m":8.0},"geometry":{"type":"Polygon","coordinates":[[[76.998623,31.776707],[76.998635,31.776726],[76.998569,31.776754],[76.998558,31.776735],[76.998623,31.776707]]]}},{"type":"Feature","id":"ovt-2f1de014f8ce","properties":{"id":"ovt-2f1de014f8ce","name":"Unnamed building","named":false,"area_m2":21.0,"cat":"unknown","scope":"context","src":"Overture Maps 2026-08-19.0 (ML footprints, ODbL/CDLA)","conf":"approximate","dist_core_m":617.4,"zone":"context","cat_conf":"derived","floor_note":"no source data; derived default","floors":2,"f2f":3.5,"roof":"flat","pitch":0,"roof_note":"unverified","wall":"plaster_paint_white","height_m":8.0},"geometry":{"type":"Polygon","coordinates":[[[76.998947,31.775837],[76.999017,31.775847],[76.999012,31.775875],[76.998942,31.775865],[76.998947,31.775837]]]}},{"type":"Feature","id":"ovt-88e0451e5cd7","properties":{"id":"ovt-88e0451e5cd7","name":"Unnamed building","named":false,"area_m2":105.4,"cat":"unknown","scope":"context","src":"Overture Maps 2026-08-19.0 (ML footprints, ODbL/CDLA)","conf":"approximate","dist_core_m":625.5,"zone":"context","cat_conf":"derived","floor_note":"no source data; derived default","floors":2,"f2f":3.5,"roof":"flat","pitch":0,"roof_note":"unverified","wall":"plaster_paint_white","height_m":8.0},"geometry":{"type":"Polygon","coordinates":[[[76.998968,31.775713],[76.999074,31.775742],[76.999041,31.775828],[76.998935,31.775799],[76.998968,31.775713]]]}},{"type":"Feature","id":"ovt-ac82a37f1b2c","properties":{"id":"ovt-ac82a37f1b2c","name":"Unnamed building","named":false,"area_m2":105.6,"cat":"unknown","scope":"context","src":"Overture Maps 2026-08-19.0 (ML footprints, ODbL/CDLA)","conf":"approximate","dist_core_m":651.0,"zone":"context","cat_conf":"derived","floor_note":"no source data; derived default","floors":2,"f2f":3.5,"roof":"flat","pitch":0,"roof_note":"unverified","wall":"plaster_paint_white","height_m":8.0},"geometry":{"type":"Polygon","coordinates":[[[76.99933,31.775514],[76.999366,31.775554],[76.999209,31.775658],[76.999172,31.775618],[76.99933,31.775514]]]}},{"type":"Feature","id":"ovt-30565dc97c3d","properties":{"id":"ovt-30565dc97c3d","name":"South Campus building 77","named":false,"area_m2":26.0,"cat":"utility","scope":"campus","src":"Overture Maps 2026-08-19.0 (ML footprints, ODbL/CDLA)","conf":"derived","dist_core_m":90.1,"zone":"south","cat_conf":"derived","floors":1,"f2f":3.0,"floor_note":"utility structure","roof":"sloped","pitch":18,"roof_note":"light metal roof","wall":"metal_sheet_industrial","height_m":4.0,"name_conf":"derived","entrance_lat":31.776262,"entrance_lng":76.988107,"entrance_dist_m":272.3,"entrance_conf":"derived"},"geometry":{"type":"Polygon","coordinates":[[[76.988192,31.776242],[76.9882,31.77627],[76.988116,31.776289],[76.988107,31.776262],[76.988192,31.776242]]]}},{"type":"Feature","id":"ovt-efa03d124c9d","properties":{"id":"ovt-efa03d124c9d","name":"South Campus building 54","named":false,"area_m2":71.2,"cat":"utility","scope":"campus","src":"Overture Maps 2026-08-19.0 (ML footprints, ODbL/CDLA)","conf":"derived","dist_core_m":106.1,"zone":"south","cat_conf":"derived","floors":1,"f2f":3.0,"floor_note":"utility structure","roof":"sloped","pitch":18,"roof_note":"light metal roof","wall":"metal_sheet_industrial","height_m":4.0,"name_conf":"derived","entrance_lat":31.776676,"entrance_lng":76.987373,"entrance_dist_m":30.5,"entrance_conf":"derived"},"geometry":{"type":"Polygon","coordinates":[[[76.987373,31.776676],[76.987494,31.776699],[76.987481,31.776752],[76.987359,31.77673],[76.987373,31.776676]]]}},{"type":"Feature","id":"ovt-047cb2d67da6","properties":{"id":"ovt-047cb2d67da6","name":"South Campus building 13","named":false,"area_m2":258.5,"cat":"residential","scope":"campus","src":"Overture Maps 2026-08-19.0 (ML footprints, ODbL/CDLA)","conf":"derived","dist_core_m":155.4,"zone":"south","cat_conf":"derived","floors":4,"f2f":3.2,"floor_note":"faculty/staff apartment blocks 4-storey (C-1 faculty block)","roof":"flat","pitch":0,"roof_note":"flat RCC + parapet","wall":"plaster_paint_cream","height_m":13.8,"name_conf":"derived","entrance_lat":31.776743,"entrance_lng":76.987577,"entrance_dist_m":13.1,"entrance_conf":"derived"},"geometry":{"type":"Polygon","coordinates":[[[76.987577,31.776743],[76.987916,31.776738],[76.987918,31.77683],[76.987837,31.776831],[76.987837,31.776813],[76.987628,31.776816],[76.987627,31.77678],[76.987578,31.776781],[76.987577,31.776743]]]}},{"type":"Feature","id":"ovt-47618afb550c","properties":{"id":"ovt-47618afb550c","name":"Unnamed building","named":false,"area_m2":11.0,"cat":"unknown","scope":"context","src":"Overture Maps 2026-08-19.0 (ML footprints, ODbL/CDLA)","conf":"approximate","dist_core_m":577.3,"zone":"context","cat_conf":"derived","floor_note":"no source data; derived default","floors":2,"f2f":3.5,"roof":"flat","pitch":0,"roof_note":"unverified","wall":"plaster_paint_white","height_m":8.0},"geometry":{"type":"Polygon","coordinates":[[[76.987774,31.776516],[76.987816,31.776512],[76.98782,31.776536],[76.987778,31.776541],[76.987774,31.776516]]]}},{"type":"Feature","id":"ovt-7444cb921a17","properties":{"id":"ovt-7444cb921a17","name":"South Campus building 92","named":false,"area_m2":11.8,"cat":"utility","scope":"campus","src":"Overture Maps 2026-08-19.0 (ML footprints, ODbL/CDLA)","conf":"derived","dist_core_m":60.5,"zone":"south","cat_conf":"derived","floors":1,"f2f":3.0,"floor_note":"utility structure","roof":"sloped","pitch":18,"roof_note":"light metal roof","wall":"metal_sheet_industrial","height_m":4.0,"name_conf":"derived","entrance_lat":31.776441,"entrance_lng":76.987959,"entrance_dist_m":180.0,"entrance_conf":"derived"},"geometry":{"type":"Polygon","coordinates":[[[76.987959,31.776441],[76.988005,31.776441],[76.988005,31.776466],[76.987959,31.776465],[76.987959,31.776441]]]}},{"type":"Feature","id":"ovt-6627cd004cc5","properties":{"id":"ovt-6627cd004cc5","name":"South Campus building 15","named":false,"area_m2":209.1,"cat":"utility","scope":"campus","src":"Overture Maps 2026-08-19.0 (ML footprints, ODbL/CDLA)","conf":"derived","dist_core_m":176.6,"zone":"south","cat_conf":"derived","floors":1,"f2f":3.0,"floor_note":"utility structure","roof":"sloped","pitch":18,"roof_note":"light metal roof","wall":"metal_sheet_industrial","height_m":4.0,"name_conf":"derived","entrance_lat":31.776617,"entrance_lng":76.988373,"entrance_dist_m":47.2,"entrance_conf":"derived"},"geometry":{"type":"Polygon","coordinates":[[[76.988373,31.776617],[76.988508,31.776617],[76.988509,31.776764],[76.988373,31.776765],[76.988373,31.776617]]]}},{"type":"Feature","id":"ovt-a296af98c1e2","properties":{"id":"ovt-a296af98c1e2","name":"South Campus building 78","named":false,"area_m2":23.8,"cat":"utility","scope":"campus","src":"Overture Maps 2026-08-19.0 (ML footprints, ODbL/CDLA)","conf":"derived","dist_core_m":324.3,"zone":"south","cat_conf":"derived","floors":1,"f2f":3.0,"floor_note":"utility structure","roof":"sloped","pitch":18,"roof_note":"light metal roof","wall":"metal_sheet_industrial","height_m":4.0,"name_conf":"derived","entrance_lat":31.776619,"entrance_lng":76.988666,"entrance_dist_m":37.0,"entrance_conf":"derived"},"geometry":{"type":"Polygon","coordinates":[[[76.988666,31.776619],[76.988588,31.7766],[76.988597,31.776573],[76.988675,31.776592],[76.988666,31.776619]]]}},{"type":"Feature","id":"ovt-ffba7f46bb98","properties":{"id":"ovt-ffba7f46bb98","name":"South Campus building 14","named":false,"area_m2":217.6,"cat":"utility","scope":"campus","src":"Overture Maps 2026-08-19.0 (ML footprints, ODbL/CDLA)","conf":"derived","dist_core_m":220.5,"zone":"south","cat_conf":"derived","floors":1,"f2f":3.0,"floor_note":"utility structure","roof":"sloped","pitch":18,"roof_note":"light metal roof","wall":"metal_sheet_industrial","height_m":4.0,"name_conf":"derived","entrance_lat":31.776617,"entrance_lng":76.988373,"entrance_dist_m":18.5,"entrance_conf":"derived"},"geometry":{"type":"Polygon","coordinates":[[[76.988373,31.776617],[76.988373,31.776765],[76.988232,31.776765],[76.988232,31.776618],[76.988373,31.776617]]]}},{"type":"Feature","id":"ovt-cce2e8873c7d","properties":{"id":"ovt-cce2e8873c7d","name":"Unnamed building","named":false,"area_m2":29.6,"cat":"unknown","scope":"context","src":"Overture Maps 2026-08-19.0 (ML footprints, ODbL/CDLA)","conf":"approximate","dist_core_m":474.6,"zone":"context","cat_conf":"derived","floor_note":"no source data; derived default","floors":2,"f2f":3.5,"roof":"flat","pitch":0,"roof_note":"unverified","wall":"plaster_paint_white","height_m":8.0},"geometry":{"type":"Polygon","coordinates":[[[76.988139,31.776724],[76.988198,31.776723],[76.988198,31.776771],[76.988139,31.776772],[76.988139,31.776724]]]}},{"type":"Feature","id":"ovt-6a62c705f0ef","properties":{"id":"ovt-6a62c705f0ef","name":"South Campus building 44","named":false,"area_m2":87.1,"cat":"utility","scope":"campus","src":"Overture Maps 2026-08-19.0 (ML footprints, ODbL/CDLA)","conf":"derived","dist_core_m":185.5,"zone":"south","cat_conf":"derived","floors":1,"f2f":3.0,"floor_note":"utility structure","roof":"sloped","pitch":18,"roof_note":"light metal roof","wall":"metal_sheet_industrial","height_m":4.0,"name_conf":"derived","entrance_lat":31.776802,"entrance_lng":76.98801,"entrance_dist_m":46.4,"entrance_conf":"derived"},"geometry":{"type":"Polygon","coordinates":[[[76.988136,31.776799],[76.988139,31.776865],[76.988013,31.776868],[76.98801,31.776802],[76.988136,31.776799]]]}},{"type":"Feature","id":"ovt-1d4b562bc540","properties":{"id":"ovt-1d4b562bc540","name":"South Campus building 76","named":false,"area_m2":27.7,"cat":"utility","scope":"campus","src":"Overture Maps 2026-08-19.0 (ML footprints, ODbL/CDLA)","conf":"derived","dist_core_m":170.6,"zone":"south","cat_conf":"derived","floors":1,"f2f":3.0,"floor_note":"utility structure","roof":"sloped","pitch":18,"roof_note":"light metal roof","wall":"metal_sheet_industrial","height_m":4.0,"name_conf":"derived","entrance_lat":31.776796,"entrance_lng":76.988141,"entrance_dist_m":57.7,"entrance_conf":"derived"},"geometry":{"type":"Polygon","coordinates":[[[76.988181,31.776794],[76.988186,31.77686],[76.988146,31.776862],[76.988141,31.776796],[76.988181,31.776794]]]}},{"type":"Feature","id":"ovt-27b7f36c97f1","properties":{"id":"ovt-27b7f36c97f1","name":"South Campus building 86","named":false,"area_m2":17.6,"cat":"utility","scope":"campus","src":"Overture Maps 2026-08-19.0 (ML footprints, ODbL/CDLA)","conf":"derived","dist_core_m":354.9,"zone":"south","cat_conf":"derived","floors":1,"f2f":3.0,"floor_note":"utility structure","roof":"sloped","pitch":18,"roof_note":"light metal roof","wall":"metal_sheet_industrial","height_m":4.0,"name_conf":"derived","entrance_lat":31.779557,"entrance_lng":76.987793,"entrance_dist_m":134.6,"entrance_conf":"derived"},"geometry":{"type":"Polygon","coordinates":[[[76.987793,31.779557],[76.98783,31.779557],[76.987831,31.779602],[76.987794,31.779603],[76.987793,31.779557]]]}},{"type":"Feature","id":"ovt-f79158f0655a","properties":{"id":"ovt-f79158f0655a","name":"Unnamed building","named":false,"area_m2":218.9,"cat":"unknown","scope":"context","src":"Overture Maps 2026-08-19.0 (ML footprints, ODbL/CDLA)","conf":"approximate","dist_core_m":665.9,"zone":"context","cat_conf":"derived","floor_note":"no source data; derived default","floors":2,"f2f":3.5,"roof":"flat","pitch":0,"roof_note":"unverified","wall":"plaster_paint_white","height_m":8.0},"geometry":{"type":"Polygon","coordinates":[[[76.990184,31.780636],[76.990165,31.780552],[76.990405,31.780512],[76.990424,31.780596],[76.990184,31.780636]]]}},{"type":"Feature","id":"ovt-6a1e7c153da0","properties":{"id":"ovt-6a1e7c153da0","name":"North Campus building 177","named":false,"area_m2":28.6,"cat":"utility","scope":"campus","src":"Overture Maps 2026-08-19.0 (ML footprints, ODbL/CDLA)","conf":"derived","dist_core_m":204.2,"zone":"north","cat_conf":"derived","floors":1,"f2f":3.0,"floor_note":"utility structure","roof":"sloped","pitch":18,"roof_note":"light metal roof","wall":"metal_sheet_industrial","height_m":4.0,"name_conf":"derived","entrance_lat":31.77982,"entrance_lng":76.993236,"entrance_dist_m":244.6,"entrance_conf":"derived"},"geometry":{"type":"Polygon","coordinates":[[[76.99316,31.779784],[76.993236,31.779784],[76.993236,31.77982],[76.99316,31.77982],[76.99316,31.779784]]]}},{"type":"Feature","id":"ovt-0fe65c6cdecb","properties":{"id":"ovt-0fe65c6cdecb","name":"North Campus building 141","named":false,"area_m2":47.1,"cat":"utility","scope":"campus","src":"Overture Maps 2026-08-19.0 (ML footprints, ODbL/CDLA)","conf":"derived","dist_core_m":369.0,"zone":"north","cat_conf":"derived","floors":1,"f2f":3.0,"floor_note":"utility structure","roof":"sloped","pitch":18,"roof_note":"light metal roof","wall":"metal_sheet_industrial","height_m":4.0,"name_conf":"derived","entrance_lat":31.779968,"entrance_lng":76.993358,"entrance_dist_m":37.5,"entrance_conf":"derived"},"geometry":{"type":"Polygon","coordinates":[[[76.993349,31.779908],[76.993358,31.779968],[76.993284,31.779975],[76.993275,31.779915],[76.993349,31.779908]]]}},{"type":"Feature","id":"ovt-90f94f907af1","properties":{"id":"ovt-90f94f907af1","name":"Unnamed building","named":false,"area_m2":106.7,"cat":"unknown","scope":"context","src":"Overture Maps 2026-08-19.0 (ML footprints, ODbL/CDLA)","conf":"approximate","dist_core_m":479.5,"zone":"context","cat_conf":"derived","floor_note":"no source data; derived default","floors":2,"f2f":3.5,"roof":"flat","pitch":0,"roof_note":"unverified","wall":"plaster_paint_white","height_m":8.0},"geometry":{"type":"Polygon","coordinates":[[[76.993124,31.779906],[76.993204,31.779915],[76.993186,31.78004],[76.993106,31.780032],[76.993124,31.779906]]]}},{"type":"Feature","id":"ovt-d207551e5b59","properties":{"id":"ovt-d207551e5b59","name":"Unnamed building","named":false,"area_m2":30.0,"cat":"unknown","scope":"context","src":"Overture Maps 2026-08-19.0 (ML footprints, ODbL/CDLA)","conf":"approximate","dist_core_m":613.5,"zone":"context","cat_conf":"derived","floor_note":"no source data; derived default","floors":2,"f2f":3.5,"roof":"flat","pitch":0,"roof_note":"unverified","wall":"plaster_paint_white","height_m":8.0},"geometry":{"type":"Polygon","coordinates":[[[76.992981,31.7803],[76.992915,31.78029],[76.992924,31.780248],[76.992989,31.780257],[76.992981,31.7803]]]}},{"type":"Feature","id":"ovt-0b939f1447b0","properties":{"id":"ovt-0b939f1447b0","name":"Unnamed building","named":false,"area_m2":27.2,"cat":"unknown","scope":"context","src":"Overture Maps 2026-08-19.0 (ML footprints, ODbL/CDLA)","conf":"approximate","dist_core_m":537.3,"zone":"context","cat_conf":"derived","floor_note":"no source data; derived default","floors":2,"f2f":3.5,"roof":"flat","pitch":0,"roof_note":"unverified","wall":"plaster_paint_white","height_m":8.0},"geometry":{"type":"Polygon","coordinates":[[[76.992906,31.780486],[76.992965,31.780487],[76.992964,31.780531],[76.992905,31.78053],[76.992906,31.780486]]]}},{"type":"Feature","id":"ovt-8dd53ca5d235","properties":{"id":"ovt-8dd53ca5d235","name":"Unnamed building","named":false,"area_m2":221.1,"cat":"unknown","scope":"context","src":"Overture Maps 2026-08-19.0 (ML footprints, ODbL/CDLA)","conf":"approximate","dist_core_m":439.6,"zone":"context","cat_conf":"derived","floor_note":"no source data; derived default","floors":2,"f2f":3.5,"roof":"flat","pitch":0,"roof_note":"unverified","wall":"plaster_paint_white","height_m":8.0},"geometry":{"type":"Polygon","coordinates":[[[76.992882,31.7803],[76.993025,31.780317],[76.993002,31.780462],[76.992859,31.780445],[76.992882,31.7803]]]}},{"type":"Feature","id":"ovt-807ac74cc384","properties":{"id":"ovt-807ac74cc384","name":"Unnamed building","named":false,"area_m2":241.5,"cat":"unknown","scope":"context","src":"Overture Maps 2026-08-19.0 (ML footprints, ODbL/CDLA)","conf":"approximate","dist_core_m":438.7,"zone":"context","cat_conf":"derived","floor_note":"no source data; derived default","floors":2,"f2f":3.5,"roof":"flat","pitch":0,"roof_note":"unverified","wall":"plaster_paint_white","height_m":8.0},"geometry":{"type":"Polygon","coordinates":[[[76.992884,31.780538],[76.993031,31.780537],[76.993032,31.780694],[76.992885,31.780695],[76.992884,31.780538]]]}},{"type":"Feature","id":"ovt-5b472ced8b91","properties":{"id":"ovt-5b472ced8b91","name":"Unnamed building","named":false,"area_m2":24.6,"cat":"unknown","scope":"context","src":"Overture Maps 2026-08-19.0 (ML footprints, ODbL/CDLA)","conf":"approximate","dist_core_m":564.8,"zone":"context","cat_conf":"derived","floor_note":"no source data; derived default","floors":2,"f2f":3.5,"roof":"flat","pitch":0,"roof_note":"unverified","wall":"plaster_paint_white","height_m":8.0},"geometry":{"type":"Polygon","coordinates":[[[76.993143,31.780815],[76.993163,31.780861],[76.993118,31.780875],[76.993098,31.780829],[76.993143,31.780815]]]}},{"type":"Feature","id":"ovt-6c1b6744fa5f","properties":{"id":"ovt-6c1b6744fa5f","name":"North Campus building 43","named":false,"area_m2":288.6,"cat":"residential","scope":"campus","src":"Overture Maps 2026-08-19.0 (ML footprints, ODbL/CDLA)","conf":"derived","dist_core_m":399.2,"zone":"north","cat_conf":"derived","floors":4,"f2f":3.2,"floor_note":"faculty/staff apartment blocks 4-storey (C-1 faculty block)","roof":"flat","pitch":0,"roof_note":"flat RCC + parapet","wall":"plaster_paint_cream","height_m":13.8,"name_conf":"derived","entrance_lat":31.781112,"entrance_lng":76.99332,"entrance_dist_m":20.3,"entrance_conf":"derived"},"geometry":{"type":"Polygon","coordinates":[[[76.993235,31.780867],[76.99332,31.781112],[76.993217,31.781138],[76.993131,31.780893],[76.993235,31.780867]]]}},{"type":"Feature","id":"ovt-b7c4a989d687","properties":{"id":"ovt-b7c4a989d687","name":"Unnamed building","named":false,"area_m2":15.0,"cat":"unknown","scope":"context","src":"Overture Maps 2026-08-19.0 (ML footprints, ODbL/CDLA)","conf":"approximate","dist_core_m":429.4,"zone":"context","cat_conf":"derived","floor_note":"no source data; derived default","floors":2,"f2f":3.5,"roof":"flat","pitch":0,"roof_note":"unverified","wall":"plaster_paint_white","height_m":8.0},"geometry":{"type":"Polygon","coordinates":[[[76.990573,31.780672],[76.990578,31.780695],[76.990518,31.780705],[76.990513,31.780682],[76.990573,31.780672]]]}},{"type":"Feature","id":"ovt-a889e90e753e","properties":{"id":"ovt-a889e90e753e","name":"Unnamed building","named":false,"area_m2":20.7,"cat":"unknown","scope":"context","src":"Overture Maps 2026-08-19.0 (ML footprints, ODbL/CDLA)","conf":"approximate","dist_core_m":557.6,"zone":"context","cat_conf":"derived","floor_note":"no source data; derived default","floors":2,"f2f":3.5,"roof":"flat","pitch":0,"roof_note":"unverified","wall":"plaster_paint_white","height_m":8.0},"geometry":{"type":"Polygon","coordinates":[[[76.990582,31.780926],[76.990565,31.780897],[76.990619,31.780874],[76.990636,31.780904],[76.990582,31.780926]]]}},{"type":"Feature","id":"ovt-1a90a53a6898","properties":{"id":"ovt-1a90a53a6898","name":"North Campus building 205","named":false,"area_m2":11.4,"cat":"utility","scope":"campus","src":"Overture Maps 2026-08-19.0 (ML footprints, ODbL/CDLA)","conf":"derived","dist_core_m":407.8,"zone":"north","cat_conf":"derived","floors":1,"f2f":3.0,"floor_note":"utility structure","roof":"sloped","pitch":18,"roof_note":"light metal roof","wall":"metal_sheet_industrial","height_m":4.0,"name_conf":"derived","entrance_lat":31.780783,"entrance_lng":76.990723,"entrance_dist_m":255.7,"entrance_conf":"derived"},"geometry":{"type":"Polygon","coordinates":[[[76.990718,31.780756],[76.990723,31.780783],[76.990683,31.780788],[76.990679,31.780761],[76.990718,31.780756]]]}},{"type":"Feature","id":"ovt-070ed7f9db20","properties":{"id":"ovt-070ed7f9db20","name":"Unnamed building","named":false,"area_m2":67.1,"cat":"unknown","scope":"context","src":"Overture Maps 2026-08-19.0 (ML footprints, ODbL/CDLA)","conf":"approximate","dist_core_m":630.4,"zone":"context","cat_conf":"derived","floor_note":"no source data; derived default","floors":2,"f2f":3.5,"roof":"flat","pitch":0,"roof_note":"unverified","wall":"plaster_paint_white","height_m":8.0},"geometry":{"type":"Polygon","coordinates":[[[76.990921,31.780795],[76.991028,31.780757],[76.991053,31.780808],[76.990945,31.780846],[76.990921,31.780795]]]}},{"type":"Feature","id":"ovt-e50e1a14eccd","properties":{"id":"ovt-e50e1a14eccd","name":"Unnamed building","named":false,"area_m2":70.4,"cat":"unknown","scope":"context","src":"Overture Maps 2026-08-19.0 (ML footprints, ODbL/CDLA)","conf":"approximate","dist_core_m":645.4,"zone":"context","cat_conf":"derived","floor_note":"no source data; derived default","floors":2,"f2f":3.5,"roof":"flat","pitch":0,"roof_note":"unverified","wall":"plaster_paint_white","height_m":8.0},"geometry":{"type":"Polygon","coordinates":[[[76.990791,31.780909],[76.99076,31.780858],[76.990863,31.780812],[76.990895,31.780863],[76.990791,31.780909]]]}},{"type":"Feature","id":"ovt-06153c86f247","properties":{"id":"ovt-06153c86f247","name":"Unnamed building","named":false,"area_m2":42.6,"cat":"unknown","scope":"context","src":"Overture Maps 2026-08-19.0 (ML footprints, ODbL/CDLA)","conf":"approximate","dist_core_m":559.1,"zone":"context","cat_conf":"derived","floor_note":"no source data; derived default","floors":2,"f2f":3.5,"roof":"flat","pitch":0,"roof_note":"unverified","wall":"plaster_paint_white","height_m":8.0},"geometry":{"type":"Polygon","coordinates":[[[76.991247,31.781613],[76.991301,31.781608],[76.99131,31.781682],[76.991255,31.781687],[76.991247,31.781613]]]}},{"type":"Feature","id":"ovt-b709cd366432","properties":{"id":"ovt-b709cd366432","name":"Unnamed building","named":false,"area_m2":38.6,"cat":"unknown","scope":"context","src":"Overture Maps 2026-08-19.0 (ML footprints, ODbL/CDLA)","conf":"approximate","dist_core_m":665.7,"zone":"context","cat_conf":"derived","floor_note":"no source data; derived default","floors":2,"f2f":3.5,"roof":"flat","pitch":0,"roof_note":"unverified","wall":"plaster_paint_white","height_m":8.0},"geometry":{"type":"Polygon","coordinates":[[[76.99148,31.781603],[76.991483,31.78164],[76.991383,31.781644],[76.991381,31.781607],[76.99148,31.781603]]]}},{"type":"Feature","id":"ovt-5ad9b22d926b","properties":{"id":"ovt-5ad9b22d926b","name":"Unnamed building","named":false,"area_m2":179.5,"cat":"unknown","scope":"context","src":"Overture Maps 2026-08-19.0 (ML footprints, ODbL/CDLA)","conf":"approximate","dist_core_m":602.8,"zone":"context","cat_conf":"derived","floor_note":"no source data; derived default","floors":2,"f2f":3.5,"roof":"flat","pitch":0,"roof_note":"unverified","wall":"plaster_paint_white","height_m":8.0},"geometry":{"type":"Polygon","coordinates":[[[76.990998,31.781885],[76.99098,31.781775],[76.991108,31.78176],[76.991116,31.781812],[76.991164,31.781807],[76.991173,31.781865],[76.990998,31.781885]]]}},{"type":"Feature","id":"ovt-098283dc3009","properties":{"id":"ovt-098283dc3009","name":"Unnamed building","named":false,"area_m2":42.4,"cat":"unknown","scope":"context","src":"Overture Maps 2026-08-19.0 (ML footprints, ODbL/CDLA)","conf":"approximate","dist_core_m":677.0,"zone":"context","cat_conf":"derived","floor_note":"no source data; derived default","floors":2,"f2f":3.5,"roof":"flat","pitch":0,"roof_note":"unverified","wall":"plaster_paint_white","height_m":8.0},"geometry":{"type":"Polygon","coordinates":[[[76.991397,31.781703],[76.991406,31.781759],[76.991335,31.781767],[76.991326,31.781711],[76.991397,31.781703]]]}},{"type":"Feature","id":"ovt-5c7af75666cb","properties":{"id":"ovt-5c7af75666cb","name":"Unnamed building","named":false,"area_m2":41.9,"cat":"unknown","scope":"context","src":"Overture Maps 2026-08-19.0 (ML footprints, ODbL/CDLA)","conf":"approximate","dist_core_m":577.5,"zone":"context","cat_conf":"derived","floor_note":"no source data; derived default","floors":2,"f2f":3.5,"roof":"flat","pitch":0,"roof_note":"unverified","wall":"plaster_paint_white","height_m":8.0},"geometry":{"type":"Polygon","coordinates":[[[76.991394,31.78152],[76.991484,31.781508],[76.991492,31.781552],[76.991402,31.781563],[76.991394,31.78152]]]}},{"type":"Feature","id":"ovt-7a5856111869","properties":{"id":"ovt-7a5856111869","name":"South Campus building 93","named":false,"area_m2":10.7,"cat":"utility","scope":"campus","src":"Overture Maps 2026-08-19.0 (ML footprints, ODbL/CDLA)","conf":"derived","dist_core_m":370.2,"zone":"south","cat_conf":"derived","floors":1,"f2f":3.0,"floor_note":"utility structure","roof":"sloped","pitch":18,"roof_note":"light metal roof","wall":"metal_sheet_industrial","height_m":4.0,"name_conf":"derived","entrance_lat":31.781893,"entrance_lng":76.992987,"entrance_dist_m":830.1,"entrance_conf":"derived"},"geometry":{"type":"Polygon","coordinates":[[[76.992987,31.781893],[76.993021,31.781895],[76.993019,31.781925],[76.992985,31.781923],[76.992987,31.781893]]]}},{"type":"Feature","id":"ovt-8002173197f2","properties":{"id":"ovt-8002173197f2","name":"North Campus building 204","named":false,"area_m2":12.0,"cat":"utility","scope":"campus","src":"Overture Maps 2026-08-19.0 (ML footprints, ODbL/CDLA)","conf":"derived","dist_core_m":327.8,"zone":"north","cat_conf":"derived","floors":1,"f2f":3.0,"floor_note":"utility structure","roof":"sloped","pitch":18,"roof_note":"light metal roof","wall":"metal_sheet_industrial","height_m":4.0,"name_conf":"derived","entrance_lat":31.781985,"entrance_lng":76.992673,"entrance_dist_m":199.6,"entrance_conf":"derived"},"geometry":{"type":"Polygon","coordinates":[[[76.992635,31.781948],[76.992683,31.781964],[76.992673,31.781985],[76.992625,31.781968],[76.992635,31.781948]]]}},{"type":"Feature","id":"ovt-3d35e852e393","properties":{"id":"ovt-3d35e852e393","name":"Unnamed building","named":false,"area_m2":156.6,"cat":"unknown","scope":"context","src":"Overture Maps 2026-08-19.0 (ML footprints, ODbL/CDLA)","conf":"approximate","dist_core_m":707.7,"zone":"context","cat_conf":"derived","floor_note":"no source data; derived default","floors":2,"f2f":3.5,"roof":"flat","pitch":0,"roof_note":"unverified","wall":"plaster_paint_white","height_m":8.0},"geometry":{"type":"Polygon","coordinates":[[[76.990171,31.782532],[76.990181,31.782654],[76.990156,31.782656],[76.990159,31.782704],[76.99009,31.782708],[76.990077,31.782537],[76.990171,31.782532]]]}},{"type":"Feature","id":"ovt-b132451e2c97","properties":{"id":"ovt-b132451e2c97","name":"Unnamed building","named":false,"area_m2":142.6,"cat":"unknown","scope":"context","src":"Overture Maps 2026-08-19.0 (ML footprints, ODbL/CDLA)","conf":"approximate","dist_core_m":737.0,"zone":"context","cat_conf":"derived","floor_note":"no source data; derived default","floors":2,"f2f":3.5,"roof":"flat","pitch":0,"roof_note":"unverified","wall":"plaster_paint_white","height_m":8.0},"geometry":{"type":"Polygon","coordinates":[[[76.989935,31.782418],[76.990009,31.782397],[76.990073,31.782563],[76.989999,31.782584],[76.989935,31.782418]]]}},{"type":"Feature","id":"ovt-1283b0c43363","properties":{"id":"ovt-1283b0c43363","name":"Unnamed building","named":false,"area_m2":11.6,"cat":"unknown","scope":"context","src":"Overture Maps 2026-08-19.0 (ML footprints, ODbL/CDLA)","conf":"approximate","dist_core_m":815.7,"zone":"context","cat_conf":"derived","floor_note":"no source data; derived default","floors":2,"f2f":3.5,"roof":"flat","pitch":0,"roof_note":"unverified","wall":"plaster_paint_white","height_m":8.0},"geometry":{"type":"Polygon","coordinates":[[[76.988053,31.783126],[76.988091,31.78312],[76.988098,31.783148],[76.98806,31.783154],[76.988053,31.783126]]]}},{"type":"Feature","id":"ovt-2670c838cc7b","properties":{"id":"ovt-2670c838cc7b","name":"Unnamed building","named":false,"area_m2":13.8,"cat":"unknown","scope":"context","src":"Overture Maps 2026-08-19.0 (ML footprints, ODbL/CDLA)","conf":"approximate","dist_core_m":834.4,"zone":"context","cat_conf":"derived","floor_note":"no source data; derived default","floors":2,"f2f":3.5,"roof":"flat","pitch":0,"roof_note":"unverified","wall":"plaster_paint_white","height_m":8.0},"geometry":{"type":"Polygon","coordinates":[[[76.98808,31.783132],[76.988127,31.783127],[76.98813,31.783155],[76.988084,31.78316],[76.98808,31.783132]]]}},{"type":"Feature","id":"ovt-45318cbe5367","properties":{"id":"ovt-45318cbe5367","name":"Unnamed building","named":false,"area_m2":24.8,"cat":"unknown","scope":"context","src":"Overture Maps 2026-08-19.0 (ML footprints, ODbL/CDLA)","conf":"approximate","dist_core_m":711.3,"zone":"context","cat_conf":"derived","floor_note":"no source data; derived default","floors":2,"f2f":3.5,"roof":"flat","pitch":0,"roof_note":"unverified","wall":"plaster_paint_white","height_m":8.0},"geometry":{"type":"Polygon","coordinates":[[[76.989572,31.783273],[76.989544,31.783248],[76.989594,31.783208],[76.989622,31.783233],[76.989572,31.783273]]]}},{"type":"Feature","id":"ovt-8346c44473ad","properties":{"id":"ovt-8346c44473ad","name":"Unnamed building","named":false,"area_m2":30.6,"cat":"unknown","scope":"context","src":"Overture Maps 2026-08-19.0 (ML footprints, ODbL/CDLA)","conf":"approximate","dist_core_m":818.7,"zone":"context","cat_conf":"derived","floor_note":"no source data; derived default","floors":2,"f2f":3.5,"roof":"flat","pitch":0,"roof_note":"unverified","wall":"plaster_paint_white","height_m":8.0},"geometry":{"type":"Polygon","coordinates":[[[76.989718,31.78326],[76.989672,31.783252],[76.989687,31.783191],[76.989733,31.783199],[76.989718,31.78326]]]}},{"type":"Feature","id":"ovt-f90e4157f418","properties":{"id":"ovt-f90e4157f418","name":"Unnamed building","named":false,"area_m2":154.2,"cat":"unknown","scope":"context","src":"Overture Maps 2026-08-19.0 (ML footprints, ODbL/CDLA)","conf":"approximate","dist_core_m":808.8,"zone":"context","cat_conf":"derived","floor_note":"no source data; derived default","floors":2,"f2f":3.5,"roof":"flat","pitch":0,"roof_note":"unverified","wall":"plaster_paint_white","height_m":8.0},"geometry":{"type":"Polygon","coordinates":[[[76.989467,31.783403],[76.98948,31.78347],[76.98943,31.783477],[76.989446,31.783558],[76.989372,31.783569],[76.989343,31.78342],[76.989467,31.783403]]]}},{"type":"Feature","id":"ovt-47e9e6b6f319","properties":{"id":"ovt-47e9e6b6f319","name":"Unnamed building","named":false,"area_m2":141.4,"cat":"unknown","scope":"context","src":"Overture Maps 2026-08-19.0 (ML footprints, ODbL/CDLA)","conf":"approximate","dist_core_m":786.2,"zone":"context","cat_conf":"derived","floor_note":"no source data; derived default","floors":2,"f2f":3.5,"roof":"flat","pitch":0,"roof_note":"unverified","wall":"plaster_paint_white","height_m":8.0},"geometry":{"type":"Polygon","coordinates":[[[76.989456,31.783232],[76.989483,31.783266],[76.989462,31.783278],[76.989502,31.783328],[76.989523,31.783316],[76.989557,31.783359],[76.989476,31.783406],[76.989375,31.783279],[76.989456,31.783232]]]}},{"type":"Feature","id":"ovt-093665ed9c09","properties":{"id":"ovt-093665ed9c09","name":"Unnamed building","named":false,"area_m2":40.8,"cat":"unknown","scope":"context","src":"Overture Maps 2026-08-19.0 (ML footprints, ODbL/CDLA)","conf":"approximate","dist_core_m":807.2,"zone":"context","cat_conf":"derived","floor_note":"no source data; derived default","floors":2,"f2f":3.5,"roof":"flat","pitch":0,"roof_note":"unverified","wall":"plaster_paint_white","height_m":8.0},"geometry":{"type":"Polygon","coordinates":[[[76.98948,31.783122],[76.989543,31.783135],[76.989526,31.783194],[76.989464,31.783181],[76.98948,31.783122]]]}},{"type":"Feature","id":"ovt-c3866e627f3f","properties":{"id":"ovt-c3866e627f3f","name":"Unnamed building","named":false,"area_m2":107.8,"cat":"unknown","scope":"context","src":"Overture Maps 2026-08-19.0 (ML footprints, ODbL/CDLA)","conf":"approximate","dist_core_m":821.3,"zone":"context","cat_conf":"derived","floor_note":"no source data; derived default","floors":2,"f2f":3.5,"roof":"flat","pitch":0,"roof_note":"unverified","wall":"plaster_paint_white","height_m":8.0},"geometry":{"type":"Polygon","coordinates":[[[76.989279,31.783216],[76.989381,31.783318],[76.989323,31.783361],[76.989221,31.783259],[76.989279,31.783216]]]}},{"type":"Feature","id":"ovt-53c20c2cd84f","properties":{"id":"ovt-53c20c2cd84f","name":"Unnamed building","named":false,"area_m2":12.1,"cat":"unknown","scope":"context","src":"Overture Maps 2026-08-19.0 (ML footprints, ODbL/CDLA)","conf":"approximate","dist_core_m":659.2,"zone":"context","cat_conf":"derived","floor_note":"no source data; derived default","floors":2,"f2f":3.5,"roof":"flat","pitch":0,"roof_note":"unverified","wall":"plaster_paint_white","height_m":8.0},"geometry":{"type":"Polygon","coordinates":[[[76.989357,31.78395],[76.989397,31.783941],[76.989405,31.783968],[76.989365,31.783977],[76.989357,31.78395]]]}},{"type":"Feature","id":"ovt-d22b007937e1","properties":{"id":"ovt-d22b007937e1","name":"Unnamed building","named":false,"area_m2":108.0,"cat":"unknown","scope":"context","src":"Overture Maps 2026-08-19.0 (ML footprints, ODbL/CDLA)","conf":"approximate","dist_core_m":815.7,"zone":"context","cat_conf":"derived","floor_note":"no source data; derived default","floors":2,"f2f":3.5,"roof":"flat","pitch":0,"roof_note":"unverified","wall":"plaster_paint_white","height_m":8.0},"geometry":{"type":"Polygon","coordinates":[[[76.989193,31.78389],[76.989306,31.783881],[76.989316,31.783971],[76.989203,31.783981],[76.989193,31.78389]]]}},{"type":"Feature","id":"ovt-3de5f3e43938","properties":{"id":"ovt-3de5f3e43938","name":"Unnamed building","named":false,"area_m2":23.4,"cat":"unknown","scope":"context","src":"Overture Maps 2026-08-19.0 (ML footprints, ODbL/CDLA)","conf":"approximate","dist_core_m":908.1,"zone":"context","cat_conf":"derived","floor_note":"no source data; derived default","floors":2,"f2f":3.5,"roof":"flat","pitch":0,"roof_note":"unverified","wall":"plaster_paint_white","height_m":8.0},"geometry":{"type":"Polygon","coordinates":[[[76.989247,31.784],[76.989287,31.783988],[76.989307,31.784038],[76.989267,31.78405],[76.989247,31.784]]]}},{"type":"Feature","id":"ovt-bb8a71605b6e","properties":{"id":"ovt-bb8a71605b6e","name":"Unnamed building","named":false,"area_m2":25.4,"cat":"unknown","scope":"context","src":"Overture Maps 2026-08-19.0 (ML footprints, ODbL/CDLA)","conf":"approximate","dist_core_m":871.5,"zone":"context","cat_conf":"derived","floor_note":"no source data; derived default","floors":2,"f2f":3.5,"roof":"flat","pitch":0,"roof_note":"unverified","wall":"plaster_paint_white","height_m":8.0},"geometry":{"type":"Polygon","coordinates":[[[76.989333,31.784044],[76.989349,31.784094],[76.989303,31.784104],[76.989288,31.784054],[76.989333,31.784044]]]}},{"type":"Feature","id":"ovt-20fedd7b2a1a","properties":{"id":"ovt-20fedd7b2a1a","name":"Unnamed building","named":false,"area_m2":31.7,"cat":"unknown","scope":"context","src":"Overture Maps 2026-08-19.0 (ML footprints, ODbL/CDLA)","conf":"approximate","dist_core_m":731.3,"zone":"context","cat_conf":"derived","floor_note":"no source data; derived default","floors":2,"f2f":3.5,"roof":"flat","pitch":0,"roof_note":"unverified","wall":"plaster_paint_white","height_m":8.0},"geometry":{"type":"Polygon","coordinates":[[[76.988156,31.784262],[76.988173,31.784227],[76.988247,31.784253],[76.98823,31.784288],[76.988156,31.784262]]]}},{"type":"Feature","id":"ovt-5b63b08eb85b","properties":{"id":"ovt-5b63b08eb85b","name":"Unnamed building","named":false,"area_m2":27.8,"cat":"unknown","scope":"context","src":"Overture Maps 2026-08-19.0 (ML footprints, ODbL/CDLA)","conf":"approximate","dist_core_m":876.6,"zone":"context","cat_conf":"derived","floor_note":"no source data; derived default","floors":2,"f2f":3.5,"roof":"flat","pitch":0,"roof_note":"unverified","wall":"plaster_paint_white","height_m":8.0},"geometry":{"type":"Polygon","coordinates":[[[76.9885,31.783734],[76.988501,31.783702],[76.988584,31.783703],[76.988583,31.783735],[76.9885,31.783734]]]}},{"type":"Feature","id":"ovt-3948df6ed86a","properties":{"id":"ovt-3948df6ed86a","name":"Unnamed building","named":false,"area_m2":42.4,"cat":"unknown","scope":"context","src":"Overture Maps 2026-08-19.0 (ML footprints, ODbL/CDLA)","conf":"approximate","dist_core_m":919.8,"zone":"context","cat_conf":"derived","floor_note":"no source data; derived default","floors":2,"f2f":3.5,"roof":"flat","pitch":0,"roof_note":"unverified","wall":"plaster_paint_white","height_m":8.0},"geometry":{"type":"Polygon","coordinates":[[[76.988101,31.7838],[76.988114,31.783754],[76.988198,31.783772],[76.988185,31.783817],[76.988101,31.7838]]]}},{"type":"Feature","id":"ovt-c0d2aeeb82b4","properties":{"id":"ovt-c0d2aeeb82b4","name":"Unnamed building","named":false,"area_m2":119.7,"cat":"unknown","scope":"context","src":"Overture Maps 2026-08-19.0 (ML footprints, ODbL/CDLA)","conf":"approximate","dist_core_m":903.4,"zone":"context","cat_conf":"derived","floor_note":"no source data; derived default","floors":2,"f2f":3.5,"roof":"flat","pitch":0,"roof_note":"unverified","wall":"plaster_paint_white","height_m":8.0},"geometry":{"type":"Polygon","coordinates":[[[76.987227,31.783818],[76.987315,31.783692],[76.987382,31.783727],[76.987294,31.783852],[76.987227,31.783818]]]}},{"type":"Feature","id":"ovt-a8cdc7c7fbce","properties":{"id":"ovt-a8cdc7c7fbce","name":"Unnamed building","named":false,"area_m2":34.4,"cat":"unknown","scope":"context","src":"Overture Maps 2026-08-19.0 (ML footprints, ODbL/CDLA)","conf":"approximate","dist_core_m":975.6,"zone":"context","cat_conf":"derived","floor_note":"no source data; derived default","floors":2,"f2f":3.5,"roof":"flat","pitch":0,"roof_note":"unverified","wall":"plaster_paint_white","height_m":8.0},"geometry":{"type":"Polygon","coordinates":[[[76.987463,31.784594],[76.987466,31.784662],[76.987418,31.784664],[76.987415,31.784595],[76.987463,31.784594]]]}},{"type":"Feature","id":"ovt-0e1953f8c063","properties":{"id":"ovt-0e1953f8c063","name":"Unnamed building","named":false,"area_m2":32.0,"cat":"unknown","scope":"context","src":"Overture Maps 2026-08-19.0 (ML footprints, ODbL/CDLA)","conf":"approximate","dist_core_m":957.1,"zone":"context","cat_conf":"derived","floor_note":"no source data; derived default","floors":2,"f2f":3.5,"roof":"flat","pitch":0,"roof_note":"unverified","wall":"plaster_paint_white","height_m":8.0},"geometry":{"type":"Polygon","coordinates":[[[76.987535,31.784568],[76.987548,31.784606],[76.987473,31.784624],[76.987461,31.784586],[76.987535,31.784568]]]}},{"type":"Feature","id":"ovt-a577f2fb4247","properties":{"id":"ovt-a577f2fb4247","name":"Unnamed building","named":false,"area_m2":26.0,"cat":"unknown","scope":"context","src":"Overture Maps 2026-08-19.0 (ML footprints, ODbL/CDLA)","conf":"approximate","dist_core_m":939.8,"zone":"context","cat_conf":"derived","floor_note":"no source data; derived default","floors":2,"f2f":3.5,"roof":"flat","pitch":0,"roof_note":"unverified","wall":"plaster_paint_white","height_m":8.0},"geometry":{"type":"Polygon","coordinates":[[[76.987781,31.784611],[76.987861,31.784615],[76.987859,31.784646],[76.987779,31.784642],[76.987781,31.784611]]]}},{"type":"Feature","id":"ovt-b952c29daa62","properties":{"id":"ovt-b952c29daa62","name":"Unnamed building","named":false,"area_m2":79.4,"cat":"unknown","scope":"context","src":"Overture Maps 2026-08-19.0 (ML footprints, ODbL/CDLA)","conf":"approximate","dist_core_m":966.1,"zone":"context","cat_conf":"derived","floor_note":"no source data; derived default","floors":2,"f2f":3.5,"roof":"flat","pitch":0,"roof_note":"unverified","wall":"plaster_paint_white","height_m":8.0},"geometry":{"type":"Polygon","coordinates":[[[76.988,31.784573],[76.988006,31.784626],[76.987865,31.784639],[76.987858,31.784586],[76.988,31.784573]]]}},{"type":"Feature","id":"ovt-12d005468504","properties":{"id":"ovt-12d005468504","name":"Unnamed building","named":false,"area_m2":13.9,"cat":"unknown","scope":"context","src":"Overture Maps 2026-08-19.0 (ML footprints, ODbL/CDLA)","conf":"approximate","dist_core_m":963.9,"zone":"context","cat_conf":"derived","floor_note":"no source data; derived default","floors":2,"f2f":3.5,"roof":"flat","pitch":0,"roof_note":"unverified","wall":"plaster_paint_white","height_m":8.0},"geometry":{"type":"Polygon","coordinates":[[[76.987891,31.784547],[76.987943,31.784549],[76.987941,31.784575],[76.987889,31.784572],[76.987891,31.784547]]]}},{"type":"Feature","id":"ovt-1d8c6a3952de","properties":{"id":"ovt-1d8c6a3952de","name":"Unnamed building","named":false,"area_m2":302.1,"cat":"unknown","scope":"context","src":"Overture Maps 2026-08-19.0 (ML footprints, ODbL/CDLA)","conf":"approximate","dist_core_m":946.3,"zone":"context","cat_conf":"derived","floor_note":"no source data; derived default","floors":2,"f2f":3.5,"roof":"flat","pitch":0,"roof_note":"unverified","wall":"plaster_paint_white","height_m":8.0},"geometry":{"type":"Polygon","coordinates":[[[76.988133,31.784614],[76.988222,31.78462],[76.98821,31.784742],[76.988335,31.784751],[76.988327,31.784827],[76.988163,31.784814],[76.988159,31.784846],[76.988109,31.784842],[76.988133,31.784614]]]}},{"type":"Feature","id":"ovt-70e1995a6051","properties":{"id":"ovt-70e1995a6051","name":"Unnamed building","named":false,"area_m2":15.3,"cat":"unknown","scope":"context","src":"Overture Maps 2026-08-19.0 (ML footprints, ODbL/CDLA)","conf":"approximate","dist_core_m":907.6,"zone":"context","cat_conf":"derived","floor_note":"no source data; derived default","floors":2,"f2f":3.5,"roof":"flat","pitch":0,"roof_note":"unverified","wall":"plaster_paint_white","height_m":8.0},"geometry":{"type":"Polygon","coordinates":[[[76.988365,31.784723],[76.988402,31.784721],[76.988404,31.784761],[76.988368,31.784763],[76.988365,31.784723]]]}},{"type":"Feature","id":"ovt-c0d99a0367a6","properties":{"id":"ovt-c0d99a0367a6","name":"Unnamed building","named":false,"area_m2":21.9,"cat":"unknown","scope":"context","src":"Overture Maps 2026-08-19.0 (ML footprints, ODbL/CDLA)","conf":"approximate","dist_core_m":922.7,"zone":"context","cat_conf":"derived","floor_note":"no source data; derived default","floors":2,"f2f":3.5,"roof":"flat","pitch":0,"roof_note":"unverified","wall":"plaster_paint_white","height_m":8.0},"geometry":{"type":"Polygon","coordinates":[[[76.988346,31.784644],[76.988384,31.784647],[76.988379,31.784701],[76.98834,31.784698],[76.988346,31.784644]]]}},{"type":"Feature","id":"ovt-644ea13dcc4a","properties":{"id":"ovt-644ea13dcc4a","name":"Unnamed building","named":false,"area_m2":39.7,"cat":"unknown","scope":"context","src":"Overture Maps 2026-08-19.0 (ML footprints, ODbL/CDLA)","conf":"approximate","dist_core_m":874.1,"zone":"context","cat_conf":"derived","floor_note":"no source data; derived default","floors":2,"f2f":3.5,"roof":"flat","pitch":0,"roof_note":"unverified","wall":"plaster_paint_white","height_m":8.0},"geometry":{"type":"Polygon","coordinates":[[[76.988421,31.785011],[76.988451,31.784932],[76.988494,31.784944],[76.988465,31.785023],[76.988421,31.785011]]]}},{"type":"Feature","id":"ovt-a0af16fc5104","properties":{"id":"ovt-a0af16fc5104","name":"Unnamed building","named":false,"area_m2":71.4,"cat":"unknown","scope":"context","src":"Overture Maps 2026-08-19.0 (ML footprints, ODbL/CDLA)","conf":"approximate","dist_core_m":981.3,"zone":"context","cat_conf":"derived","floor_note":"no source data; derived default","floors":2,"f2f":3.5,"roof":"flat","pitch":0,"roof_note":"unverified","wall":"plaster_paint_white","height_m":8.0},"geometry":{"type":"Polygon","coordinates":[[[76.987965,31.784664],[76.988101,31.784689],[76.988089,31.784737],[76.987953,31.784712],[76.987965,31.784664]]]}},{"type":"Feature","id":"ovt-48b24a9bba0e","properties":{"id":"ovt-48b24a9bba0e","name":"Unnamed building","named":false,"area_m2":22.4,"cat":"unknown","scope":"context","src":"Overture Maps 2026-08-19.0 (ML footprints, ODbL/CDLA)","conf":"approximate","dist_core_m":888.9,"zone":"context","cat_conf":"derived","floor_note":"no source data; derived default","floors":2,"f2f":3.5,"roof":"flat","pitch":0,"roof_note":"unverified","wall":"plaster_paint_white","height_m":8.0},"geometry":{"type":"Polygon","coordinates":[[[76.987778,31.784735],[76.98782,31.784735],[76.98782,31.784786],[76.987778,31.784786],[76.987778,31.784735]]]}},{"type":"Feature","id":"ovt-1f9e1e36ef63","properties":{"id":"ovt-1f9e1e36ef63","name":"Unnamed building","named":false,"area_m2":44.6,"cat":"unknown","scope":"context","src":"Overture Maps 2026-08-19.0 (ML footprints, ODbL/CDLA)","conf":"approximate","dist_core_m":905.5,"zone":"context","cat_conf":"derived","floor_note":"no source data; derived default","floors":2,"f2f":3.5,"roof":"flat","pitch":0,"roof_note":"unverified","wall":"plaster_paint_white","height_m":8.0},"geometry":{"type":"Polygon","coordinates":[[[76.987721,31.78474],[76.987781,31.784741],[76.98778,31.784812],[76.98772,31.784811],[76.987721,31.78474]]]}},{"type":"Feature","id":"ovt-7e640bf57396","properties":{"id":"ovt-7e640bf57396","name":"Unnamed building","named":false,"area_m2":196.2,"cat":"unknown","scope":"context","src":"Overture Maps 2026-08-19.0 (ML footprints, ODbL/CDLA)","conf":"approximate","dist_core_m":1008.2,"zone":"context","cat_conf":"derived","floor_note":"no source data; derived default","floors":2,"f2f":3.5,"roof":"flat","pitch":0,"roof_note":"unverified","wall":"plaster_paint_white","height_m":8.0},"geometry":{"type":"Polygon","coordinates":[[[76.98751,31.784784],[76.987511,31.784672],[76.987611,31.784673],[76.98761,31.784707],[76.987707,31.784708],[76.987705,31.784787],[76.98751,31.784784]]]}},{"type":"Feature","id":"ovt-109f4ee0542d","properties":{"id":"ovt-109f4ee0542d","name":"Unnamed building","named":false,"area_m2":12.5,"cat":"unknown","scope":"context","src":"Overture Maps 2026-08-19.0 (ML footprints, ODbL/CDLA)","conf":"approximate","dist_core_m":1034.5,"zone":"context","cat_conf":"derived","floor_note":"no source data; derived default","floors":2,"f2f":3.5,"roof":"flat","pitch":0,"roof_note":"unverified","wall":"plaster_paint_white","height_m":8.0},"geometry":{"type":"Polygon","coordinates":[[[76.987339,31.78509],[76.987368,31.785083],[76.987381,31.785121],[76.987352,31.785128],[76.987339,31.78509]]]}},{"type":"Feature","id":"ovt-6ad1b7248f4a","properties":{"id":"ovt-6ad1b7248f4a","name":"Unnamed building","named":false,"area_m2":159.0,"cat":"unknown","scope":"context","src":"Overture Maps 2026-08-19.0 (ML footprints, ODbL/CDLA)","conf":"approximate","dist_core_m":1052.3,"zone":"context","cat_conf":"derived","floor_note":"no source data; derived default","floors":2,"f2f":3.5,"roof":"flat","pitch":0,"roof_note":"unverified","wall":"plaster_paint_white","height_m":8.0},"geometry":{"type":"Polygon","coordinates":[[[76.987403,31.78513],[76.987374,31.785077],[76.987513,31.785021],[76.987567,31.785116],[76.987449,31.785164],[76.987425,31.785121],[76.987403,31.78513]]]}},{"type":"Feature","id":"ovt-10c8b5573583","properties":{"id":"ovt-10c8b5573583","name":"Unnamed building","named":false,"area_m2":16.4,"cat":"unknown","scope":"context","src":"Overture Maps 2026-08-19.0 (ML footprints, ODbL/CDLA)","conf":"approximate","dist_core_m":995.0,"zone":"context","cat_conf":"derived","floor_note":"no source data; derived default","floors":2,"f2f":3.5,"roof":"flat","pitch":0,"roof_note":"unverified","wall":"plaster_paint_white","height_m":8.0},"geometry":{"type":"Polygon","coordinates":[[[76.987354,31.785182],[76.987338,31.785154],[76.987383,31.785135],[76.987399,31.785163],[76.987354,31.785182]]]}},{"type":"Feature","id":"ovt-d414bcd67583","properties":{"id":"ovt-d414bcd67583","name":"Unnamed building","named":false,"area_m2":19.4,"cat":"unknown","scope":"context","src":"Overture Maps 2026-08-19.0 (ML footprints, ODbL/CDLA)","conf":"approximate","dist_core_m":785.4,"zone":"context","cat_conf":"derived","floor_note":"no source data; derived default","floors":2,"f2f":3.5,"roof":"flat","pitch":0,"roof_note":"unverified","wall":"plaster_paint_white","height_m":8.0},"geometry":{"type":"Polygon","coordinates":[[[76.987907,31.785098],[76.987969,31.785108],[76.987963,31.785137],[76.987901,31.785127],[76.987907,31.785098]]]}},{"type":"Feature","id":"ovt-0766065d27bc","properties":{"id":"ovt-0766065d27bc","name":"Unnamed building","named":false,"area_m2":142.9,"cat":"unknown","scope":"context","src":"Overture Maps 2026-08-19.0 (ML footprints, ODbL/CDLA)","conf":"approximate","dist_core_m":1027.3,"zone":"context","cat_conf":"derived","floor_note":"no source data; derived default","floors":2,"f2f":3.5,"roof":"flat","pitch":0,"roof_note":"unverified","wall":"plaster_paint_white","height_m":8.0},"geometry":{"type":"Polygon","coordinates":[[[76.987935,31.785437],[76.987942,31.785512],[76.987761,31.785524],[76.987754,31.785449],[76.987935,31.785437]]]}},{"type":"Feature","id":"ovt-8fea14f67b00","properties":{"id":"ovt-8fea14f67b00","name":"Unnamed building","named":false,"area_m2":25.0,"cat":"unknown","scope":"context","src":"Overture Maps 2026-08-19.0 (ML footprints, ODbL/CDLA)","conf":"approximate","dist_core_m":981.7,"zone":"context","cat_conf":"derived","floor_note":"no source data; derived default","floors":2,"f2f":3.5,"roof":"flat","pitch":0,"roof_note":"unverified","wall":"plaster_paint_white","height_m":8.0},"geometry":{"type":"Polygon","coordinates":[[[76.988138,31.785502],[76.98809,31.785444],[76.988118,31.785428],[76.988166,31.785486],[76.988138,31.785502]]]}},{"type":"Feature","id":"ovt-e41adb03c38f","properties":{"id":"ovt-e41adb03c38f","name":"Unnamed building","named":false,"area_m2":232.7,"cat":"unknown","scope":"context","src":"Overture Maps 2026-08-19.0 (ML footprints, ODbL/CDLA)","conf":"approximate","dist_core_m":626.0,"zone":"context","cat_conf":"derived","floor_note":"no source data; derived default","floors":2,"f2f":3.5,"roof":"flat","pitch":0,"roof_note":"unverified","wall":"plaster_paint_white","height_m":8.0},"geometry":{"type":"Polygon","coordinates":[[[76.99286,31.785132],[76.992865,31.785036],[76.99294,31.785039],[76.992938,31.785083],[76.992957,31.785083],[76.992946,31.785277],[76.992847,31.785273],[76.992855,31.785132],[76.99286,31.785132]]]}},{"type":"Feature","id":"ovt-ee229d6f0cd1","properties":{"id":"ovt-ee229d6f0cd1","name":"Unnamed building","named":false,"area_m2":9.9,"cat":"unknown","scope":"context","src":"Overture Maps 2026-08-19.0 (ML footprints, ODbL/CDLA)","conf":"approximate","dist_core_m":695.5,"zone":"context","cat_conf":"derived","floor_note":"no source data; derived default","floors":2,"f2f":3.5,"roof":"flat","pitch":0,"roof_note":"unverified","wall":"plaster_paint_white","height_m":8.0},"geometry":{"type":"Polygon","coordinates":[[[76.992667,31.784816],[76.992691,31.784816],[76.992689,31.784856],[76.992665,31.784855],[76.992667,31.784816]]]}},{"type":"Feature","id":"ovt-8827db654a31","properties":{"id":"ovt-8827db654a31","name":"Unnamed building","named":false,"area_m2":62.4,"cat":"unknown","scope":"context","src":"Overture Maps 2026-08-19.0 (ML footprints, ODbL/CDLA)","conf":"approximate","dist_core_m":702.1,"zone":"context","cat_conf":"derived","floor_note":"no source data; derived default","floors":2,"f2f":3.5,"roof":"flat","pitch":0,"roof_note":"unverified","wall":"plaster_paint_white","height_m":8.0},"geometry":{"type":"Polygon","coordinates":[[[76.992576,31.784962],[76.992656,31.784965],[76.992653,31.785039],[76.992572,31.785036],[76.992576,31.784962]]]}},{"type":"Feature","id":"ovt-e3419d3c972c","properties":{"id":"ovt-e3419d3c972c","name":"Unnamed building","named":false,"area_m2":26.9,"cat":"unknown","scope":"context","src":"Overture Maps 2026-08-19.0 (ML footprints, ODbL/CDLA)","conf":"approximate","dist_core_m":666.2,"zone":"context","cat_conf":"derived","floor_note":"no source data; derived default","floors":2,"f2f":3.5,"roof":"flat","pitch":0,"roof_note":"unverified","wall":"plaster_paint_white","height_m":8.0},"geometry":{"type":"Polygon","coordinates":[[[76.992184,31.784871],[76.99213,31.78487],[76.992132,31.784822],[76.992185,31.784823],[76.992184,31.784871]]]}},{"type":"Feature","id":"ovt-a14ede69a43c","properties":{"id":"ovt-a14ede69a43c","name":"Unnamed building","named":false,"area_m2":21.4,"cat":"unknown","scope":"context","src":"Overture Maps 2026-08-19.0 (ML footprints, ODbL/CDLA)","conf":"approximate","dist_core_m":583.1,"zone":"context","cat_conf":"derived","floor_note":"no source data; derived default","floors":2,"f2f":3.5,"roof":"flat","pitch":0,"roof_note":"unverified","wall":"plaster_paint_white","height_m":8.0},"geometry":{"type":"Polygon","coordinates":[[[76.992179,31.784879],[76.992192,31.784824],[76.992228,31.784831],[76.992215,31.784885],[76.992179,31.784879]]]}},{"type":"Feature","id":"ovt-87cda4daaa56","properties":{"id":"ovt-87cda4daaa56","name":"Unnamed building","named":false,"area_m2":20.0,"cat":"unknown","scope":"context","src":"Overture Maps 2026-08-19.0 (ML footprints, ODbL/CDLA)","conf":"approximate","dist_core_m":879.2,"zone":"context","cat_conf":"derived","floor_note":"no source data; derived default","floors":2,"f2f":3.5,"roof":"flat","pitch":0,"roof_note":"unverified","wall":"plaster_paint_white","height_m":8.0},"geometry":{"type":"Polygon","coordinates":[[[76.990458,31.784272],[76.990438,31.784248],[76.990489,31.784215],[76.99051,31.784239],[76.990458,31.784272]]]}},{"type":"Feature","id":"ovt-393436df6d52","properties":{"id":"ovt-393436df6d52","name":"Unnamed building","named":false,"area_m2":39.4,"cat":"unknown","scope":"context","src":"Overture Maps 2026-08-19.0 (ML footprints, ODbL/CDLA)","conf":"approximate","dist_core_m":479.4,"zone":"context","cat_conf":"derived","floor_note":"no source data; derived default","floors":2,"f2f":3.5,"roof":"flat","pitch":0,"roof_note":"unverified","wall":"plaster_paint_white","height_m":8.0},"geometry":{"type":"Polygon","coordinates":[[[76.993526,31.783399],[76.993552,31.783454],[76.993493,31.783474],[76.993467,31.783419],[76.993526,31.783399]]]}},{"type":"Feature","id":"ovt-3a1ac2c35be1","properties":{"id":"ovt-3a1ac2c35be1","name":"Unnamed building","named":false,"area_m2":23.9,"cat":"unknown","scope":"context","src":"Overture Maps 2026-08-19.0 (ML footprints, ODbL/CDLA)","conf":"approximate","dist_core_m":516.0,"zone":"context","cat_conf":"derived","floor_note":"no source data; derived default","floors":2,"f2f":3.5,"roof":"flat","pitch":0,"roof_note":"unverified","wall":"plaster_paint_white","height_m":8.0},"geometry":{"type":"Polygon","coordinates":[[[76.993544,31.783407],[76.993577,31.783387],[76.993616,31.783433],[76.993584,31.783453],[76.993544,31.783407]]]}},{"type":"Feature","id":"ovt-250b0640320d","properties":{"id":"ovt-250b0640320d","name":"North Campus building 165","named":false,"area_m2":35.8,"cat":"utility","scope":"campus","src":"Overture Maps 2026-08-19.0 (ML footprints, ODbL/CDLA)","conf":"derived","dist_core_m":264.2,"zone":"north","cat_conf":"derived","floors":1,"f2f":3.0,"floor_note":"utility structure","roof":"sloped","pitch":18,"roof_note":"light metal roof","wall":"metal_sheet_industrial","height_m":4.0,"name_conf":"derived","entrance_lat":31.782835,"entrance_lng":76.996004,"entrance_dist_m":197.1,"entrance_conf":"derived"},"geometry":{"type":"Polygon","coordinates":[[[76.996004,31.782835],[76.995961,31.782922],[76.995928,31.78291],[76.99597,31.782823],[76.996004,31.782835]]]}},{"type":"Feature","id":"ovt-443e12a26118","properties":{"id":"ovt-443e12a26118","name":"North Campus building 102","named":false,"area_m2":86.3,"cat":"utility","scope":"campus","src":"Overture Maps 2026-08-19.0 (ML footprints, ODbL/CDLA)","conf":"derived","dist_core_m":230.0,"zone":"north","cat_conf":"derived","floors":1,"f2f":3.0,"floor_note":"utility structure","roof":"sloped","pitch":18,"roof_note":"light metal roof","wall":"metal_sheet_industrial","height_m":4.0,"name_conf":"derived","entrance_lat":31.782878,"entrance_lng":76.996069,"entrance_dist_m":43.9,"entrance_conf":"derived"},"geometry":{"type":"Polygon","coordinates":[[[76.995992,31.782851],[76.996069,31.782878],[76.996026,31.78297],[76.995949,31.782943],[76.995992,31.782851]]]}},{"type":"Feature","id":"ovt-807ba18d6aeb","properties":{"id":"ovt-807ba18d6aeb","name":"North Campus building 188","named":false,"area_m2":21.1,"cat":"utility","scope":"campus","src":"Overture Maps 2026-08-19.0 (ML footprints, ODbL/CDLA)","conf":"derived","dist_core_m":366.5,"zone":"north","cat_conf":"derived","floors":1,"f2f":3.0,"floor_note":"utility structure","roof":"sloped","pitch":18,"roof_note":"light metal roof","wall":"metal_sheet_industrial","height_m":4.0,"name_conf":"derived","entrance_lat":31.783047,"entrance_lng":76.996123,"entrance_dist_m":297.6,"entrance_conf":"derived"},"geometry":{"type":"Polygon","coordinates":[[[76.996092,31.782994],[76.996134,31.783001],[76.996123,31.783047],[76.99608,31.783039],[76.996092,31.782994]]]}},{"type":"Feature","id":"ovt-b456ba97b03c","properties":{"id":"ovt-b456ba97b03c","name":"North Campus building 148","named":false,"area_m2":44.1,"cat":"utility","scope":"campus","src":"Overture Maps 2026-08-19.0 (ML footprints, ODbL/CDLA)","conf":"derived","dist_core_m":250.6,"zone":"north","cat_conf":"derived","floors":1,"f2f":3.0,"floor_note":"utility structure","roof":"sloped","pitch":18,"roof_note":"light metal roof","wall":"metal_sheet_industrial","height_m":4.0,"name_conf":"derived","entrance_lat":31.783035,"entrance_lng":76.995876,"entrance_dist_m":81.2,"entrance_conf":"derived"},"geometry":{"type":"Polygon","coordinates":[[[76.995901,31.782934],[76.995941,31.782941],[76.995916,31.783042],[76.995876,31.783035],[76.995901,31.782934]]]}},{"type":"Feature","id":"ovt-2e7cc21ce35e","properties":{"id":"ovt-2e7cc21ce35e","name":"North Campus building 186","named":false,"area_m2":23.1,"cat":"utility","scope":"campus","src":"Overture Maps 2026-08-19.0 (ML footprints, ODbL/CDLA)","conf":"derived","dist_core_m":365.4,"zone":"north","cat_conf":"derived","floors":1,"f2f":3.0,"floor_note":"utility structure","roof":"sloped","pitch":18,"roof_note":"light metal roof","wall":"metal_sheet_industrial","height_m":4.0,"name_conf":"derived","entrance_lat":31.78406,"entrance_lng":76.996155,"entrance_dist_m":85.9,"entrance_conf":"derived"},"geometry":{"type":"Polygon","coordinates":[[[76.9961,31.784015],[76.996155,31.78406],[76.996132,31.784081],[76.996076,31.784035],[76.9961,31.784015]]]}},{"type":"Feature","id":"ovt-ed6aeabbf929","properties":{"id":"ovt-ed6aeabbf929","name":"North Campus building 111","named":false,"area_m2":67.8,"cat":"utility","scope":"campus","src":"Overture Maps 2026-08-19.0 (ML footprints, ODbL/CDLA)","conf":"derived","dist_core_m":369.8,"zone":"north","cat_conf":"derived","floors":1,"f2f":3.0,"floor_note":"utility structure","roof":"sloped","pitch":18,"roof_note":"light metal roof","wall":"metal_sheet_industrial","height_m":4.0,"name_conf":"derived","entrance_lat":31.78428,"entrance_lng":76.996368,"entrance_dist_m":51.4,"entrance_conf":"derived"},"geometry":{"type":"Polygon","coordinates":[[[76.99624,31.784242],[76.996286,31.784205],[76.996368,31.78428],[76.996322,31.784317],[76.99624,31.784242]]]}},{"type":"Feature","id":"ovt-2e217284602e","properties":{"id":"ovt-2e217284602e","name":"Unnamed building","named":false,"area_m2":212.8,"cat":"unknown","scope":"context","src":"Overture Maps 2026-08-19.0 (ML footprints, ODbL/CDLA)","conf":"approximate","dist_core_m":420.1,"zone":"context","cat_conf":"derived","floor_note":"no source data; derived default","floors":2,"f2f":3.5,"roof":"flat","pitch":0,"roof_note":"unverified","wall":"plaster_paint_white","height_m":8.0},"geometry":{"type":"Polygon","coordinates":[[[76.993742,31.783572],[76.993826,31.783563],[76.99384,31.783659],[76.993927,31.78365],[76.993937,31.78372],[76.993765,31.783737],[76.993742,31.783572]]]}},{"type":"Feature","id":"ovt-824da70b2508","properties":{"id":"ovt-824da70b2508","name":"Unnamed building","named":false,"area_m2":43.5,"cat":"unknown","scope":"context","src":"Overture Maps 2026-08-19.0 (ML footprints, ODbL/CDLA)","conf":"approximate","dist_core_m":461.4,"zone":"context","cat_conf":"derived","floor_note":"no source data; derived default","floors":2,"f2f":3.5,"roof":"flat","pitch":0,"roof_note":"unverified","wall":"plaster_paint_white","height_m":8.0},"geometry":{"type":"Polygon","coordinates":[[[76.994695,31.784672],[76.994745,31.784701],[76.9947,31.784758],[76.99465,31.78473],[76.994695,31.784672]]]}},{"type":"Feature","id":"ovt-3e5e78585469","properties":{"id":"ovt-3e5e78585469","name":"Unnamed building","named":false,"area_m2":31.9,"cat":"unknown","scope":"context","src":"Overture Maps 2026-08-19.0 (ML footprints, ODbL/CDLA)","conf":"approximate","dist_core_m":491.7,"zone":"context","cat_conf":"derived","floor_note":"no source data; derived default","floors":2,"f2f":3.5,"roof":"flat","pitch":0,"roof_note":"unverified","wall":"plaster_paint_white","height_m":8.0},"geometry":{"type":"Polygon","coordinates":[[[76.994725,31.784805],[76.994765,31.784822],[76.994729,31.784883],[76.994689,31.784865],[76.994725,31.784805]]]}},{"type":"Feature","id":"ovt-a1a62cfc49c1","properties":{"id":"ovt-a1a62cfc49c1","name":"Unnamed building","named":false,"area_m2":19.2,"cat":"unknown","scope":"context","src":"Overture Maps 2026-08-19.0 (ML footprints, ODbL/CDLA)","conf":"approximate","dist_core_m":609.6,"zone":"context","cat_conf":"derived","floor_note":"no source data; derived default","floors":2,"f2f":3.5,"roof":"flat","pitch":0,"roof_note":"unverified","wall":"plaster_paint_white","height_m":8.0},"geometry":{"type":"Polygon","coordinates":[[[76.99478,31.784857],[76.994824,31.784872],[76.994807,31.784908],[76.994763,31.784893],[76.99478,31.784857]]]}},{"type":"Feature","id":"ovt-1d98fc1f8a01","properties":{"id":"ovt-1d98fc1f8a01","name":"Unnamed building","named":false,"area_m2":23.3,"cat":"unknown","scope":"context","src":"Overture Maps 2026-08-19.0 (ML footprints, ODbL/CDLA)","conf":"approximate","dist_core_m":600.9,"zone":"context","cat_conf":"derived","floor_note":"no source data; derived default","floors":2,"f2f":3.5,"roof":"flat","pitch":0,"roof_note":"unverified","wall":"plaster_paint_white","height_m":8.0},"geometry":{"type":"Polygon","coordinates":[[[76.993555,31.785682],[76.993537,31.785631],[76.993578,31.785621],[76.993595,31.785671],[76.993555,31.785682]]]}},{"type":"Feature","id":"ovt-2946c8b9e82f","properties":{"id":"ovt-2946c8b9e82f","name":"Unnamed building","named":false,"area_m2":85.7,"cat":"unknown","scope":"context","src":"Overture Maps 2026-08-19.0 (ML footprints, ODbL/CDLA)","conf":"approximate","dist_core_m":545.4,"zone":"context","cat_conf":"derived","floor_note":"no source data; derived default","floors":2,"f2f":3.5,"roof":"flat","pitch":0,"roof_note":"unverified","wall":"plaster_paint_white","height_m":8.0},"geometry":{"type":"Polygon","coordinates":[[[76.99561,31.785743],[76.995646,31.785802],[76.995537,31.785851],[76.995501,31.785792],[76.99561,31.785743]]]}},{"type":"Feature","id":"ovt-b963e1ec6f8e","properties":{"id":"ovt-b963e1ec6f8e","name":"Unnamed building","named":false,"area_m2":51.6,"cat":"unknown","scope":"context","src":"Overture Maps 2026-08-19.0 (ML footprints, ODbL/CDLA)","conf":"approximate","dist_core_m":455.5,"zone":"context","cat_conf":"derived","floor_note":"no source data; derived default","floors":2,"f2f":3.5,"roof":"flat","pitch":0,"roof_note":"unverified","wall":"plaster_paint_white","height_m":8.0},"geometry":{"type":"Polygon","coordinates":[[[76.996335,31.785395],[76.996263,31.785348],[76.996302,31.785305],[76.996374,31.785352],[76.996335,31.785395]]]}},{"type":"Feature","id":"ovt-aa20b1331ca6","properties":{"id":"ovt-aa20b1331ca6","name":"Unnamed building","named":false,"area_m2":19.1,"cat":"unknown","scope":"context","src":"Overture Maps 2026-08-19.0 (ML footprints, ODbL/CDLA)","conf":"approximate","dist_core_m":576.5,"zone":"context","cat_conf":"derived","floor_note":"no source data; derived default","floors":2,"f2f":3.5,"roof":"flat","pitch":0,"roof_note":"unverified","wall":"plaster_paint_white","height_m":8.0},"geometry":{"type":"Polygon","coordinates":[[[76.996309,31.785229],[76.996274,31.785213],[76.996299,31.785173],[76.996335,31.785189],[76.996309,31.785229]]]}},{"type":"Feature","id":"ovt-3b6053e01d13","properties":{"id":"ovt-3b6053e01d13","name":"Unnamed building","named":false,"area_m2":13.1,"cat":"unknown","scope":"context","src":"Overture Maps 2026-08-19.0 (ML footprints, ODbL/CDLA)","conf":"approximate","dist_core_m":511.0,"zone":"context","cat_conf":"derived","floor_note":"no source data; derived default","floors":2,"f2f":3.5,"roof":"flat","pitch":0,"roof_note":"unverified","wall":"plaster_paint_white","height_m":8.0},"geometry":{"type":"Polygon","coordinates":[[[76.995114,31.784754],[76.995149,31.784757],[76.995146,31.784792],[76.995111,31.78479],[76.995114,31.784754]]]}},{"type":"Feature","id":"ovt-9b31bb4bd789","properties":{"id":"ovt-9b31bb4bd789","name":"Unnamed building","named":false,"area_m2":38.9,"cat":"unknown","scope":"context","src":"Overture Maps 2026-08-19.0 (ML footprints, ODbL/CDLA)","conf":"approximate","dist_core_m":467.6,"zone":"context","cat_conf":"derived","floor_note":"no source data; derived default","floors":2,"f2f":3.5,"roof":"flat","pitch":0,"roof_note":"unverified","wall":"plaster_paint_white","height_m":8.0},"geometry":{"type":"Polygon","coordinates":[[[76.994855,31.784803],[76.994909,31.784822],[76.994881,31.784881],[76.994827,31.784862],[76.994855,31.784803]]]}},{"type":"Feature","id":"ovt-1034ba03e623","properties":{"id":"ovt-1034ba03e623","name":"North Campus building 200","named":false,"area_m2":13.1,"cat":"utility","scope":"campus","src":"Overture Maps 2026-08-19.0 (ML footprints, ODbL/CDLA)","conf":"derived","dist_core_m":325.2,"zone":"north","cat_conf":"derived","floors":1,"f2f":3.0,"floor_note":"utility structure","roof":"sloped","pitch":18,"roof_note":"light metal roof","wall":"metal_sheet_industrial","height_m":4.0,"name_conf":"derived","entrance_lat":31.78456,"entrance_lng":76.997642,"entrance_dist_m":179.0,"entrance_conf":"derived"},"geometry":{"type":"Polygon","coordinates":[[[76.997642,31.78456],[76.997673,31.784557],[76.997678,31.784597],[76.997647,31.7846],[76.997642,31.78456]]]}},{"type":"Feature","id":"ovt-94b2d3c8ff34","properties":{"id":"ovt-94b2d3c8ff34","name":"North Campus building 125","named":false,"area_m2":57.7,"cat":"utility","scope":"campus","src":"Overture Maps 2026-08-19.0 (ML footprints, ODbL/CDLA)","conf":"derived","dist_core_m":332.4,"zone":"north","cat_conf":"derived","floors":1,"f2f":3.0,"floor_note":"utility structure","roof":"sloped","pitch":18,"roof_note":"light metal roof","wall":"metal_sheet_industrial","height_m":4.0,"name_conf":"derived","entrance_lat":31.78459,"entrance_lng":76.997717,"entrance_dist_m":93.8,"entrance_conf":"derived"},"geometry":{"type":"Polygon","coordinates":[[[76.997773,31.784584],[76.997788,31.784681],[76.997733,31.784688],[76.997717,31.78459],[76.997773,31.784584]]]}},{"type":"Feature","id":"ovt-53d3e9a5e961","properties":{"id":"ovt-53d3e9a5e961","name":"North Campus building 105","named":false,"area_m2":78.5,"cat":"utility","scope":"campus","src":"Overture Maps 2026-08-19.0 (ML footprints, ODbL/CDLA)","conf":"derived","dist_core_m":392.4,"zone":"north","cat_conf":"derived","floors":1,"f2f":3.0,"floor_note":"utility structure","roof":"sloped","pitch":18,"roof_note":"light metal roof","wall":"metal_sheet_industrial","height_m":4.0,"name_conf":"derived","entrance_lat":31.78447,"entrance_lng":76.997323,"entrance_dist_m":58.5,"entrance_conf":"derived"},"geometry":{"type":"Polygon","coordinates":[[[76.997321,31.784529],[76.997195,31.784526],[76.997197,31.784466],[76.997323,31.78447],[76.997321,31.784529]]]}},{"type":"Feature","id":"ovt-b610a95f33ee","properties":{"id":"ovt-b610a95f33ee","name":"North Campus building 151","named":false,"area_m2":42.9,"cat":"utility","scope":"campus","src":"Overture Maps 2026-08-19.0 (ML footprints, ODbL/CDLA)","conf":"derived","dist_core_m":408.3,"zone":"north","cat_conf":"derived","floors":1,"f2f":3.0,"floor_note":"utility structure","roof":"sloped","pitch":18,"roof_note":"light metal roof","wall":"metal_sheet_industrial","height_m":4.0,"name_conf":"derived","entrance_lat":31.784639,"entrance_lng":76.997712,"entrance_dist_m":104.3,"entrance_conf":"derived"},"geometry":{"type":"Polygon","coordinates":[[[76.997664,31.784715],[76.997654,31.784645],[76.997712,31.784639],[76.997722,31.784708],[76.997664,31.784715]]]}},{"type":"Feature","id":"ovt-7b96d12b20b2","properties":{"id":"ovt-7b96d12b20b2","name":"Unnamed building","named":false,"area_m2":18.2,"cat":"unknown","scope":"context","src":"Overture Maps 2026-08-19.0 (ML footprints, ODbL/CDLA)","conf":"approximate","dist_core_m":474.2,"zone":"context","cat_conf":"derived","floor_note":"no source data; derived default","floors":2,"f2f":3.5,"roof":"flat","pitch":0,"roof_note":"unverified","wall":"plaster_paint_white","height_m":8.0},"geometry":{"type":"Polygon","coordinates":[[[76.997529,31.784857],[76.997569,31.784854],[76.997574,31.784897],[76.997534,31.7849],[76.997529,31.784857]]]}},{"type":"Feature","id":"ovt-af1de02e0524","properties":{"id":"ovt-af1de02e0524","name":"Unnamed building","named":false,"area_m2":142.0,"cat":"unknown","scope":"context","src":"Overture Maps 2026-08-19.0 (ML footprints, ODbL/CDLA)","conf":"approximate","dist_core_m":427.8,"zone":"context","cat_conf":"derived","floor_note":"no source data; derived default","floors":2,"f2f":3.5,"roof":"flat","pitch":0,"roof_note":"unverified","wall":"plaster_paint_white","height_m":8.0},"geometry":{"type":"Polygon","coordinates":[[[76.997727,31.784806],[76.997756,31.784889],[76.997605,31.784927],[76.997577,31.784844],[76.997727,31.784806]]]}},{"type":"Feature","id":"ovt-d6280293d9d2","properties":{"id":"ovt-d6280293d9d2","name":"North Campus building 180","named":false,"area_m2":25.5,"cat":"utility","scope":"campus","src":"Overture Maps 2026-08-19.0 (ML footprints, ODbL/CDLA)","conf":"derived","dist_core_m":382.1,"zone":"north","cat_conf":"derived","floors":1,"f2f":3.0,"floor_note":"utility structure","roof":"sloped","pitch":18,"roof_note":"light metal roof","wall":"metal_sheet_industrial","height_m":4.0,"name_conf":"derived","entrance_lat":31.785029,"entrance_lng":76.997597,"entrance_dist_m":284.7,"entrance_conf":"derived"},"geometry":{"type":"Polygon","coordinates":[[[76.997608,31.785066],[76.997597,31.785029],[76.997658,31.785015],[76.99767,31.785052],[76.997608,31.785066]]]}},{"type":"Feature","id":"ovt-9b78ad963c2a","properties":{"id":"ovt-9b78ad963c2a","name":"Unnamed building","named":false,"area_m2":36.9,"cat":"unknown","scope":"context","src":"Overture Maps 2026-08-19.0 (ML footprints, ODbL/CDLA)","conf":"approximate","dist_core_m":477.5,"zone":"context","cat_conf":"derived","floor_note":"no source data; derived default","floors":2,"f2f":3.5,"roof":"flat","pitch":0,"roof_note":"unverified","wall":"plaster_paint_white","height_m":8.0},"geometry":{"type":"Polygon","coordinates":[[[76.996465,31.785215],[76.996427,31.785276],[76.996382,31.785256],[76.996421,31.785194],[76.996465,31.785215]]]}},{"type":"Feature","id":"ovt-18748b42f727","properties":{"id":"ovt-18748b42f727","name":"North Campus building 184","named":false,"area_m2":23.5,"cat":"utility","scope":"campus","src":"Overture Maps 2026-08-19.0 (ML footprints, ODbL/CDLA)","conf":"derived","dist_core_m":413.2,"zone":"north","cat_conf":"derived","floors":1,"f2f":3.0,"floor_note":"utility structure","roof":"sloped","pitch":18,"roof_note":"light metal roof","wall":"metal_sheet_industrial","height_m":4.0,"name_conf":"derived","entrance_lat":31.785167,"entrance_lng":76.997003,"entrance_dist_m":216.0,"entrance_conf":"derived"},"geometry":{"type":"Polygon","coordinates":[[[76.997035,31.78515],[76.997072,31.785201],[76.997041,31.785218],[76.997003,31.785167],[76.997035,31.78515]]]}},{"type":"Feature","id":"ovt-2f3188aa50ba","properties":{"id":"ovt-2f3188aa50ba","name":"Unnamed building","named":false,"area_m2":41.9,"cat":"unknown","scope":"context","src":"Overture Maps 2026-08-19.0 (ML footprints, ODbL/CDLA)","conf":"approximate","dist_core_m":445.5,"zone":"context","cat_conf":"derived","floor_note":"no source data; derived default","floors":2,"f2f":3.5,"roof":"flat","pitch":0,"roof_note":"unverified","wall":"plaster_paint_white","height_m":8.0},"geometry":{"type":"Polygon","coordinates":[[[76.996653,31.785308],[76.996689,31.785331],[76.996628,31.785402],[76.996591,31.785379],[76.996653,31.785308]]]}},{"type":"Feature","id":"ovt-0fe366d381f6","properties":{"id":"ovt-0fe366d381f6","name":"Unnamed building","named":false,"area_m2":27.0,"cat":"unknown","scope":"context","src":"Overture Maps 2026-08-19.0 (ML footprints, ODbL/CDLA)","conf":"approximate","dist_core_m":469.7,"zone":"context","cat_conf":"derived","floor_note":"no source data; derived default","floors":2,"f2f":3.5,"roof":"flat","pitch":0,"roof_note":"unverified","wall":"plaster_paint_white","height_m":8.0},"geometry":{"type":"Polygon","coordinates":[[[76.996377,31.785261],[76.996423,31.785288],[76.996392,31.785326],[76.996346,31.785298],[76.996377,31.785261]]]}},{"type":"Feature","id":"ovt-a38ea344cee4","properties":{"id":"ovt-a38ea344cee4","name":"Unnamed building","named":false,"area_m2":20.3,"cat":"unknown","scope":"context","src":"Overture Maps 2026-08-19.0 (ML footprints, ODbL/CDLA)","conf":"approximate","dist_core_m":554.3,"zone":"context","cat_conf":"derived","floor_note":"no source data; derived default","floors":2,"f2f":3.5,"roof":"flat","pitch":0,"roof_note":"unverified","wall":"plaster_paint_white","height_m":8.0},"geometry":{"type":"Polygon","coordinates":[[[76.996521,31.78543],[76.996537,31.785465],[76.996489,31.785481],[76.996473,31.785446],[76.996521,31.78543]]]}},{"type":"Feature","id":"ovt-f519d667d161","properties":{"id":"ovt-f519d667d161","name":"Unnamed building","named":false,"area_m2":19.4,"cat":"unknown","scope":"context","src":"Overture Maps 2026-08-19.0 (ML footprints, ODbL/CDLA)","conf":"approximate","dist_core_m":524.2,"zone":"context","cat_conf":"derived","floor_note":"no source data; derived default","floors":2,"f2f":3.5,"roof":"flat","pitch":0,"roof_note":"unverified","wall":"plaster_paint_white","height_m":8.0},"geometry":{"type":"Polygon","coordinates":[[[76.996329,31.785724],[76.996373,31.785745],[76.996353,31.785777],[76.996308,31.785756],[76.996329,31.785724]]]}},{"type":"Feature","id":"ovt-2ecad5212902","properties":{"id":"ovt-2ecad5212902","name":"North Campus building 190","named":false,"area_m2":20.3,"cat":"utility","scope":"campus","src":"Overture Maps 2026-08-19.0 (ML footprints, ODbL/CDLA)","conf":"derived","dist_core_m":418.6,"zone":"north","cat_conf":"derived","floors":1,"f2f":3.0,"floor_note":"utility structure","roof":"sloped","pitch":18,"roof_note":"light metal roof","wall":"metal_sheet_industrial","height_m":4.0,"name_conf":"derived","entrance_lat":31.785243,"entrance_lng":76.997477,"entrance_dist_m":120.3,"entrance_conf":"derived"},"geometry":{"type":"Polygon","coordinates":[[[76.997477,31.785243],[76.997521,31.785261],[76.997501,31.785297],[76.997457,31.785279],[76.997477,31.785243]]]}},{"type":"Feature","id":"ovt-ac1b83d96aad","properties":{"id":"ovt-ac1b83d96aad","name":"Unnamed building","named":false,"area_m2":155.9,"cat":"unknown","scope":"context","src":"Overture Maps 2026-08-19.0 (ML footprints, ODbL/CDLA)","conf":"approximate","dist_core_m":446.5,"zone":"context","cat_conf":"derived","floor_note":"no source data; derived default","floors":2,"f2f":3.5,"roof":"flat","pitch":0,"roof_note":"unverified","wall":"plaster_paint_white","height_m":8.0},"geometry":{"type":"Polygon","coordinates":[[[76.997438,31.785226],[76.997483,31.785315],[76.99734,31.785366],[76.997296,31.785278],[76.997438,31.785226]]]}},{"type":"Feature","id":"ovt-ff4edf58746c","properties":{"id":"ovt-ff4edf58746c","name":"Unnamed building","named":false,"area_m2":146.6,"cat":"unknown","scope":"context","src":"Overture Maps 2026-08-19.0 (ML footprints, ODbL/CDLA)","conf":"approximate","dist_core_m":473.3,"zone":"context","cat_conf":"derived","floor_note":"no source data; derived default","floors":2,"f2f":3.5,"roof":"flat","pitch":0,"roof_note":"unverified","wall":"plaster_paint_white","height_m":8.0},"geometry":{"type":"Polygon","coordinates":[[[76.99895,31.785524],[76.998915,31.785606],[76.998764,31.785559],[76.9988,31.785477],[76.99895,31.785524]]]}},{"type":"Feature","id":"ovt-3964a976922c","properties":{"id":"ovt-3964a976922c","name":"Unnamed building","named":false,"area_m2":135.6,"cat":"unknown","scope":"context","src":"Overture Maps 2026-08-19.0 (ML footprints, ODbL/CDLA)","conf":"approximate","dist_core_m":498.6,"zone":"context","cat_conf":"derived","floor_note":"no source data; derived default","floors":2,"f2f":3.5,"roof":"flat","pitch":0,"roof_note":"unverified","wall":"plaster_paint_white","height_m":8.0},"geometry":{"type":"Polygon","coordinates":[[[76.999163,31.785453],[76.999227,31.785561],[76.999132,31.785602],[76.999067,31.785494],[76.999163,31.785453]]]}},{"type":"Feature","id":"ovt-2ed29167aae5","properties":{"id":"ovt-2ed29167aae5","name":"Unnamed building","named":false,"area_m2":13.6,"cat":"unknown","scope":"context","src":"Overture Maps 2026-08-19.0 (ML footprints, ODbL/CDLA)","conf":"approximate","dist_core_m":454.0,"zone":"context","cat_conf":"derived","floor_note":"no source data; derived default","floors":2,"f2f":3.5,"roof":"flat","pitch":0,"roof_note":"unverified","wall":"plaster_paint_white","height_m":8.0},"geometry":{"type":"Polygon","coordinates":[[[76.999325,31.785504],[76.999283,31.78551],[76.999277,31.78548],[76.999319,31.785474],[76.999325,31.785504]]]}},{"type":"Feature","id":"ovt-39e4609e792e","properties":{"id":"ovt-39e4609e792e","name":"North Campus building 89","named":false,"area_m2":133.3,"cat":"utility","scope":"campus","src":"Overture Maps 2026-08-19.0 (ML footprints, ODbL/CDLA)","conf":"derived","dist_core_m":339.2,"zone":"north","cat_conf":"derived","floors":1,"f2f":3.0,"floor_note":"utility structure","roof":"sloped","pitch":18,"roof_note":"light metal roof","wall":"metal_sheet_industrial","height_m":4.0,"name_conf":"derived","entrance_lat":31.784241,"entrance_lng":76.998647,"entrance_dist_m":31.7,"entrance_conf":"derived"},"geometry":{"type":"Polygon","coordinates":[[[76.998647,31.784241],[76.998701,31.784267],[76.998582,31.784445],[76.998528,31.784418],[76.998647,31.784241]]]}},{"type":"Feature","id":"ovt-5774f4562eeb","properties":{"id":"ovt-5774f4562eeb","name":"North Campus building 154","named":false,"area_m2":41.3,"cat":"utility","scope":"campus","src":"Overture Maps 2026-08-19.0 (ML footprints, ODbL/CDLA)","conf":"derived","dist_core_m":237.1,"zone":"north","cat_conf":"derived","floors":1,"f2f":3.0,"floor_note":"utility structure","roof":"sloped","pitch":18,"roof_note":"light metal roof","wall":"metal_sheet_industrial","height_m":4.0,"name_conf":"derived","entrance_lat":31.784063,"entrance_lng":76.999013,"entrance_dist_m":135.9,"entrance_conf":"derived"},"geometry":{"type":"Polygon","coordinates":[[[76.998989,31.784127],[76.999013,31.784063],[76.999069,31.784078],[76.999045,31.784142],[76.998989,31.784127]]]}},{"type":"Feature","id":"ovt-1322bcebaf89","properties":{"id":"ovt-1322bcebaf89","name":"North Campus building 79","named":false,"area_m2":165.3,"cat":"utility","scope":"campus","src":"Overture Maps 2026-08-19.0 (ML footprints, ODbL/CDLA)","conf":"derived","dist_core_m":336.9,"zone":"north","cat_conf":"derived","floors":1,"f2f":3.0,"floor_note":"utility structure","roof":"sloped","pitch":18,"roof_note":"light metal roof","wall":"metal_sheet_industrial","height_m":4.0,"name_conf":"derived","entrance_lat":31.784087,"entrance_lng":76.998861,"entrance_dist_m":25.1,"entrance_conf":"derived"},"geometry":{"type":"Polygon","coordinates":[[[76.99879,31.783936],[76.99888,31.783905],[76.998951,31.784057],[76.998861,31.784087],[76.99879,31.783936]]]}},{"type":"Feature","id":"ovt-d97b37217457","properties":{"id":"ovt-d97b37217457","name":"North Campus building 117","named":false,"area_m2":64.8,"cat":"utility","scope":"campus","src":"Overture Maps 2026-08-19.0 (ML footprints, ODbL/CDLA)","conf":"derived","dist_core_m":367.2,"zone":"north","cat_conf":"derived","floors":1,"f2f":3.0,"floor_note":"utility structure","roof":"sloped","pitch":18,"roof_note":"light metal roof","wall":"metal_sheet_industrial","height_m":4.0,"name_conf":"derived","entrance_lat":31.783916,"entrance_lng":76.998842,"entrance_dist_m":58.8,"entrance_conf":"derived"},"geometry":{"type":"Polygon","coordinates":[[[76.998799,31.783832],[76.998842,31.783916],[76.99878,31.783939],[76.998737,31.783855],[76.998799,31.783832]]]}},{"type":"Feature","id":"ovt-19555ec38163","properties":{"id":"ovt-19555ec38163","name":"North Campus building 131","named":false,"area_m2":53.5,"cat":"utility","scope":"campus","src":"Overture Maps 2026-08-19.0 (ML footprints, ODbL/CDLA)","conf":"derived","dist_core_m":260.3,"zone":"north","cat_conf":"derived","floors":1,"f2f":3.0,"floor_note":"utility structure","roof":"sloped","pitch":18,"roof_note":"light metal roof","wall":"metal_sheet_industrial","height_m":4.0,"name_conf":"derived","entrance_lat":31.783675,"entrance_lng":76.998828,"entrance_dist_m":42.9,"entrance_conf":"derived"},"geometry":{"type":"Polygon","coordinates":[[[76.99894,31.78372],[76.998828,31.783675],[76.998849,31.783637],[76.99896,31.783683],[76.99894,31.78372]]]}},{"type":"Feature","id":"ovt-cd5830ace00e","properties":{"id":"ovt-cd5830ace00e","name":"North Campus building 167","named":false,"area_m2":34.8,"cat":"utility","scope":"campus","src":"Overture Maps 2026-08-19.0 (ML footprints, ODbL/CDLA)","conf":"derived","dist_core_m":332.9,"zone":"north","cat_conf":"derived","floors":1,"f2f":3.0,"floor_note":"utility structure","roof":"sloped","pitch":18,"roof_note":"light metal roof","wall":"metal_sheet_industrial","height_m":4.0,"name_conf":"derived","entrance_lat":31.783674,"entrance_lng":76.998824,"entrance_dist_m":48.1,"entrance_conf":"derived"},"geometry":{"type":"Polygon","coordinates":[[[76.998761,31.783683],[76.998751,31.783631],[76.998814,31.783623],[76.998824,31.783674],[76.998761,31.783683]]]}},{"type":"Feature","id":"ovt-79b9def72a5d","properties":{"id":"ovt-79b9def72a5d","name":"North Campus building 182","named":false,"area_m2":24.6,"cat":"utility","scope":"campus","src":"Overture Maps 2026-08-19.0 (ML footprints, ODbL/CDLA)","conf":"derived","dist_core_m":214.2,"zone":"north","cat_conf":"derived","floors":1,"f2f":3.0,"floor_note":"utility structure","roof":"sloped","pitch":18,"roof_note":"light metal roof","wall":"metal_sheet_industrial","height_m":4.0,"name_conf":"derived","entrance_lat":31.783814,"entrance_lng":76.998715,"entrance_dist_m":173.7,"entrance_conf":"derived"},"geometry":{"type":"Polygon","coordinates":[[[76.998772,31.783802],[76.998783,31.783841],[76.998726,31.783853],[76.998715,31.783814],[76.998772,31.783802]]]}},{"type":"Feature","id":"ovt-0fc61f313b9b","properties":{"id":"ovt-0fc61f313b9b","name":"North Campus building 31","named":false,"area_m2":408.1,"cat":"residential","scope":"campus","src":"Overture Maps 2026-08-19.0 (ML footprints, ODbL/CDLA)","conf":"derived","dist_core_m":294.5,"zone":"north","cat_conf":"derived","floors":4,"f2f":3.2,"floor_note":"faculty/staff apartment blocks 4-storey (C-1 faculty block)","roof":"flat","pitch":0,"roof_note":"flat RCC + parapet","wall":"plaster_paint_cream","height_m":13.8,"name_conf":"derived","entrance_lat":31.784066,"entrance_lng":76.997671,"entrance_dist_m":11.1,"entrance_conf":"derived"},"geometry":{"type":"Polygon","coordinates":[[[76.997671,31.784066],[76.997674,31.783995],[76.998049,31.784006],[76.998045,31.784123],[76.997779,31.784116],[76.997781,31.784069],[76.997671,31.784066]]]}},{"type":"Feature","id":"ovt-9f5dbf050c20","properties":{"id":"ovt-9f5dbf050c20","name":"North Campus building 23","named":false,"area_m2":500.9,"cat":"residential","scope":"campus","src":"Overture Maps 2026-08-19.0 (ML footprints, ODbL/CDLA)","conf":"derived","dist_core_m":314.3,"zone":"north","cat_conf":"derived","floors":4,"f2f":3.2,"floor_note":"faculty/staff apartment blocks 4-storey (C-1 faculty block)","roof":"flat","pitch":0,"roof_note":"flat RCC + parapet","wall":"plaster_paint_cream","height_m":13.8,"name_conf":"derived","entrance_lat":31.784073,"entrance_lng":76.998313,"entrance_dist_m":6.2,"entrance_conf":"derived"},"geometry":{"type":"Polygon","coordinates":[[[76.998377,31.784074],[76.998313,31.784073],[76.998314,31.784005],[76.998369,31.784005],[76.998384,31.78397],[76.998385,31.783951],[76.998402,31.783911],[76.998439,31.783923],[76.998438,31.783969],[76.998539,31.78397],[76.998538,31.784023],[76.998743,31.784088],[76.998737,31.784102],[76.998735,31.784165],[76.998724,31.784191],[76.998621,31.784159],[76.998658,31.784159],[76.998447,31.784092],[76.998432,31.784092],[76.998377,31.784074]]]}},{"type":"Feature","id":"ovt-835a6a4e0dcb","properties":{"id":"ovt-835a6a4e0dcb","name":"North Campus building 106","named":false,"area_m2":75.9,"cat":"utility","scope":"campus","src":"Overture Maps 2026-08-19.0 (ML footprints, ODbL/CDLA)","conf":"derived","dist_core_m":301.8,"zone":"north","cat_conf":"derived","floors":1,"f2f":3.0,"floor_note":"utility structure","roof":"sloped","pitch":18,"roof_note":"light metal roof","wall":"metal_sheet_industrial","height_m":4.0,"name_conf":"derived","entrance_lat":31.784143,"entrance_lng":76.997415,"entrance_dist_m":25.9,"entrance_conf":"derived"},"geometry":{"type":"Polygon","coordinates":[[[76.997435,31.784215],[76.997415,31.784143],[76.997511,31.784124],[76.997531,31.784195],[76.997435,31.784215]]]}},{"type":"Feature","id":"ovt-93d0341b2d19","properties":{"id":"ovt-93d0341b2d19","name":"North Campus building 113","named":false,"area_m2":67.5,"cat":"utility","scope":"campus","src":"Overture Maps 2026-08-19.0 (ML footprints, ODbL/CDLA)","conf":"derived","dist_core_m":221.1,"zone":"north","cat_conf":"derived","floors":1,"f2f":3.0,"floor_note":"utility structure","roof":"sloped","pitch":18,"roof_note":"light metal roof","wall":"metal_sheet_industrial","height_m":4.0,"name_conf":"derived","entrance_lat":31.783376,"entrance_lng":76.997493,"entrance_dist_m":60.6,"entrance_conf":"derived"},"geometry":{"type":"Polygon","coordinates":[[[76.997493,31.783376],[76.997583,31.783382],[76.997575,31.783454],[76.997486,31.783447],[76.997493,31.783376]]]}},{"type":"Feature","id":"ovt-f053831b164f","properties":{"id":"ovt-f053831b164f","name":"North Campus building 126","named":false,"area_m2":55.9,"cat":"utility","scope":"campus","src":"Overture Maps 2026-08-19.0 (ML footprints, ODbL/CDLA)","conf":"derived","dist_core_m":216.7,"zone":"north","cat_conf":"derived","floors":1,"f2f":3.0,"floor_note":"utility structure","roof":"sloped","pitch":18,"roof_note":"light metal roof","wall":"metal_sheet_industrial","height_m":4.0,"name_conf":"derived","entrance_lat":31.783309,"entrance_lng":76.99747,"entrance_dist_m":52.9,"entrance_conf":"derived"},"geometry":{"type":"Polygon","coordinates":[[[76.99747,31.783309],[76.997562,31.783311],[76.997561,31.783369],[76.997469,31.783367],[76.99747,31.783309]]]}},{"type":"Feature","id":"ovt-d8f8c2dec686","properties":{"id":"ovt-d8f8c2dec686","name":"North Campus building 163","named":false,"area_m2":37.9,"cat":"utility","scope":"campus","src":"Overture Maps 2026-08-19.0 (ML footprints, ODbL/CDLA)","conf":"derived","dist_core_m":227.2,"zone":"north","cat_conf":"derived","floors":1,"f2f":3.0,"floor_note":"utility structure","roof":"sloped","pitch":18,"roof_note":"light metal roof","wall":"metal_sheet_industrial","height_m":4.0,"name_conf":"derived","entrance_lat":31.783297,"entrance_lng":76.997169,"entrance_dist_m":132.4,"entrance_conf":"derived"},"geometry":{"type":"Polygon","coordinates":[[[76.99717,31.783342],[76.997169,31.783297],[76.997249,31.783295],[76.997251,31.78334],[76.99717,31.783342]]]}},{"type":"Feature","id":"ovt-6b07bf1f5827","properties":{"id":"ovt-6b07bf1f5827","name":"North Campus building 108","named":false,"area_m2":75.1,"cat":"utility","scope":"campus","src":"Overture Maps 2026-08-19.0 (ML footprints, ODbL/CDLA)","conf":"derived","dist_core_m":232.8,"zone":"north","cat_conf":"derived","floors":1,"f2f":3.0,"floor_note":"utility structure","roof":"sloped","pitch":18,"roof_note":"light metal roof","wall":"metal_sheet_industrial","height_m":4.0,"name_conf":"derived","entrance_lat":31.783365,"entrance_lng":76.99735,"entrance_dist_m":51.1,"entrance_conf":"derived"},"geometry":{"type":"Polygon","coordinates":[[[76.997253,31.783291],[76.997346,31.783288],[76.99735,31.783365],[76.997257,31.783368],[76.997253,31.783291]]]}},{"type":"Feature","id":"ovt-c97bd6f700ca","properties":{"id":"ovt-c97bd6f700ca","name":"North Campus building 175","named":false,"area_m2":29.9,"cat":"utility","scope":"campus","src":"Overture Maps 2026-08-19.0 (ML footprints, ODbL/CDLA)","conf":"derived","dist_core_m":410.2,"zone":"north","cat_conf":"derived","floors":1,"f2f":3.0,"floor_note":"utility structure","roof":"sloped","pitch":18,"roof_note":"light metal roof","wall":"metal_sheet_industrial","height_m":4.0,"name_conf":"derived","entrance_lat":31.78344,"entrance_lng":76.997274,"entrance_dist_m":257.8,"entrance_conf":"derived"},"geometry":{"type":"Polygon","coordinates":[[[76.997203,31.783404],[76.997267,31.783397],[76.997274,31.78344],[76.997209,31.783448],[76.997203,31.783404]]]}},{"type":"Feature","id":"ovt-7f85203f4800","properties":{"id":"ovt-7f85203f4800","name":"North Campus building 28","named":false,"area_m2":443.9,"cat":"residential","scope":"campus","src":"Overture Maps 2026-08-19.0 (ML footprints, ODbL/CDLA)","conf":"derived","dist_core_m":202.1,"zone":"north","cat_conf":"derived","floors":4,"f2f":3.2,"floor_note":"faculty/staff apartment blocks 4-storey (C-1 faculty block)","roof":"flat","pitch":0,"roof_note":"flat RCC + parapet","wall":"plaster_paint_cream","height_m":13.8,"name_conf":"derived","entrance_lat":31.782862,"entrance_lng":76.996531,"entrance_dist_m":20.7,"entrance_conf":"derived"},"geometry":{"type":"Polygon","coordinates":[[[76.996531,31.782862],[76.996853,31.782969],[76.996797,31.78309],[76.996527,31.783],[76.996546,31.782958],[76.996494,31.782941],[76.996531,31.782862]]]}},{"type":"Feature","id":"ovt-1ec4b01650a0","properties":{"id":"ovt-1ec4b01650a0","name":"North Campus building 53","named":false,"area_m2":236.8,"cat":"residential","scope":"campus","src":"Overture Maps 2026-08-19.0 (ML footprints, ODbL/CDLA)","conf":"derived","dist_core_m":210.2,"zone":"north","cat_conf":"derived","floors":4,"f2f":3.2,"floor_note":"faculty/staff apartment blocks 4-storey (C-1 faculty block)","roof":"flat","pitch":0,"roof_note":"flat RCC + parapet","wall":"plaster_paint_cream","height_m":13.8,"name_conf":"derived","entrance_lat":31.782778,"entrance_lng":76.998391,"entrance_dist_m":39.1,"entrance_conf":"derived"},"geometry":{"type":"Polygon","coordinates":[[[76.99859,31.782639],[76.998595,31.78273],[76.99854,31.782732],[76.998542,31.782771],[76.998391,31.782778],[76.998387,31.782715],[76.998419,31.782714],[76.998415,31.782646],[76.99859,31.782639]]]}},{"type":"Feature","id":"ovt-676ee1a815bc","properties":{"id":"ovt-676ee1a815bc","name":"North Campus building 174","named":false,"area_m2":30.1,"cat":"utility","scope":"campus","src":"Overture Maps 2026-08-19.0 (ML footprints, ODbL/CDLA)","conf":"derived","dist_core_m":221.8,"zone":"north","cat_conf":"derived","floors":1,"f2f":3.0,"floor_note":"utility structure","roof":"sloped","pitch":18,"roof_note":"light metal roof","wall":"metal_sheet_industrial","height_m":4.0,"name_conf":"derived","entrance_lat":31.783446,"entrance_lng":76.998063,"entrance_dist_m":22.8,"entrance_conf":"derived"},"geometry":{"type":"Polygon","coordinates":[[[76.998063,31.783446],[76.998132,31.783455],[76.998124,31.783496],[76.998056,31.783487],[76.998063,31.783446]]]}},{"type":"Feature","id":"ovt-968af31df245","properties":{"id":"ovt-968af31df245","name":"North Campus building 47","named":false,"area_m2":277.2,"cat":"residential","scope":"campus","src":"Overture Maps 2026-08-19.0 (ML footprints, ODbL/CDLA)","conf":"derived","dist_core_m":270.1,"zone":"north","cat_conf":"derived","floors":4,"f2f":3.2,"floor_note":"faculty/staff apartment blocks 4-storey (C-1 faculty block)","roof":"flat","pitch":0,"roof_note":"flat RCC + parapet","wall":"plaster_paint_cream","height_m":13.8,"name_conf":"derived","entrance_lat":31.782909,"entrance_lng":76.999409,"entrance_dist_m":96.9,"entrance_conf":"derived"},"geometry":{"type":"Polygon","coordinates":[[[76.999087,31.782769],[76.999428,31.782835],[76.999409,31.782909],[76.999068,31.782843],[76.999087,31.782769]]]}},{"type":"Feature","id":"ovt-50c2162ef097","properties":{"id":"ovt-50c2162ef097","name":"North Campus building 160","named":false,"area_m2":38.9,"cat":"utility","scope":"campus","src":"Overture Maps 2026-08-19.0 (ML footprints, ODbL/CDLA)","conf":"derived","dist_core_m":172.0,"zone":"north","cat_conf":"derived","floors":1,"f2f":3.0,"floor_note":"utility structure","roof":"sloped","pitch":18,"roof_note":"light metal roof","wall":"metal_sheet_industrial","height_m":4.0,"name_conf":"derived","entrance_lat":31.782611,"entrance_lng":76.999056,"entrance_dist_m":70.2,"entrance_conf":"derived"},"geometry":{"type":"Polygon","coordinates":[[[76.999056,31.782611],[76.999112,31.782622],[76.999095,31.782685],[76.999039,31.782674],[76.999056,31.782611]]]}},{"type":"Feature","id":"ovt-86152d083281","properties":{"id":"ovt-86152d083281","name":"North Campus building 35","named":false,"area_m2":380.5,"cat":"residential","scope":"campus","src":"Overture Maps 2026-08-19.0 (ML footprints, ODbL/CDLA)","conf":"derived","dist_core_m":227.3,"zone":"north","cat_conf":"derived","floors":4,"f2f":3.2,"floor_note":"faculty/staff apartment blocks 4-storey (C-1 faculty block)","roof":"flat","pitch":0,"roof_note":"flat RCC + parapet","wall":"plaster_paint_cream","height_m":13.8,"name_conf":"derived","entrance_lat":31.782458,"entrance_lng":76.999191,"entrance_dist_m":36.6,"entrance_conf":"derived"},"geometry":{"type":"Polygon","coordinates":[[[76.999191,31.782458],[76.999328,31.782483],[76.999322,31.782508],[76.999526,31.782546],[76.999508,31.782619],[76.999318,31.782584],[76.999307,31.782626],[76.999156,31.782598],[76.999191,31.782458]]]}},{"type":"Feature","id":"ovt-5b1666baadb6","properties":{"id":"ovt-5b1666baadb6","name":"North Campus building 73","named":false,"area_m2":193.3,"cat":"utility","scope":"campus","src":"Overture Maps 2026-08-19.0 (ML footprints, ODbL/CDLA)","conf":"derived","dist_core_m":154.0,"zone":"north","cat_conf":"derived","floors":1,"f2f":3.0,"floor_note":"utility structure","roof":"sloped","pitch":18,"roof_note":"light metal roof","wall":"metal_sheet_industrial","height_m":4.0,"name_conf":"derived","entrance_lat":31.782435,"entrance_lng":76.99893,"entrance_dist_m":47.4,"entrance_conf":"derived"},"geometry":{"type":"Polygon","coordinates":[[[76.999099,31.782415],[76.999112,31.782497],[76.999055,31.782504],[76.999061,31.782542],[76.998949,31.782555],[76.99893,31.782435],[76.999099,31.782415]]]}},{"type":"Feature","id":"ovt-4d54725322e3","properties":{"id":"ovt-4d54725322e3","name":"North Campus building 59","named":false,"area_m2":221.0,"cat":"residential","scope":"campus","src":"Overture Maps 2026-08-19.0 (ML footprints, ODbL/CDLA)","conf":"derived","dist_core_m":150.0,"zone":"north","cat_conf":"derived","floors":4,"f2f":3.2,"floor_note":"faculty/staff apartment blocks 4-storey (C-1 faculty block)","roof":"flat","pitch":0,"roof_note":"flat RCC + parapet","wall":"plaster_paint_cream","height_m":13.8,"name_conf":"derived","entrance_lat":31.78239,"entrance_lng":76.998721,"entrance_dist_m":38.1,"entrance_conf":"derived"},"geometry":{"type":"Polygon","coordinates":[[[76.998721,31.78239],[76.998883,31.782407],[76.998863,31.782545],[76.998726,31.782531],[76.998735,31.782467],[76.99871,31.782465],[76.998721,31.78239]]]}},{"type":"Feature","id":"ovt-e73b68106c11","properties":{"id":"ovt-e73b68106c11","name":"North Campus building 56","named":false,"area_m2":231.4,"cat":"residential","scope":"campus","src":"Overture Maps 2026-08-19.0 (ML footprints, ODbL/CDLA)","conf":"derived","dist_core_m":198.3,"zone":"north","cat_conf":"derived","floors":4,"f2f":3.2,"floor_note":"faculty/staff apartment blocks 4-storey (C-1 faculty block)","roof":"flat","pitch":0,"roof_note":"flat RCC + parapet","wall":"plaster_paint_cream","height_m":13.8,"name_conf":"derived","entrance_lat":31.78272,"entrance_lng":76.998225,"entrance_dist_m":29.0,"entrance_conf":"derived"},"geometry":{"type":"Polygon","coordinates":[[[76.998234,31.782582],[76.998393,31.782644],[76.998361,31.782704],[76.998392,31.782716],[76.998362,31.782773],[76.998225,31.78272],[76.998246,31.782681],[76.998192,31.78266],[76.998234,31.782582]]]}},{"type":"Feature","id":"ovt-6c49fb881a58","properties":{"id":"ovt-6c49fb881a58","name":"North Campus building 22","named":false,"area_m2":515.9,"cat":"residential","scope":"campus","src":"Overture Maps 2026-08-19.0 (ML footprints, ODbL/CDLA)","conf":"derived","dist_core_m":146.4,"zone":"north","cat_conf":"derived","floors":4,"f2f":3.2,"floor_note":"faculty/staff apartment blocks 4-storey (C-1 faculty block)","roof":"flat","pitch":0,"roof_note":"flat RCC + parapet","wall":"plaster_paint_cream","height_m":13.8,"name_conf":"derived","entrance_lat":31.78272,"entrance_lng":76.997864,"entrance_dist_m":19.0,"entrance_conf":"derived"},"geometry":{"type":"Polygon","coordinates":[[[76.997984,31.782539],[76.997986,31.782519],[76.998083,31.782528],[76.998081,31.782548],[76.998132,31.782553],[76.998124,31.782621],[76.99815,31.782623],[76.998148,31.782643],[76.998121,31.782641],[76.998109,31.782742],[76.997864,31.78272],[76.997888,31.782531],[76.997984,31.782539]]]}},{"type":"Feature","id":"ovt-40456f78a18e","properties":{"id":"ovt-40456f78a18e","name":"North Campus building 27","named":false,"area_m2":482.4,"cat":"residential","scope":"campus","src":"Overture Maps 2026-08-19.0 (ML footprints, ODbL/CDLA)","conf":"derived","dist_core_m":119.2,"zone":"north","cat_conf":"derived","floors":4,"f2f":3.2,"floor_note":"faculty/staff apartment blocks 4-storey (C-1 faculty block)","roof":"flat","pitch":0,"roof_note":"flat RCC + parapet","wall":"plaster_paint_cream","height_m":13.8,"name_conf":"derived","entrance_lat":31.782273,"entrance_lng":76.998105,"entrance_dist_m":39.5,"entrance_conf":"derived"},"geometry":{"type":"Polygon","coordinates":[[[76.997763,31.782252],[76.998105,31.782273],[76.998093,31.782415],[76.997974,31.782408],[76.997976,31.782392],[76.997943,31.78239],[76.997946,31.782358],[76.99791,31.782356],[76.997908,31.782387],[76.997875,31.782386],[76.997874,31.782402],[76.997752,31.782395],[76.997763,31.782252]]]}},{"type":"Feature","id":"ovt-3176f2acfd4a","properties":{"id":"ovt-3176f2acfd4a","name":"North Campus building 38","named":false,"area_m2":331.7,"cat":"residential","scope":"campus","src":"Overture Maps 2026-08-19.0 (ML footprints, ODbL/CDLA)","conf":"derived","dist_core_m":118.0,"zone":"north","cat_conf":"derived","floors":4,"f2f":3.2,"floor_note":"faculty/staff apartment blocks 4-storey (C-1 faculty block)","roof":"flat","pitch":0,"roof_note":"flat RCC + parapet","wall":"plaster_paint_cream","height_m":13.8,"name_conf":"derived","entrance_lat":31.782295,"entrance_lng":76.998199,"entrance_dist_m":43.1,"entrance_conf":"derived"},"geometry":{"type":"Polygon","coordinates":[[[76.998199,31.782295],[76.998337,31.782331],[76.998315,31.782393],[76.998497,31.78244],[76.998472,31.782509],[76.998328,31.782472],[76.998343,31.782427],[76.998306,31.782417],[76.998291,31.782462],[76.998152,31.782426],[76.998199,31.782295]]]}},{"type":"Feature","id":"ovt-1af6223cba2c","properties":{"id":"ovt-1af6223cba2c","name":"North Campus building 189","named":false,"area_m2":20.6,"cat":"utility","scope":"campus","src":"Overture Maps 2026-08-19.0 (ML footprints, ODbL/CDLA)","conf":"derived","dist_core_m":230.6,"zone":"north","cat_conf":"derived","floors":1,"f2f":3.0,"floor_note":"utility structure","roof":"sloped","pitch":18,"roof_note":"light metal roof","wall":"metal_sheet_industrial","height_m":4.0,"name_conf":"derived","entrance_lat":31.782189,"entrance_lng":76.998354,"entrance_dist_m":81.2,"entrance_conf":"derived"},"geometry":{"type":"Polygon","coordinates":[[[76.998296,31.782222],[76.998315,31.782178],[76.998354,31.782189],[76.998336,31.782234],[76.998296,31.782222]]]}},{"type":"Feature","id":"ovt-955eb61a4be7","properties":{"id":"ovt-955eb61a4be7","name":"North Campus building 08","named":false,"area_m2":1157.2,"cat":"hostel","scope":"campus","src":"Overture Maps 2026-08-19.0 (ML footprints, ODbL/CDLA)","conf":"derived","dist_core_m":86.8,"zone":"north","cat_conf":"derived","floors":4,"f2f":3.2,"floor_note":"BEASKUND/Gaurikund blocks are 4-storey; South hostel blocks 4-5 storey","roof":"flat","pitch":0,"roof_note":"concrete slab + parapet, some with sloped CGI over terrace","wall":"plaster_paint_cream","height_m":13.8,"name_conf":"derived","entrance_lat":31.782034,"entrance_lng":76.998014,"entrance_dist_m":15.1,"entrance_conf":"derived"},"geometry":{"type":"Polygon","coordinates":[[[76.99758,31.782161],[76.997583,31.781989],[76.997774,31.781992],[76.997774,31.781974],[76.997943,31.781976],[76.997941,31.782064],[76.998013,31.782065],[76.998014,31.782034],[76.998306,31.782039],[76.998304,31.782152],[76.998296,31.782152],[76.998295,31.782171],[76.997776,31.782163],[76.997776,31.782164],[76.99758,31.782161]]]}},{"type":"Feature","id":"ovt-37b548fad239","properties":{"id":"ovt-37b548fad239","name":"North Campus building 07","named":false,"area_m2":1158.0,"cat":"hostel","scope":"campus","src":"Overture Maps 2026-08-19.0 (ML footprints, ODbL/CDLA)","conf":"derived","dist_core_m":163.6,"zone":"north","cat_conf":"derived","floors":4,"f2f":3.2,"floor_note":"BEASKUND/Gaurikund blocks are 4-storey; South hostel blocks 4-5 storey","roof":"flat","pitch":0,"roof_note":"concrete slab + parapet, some with sloped CGI over terrace","wall":"plaster_paint_cream","height_m":13.8,"name_conf":"derived","entrance_lat":31.782108,"entrance_lng":76.999004,"entrance_dist_m":6.5,"entrance_conf":"derived"},"geometry":{"type":"Polygon","coordinates":[[[76.999086,31.782285],[76.998954,31.78225],[76.998643,31.782256],[76.998627,31.782252],[76.998552,31.782253],[76.99855,31.782184],[76.998553,31.782177],[76.998552,31.782126],[76.998559,31.782106],[76.998901,31.7821],[76.998904,31.782207],[76.998961,31.782222],[76.999004,31.782108],[76.999214,31.782164],[76.99919,31.782165],[76.999368,31.782212],[76.999339,31.782289],[76.999339,31.782283],[76.999317,31.782343],[76.999297,31.782344],[76.999078,31.782285],[76.999086,31.782285]]]}},{"type":"Feature","id":"ovt-c3e57b83ca83","properties":{"id":"ovt-c3e57b83ca83","name":"North Campus building 44","named":false,"area_m2":282.2,"cat":"residential","scope":"campus","src":"Overture Maps 2026-08-19.0 (ML footprints, ODbL/CDLA)","conf":"derived","dist_core_m":184.4,"zone":"north","cat_conf":"derived","floors":4,"f2f":3.2,"floor_note":"faculty/staff apartment blocks 4-storey (C-1 faculty block)","roof":"flat","pitch":0,"roof_note":"flat RCC + parapet","wall":"plaster_paint_cream","height_m":13.8,"name_conf":"derived","entrance_lat":31.781876,"entrance_lng":76.999206,"entrance_dist_m":6.0,"entrance_conf":"derived"},"geometry":{"type":"Polygon","coordinates":[[[76.999206,31.781876],[76.999409,31.781947],[76.999389,31.78199],[76.99946,31.782014],[76.999434,31.782067],[76.99916,31.781971],[76.999206,31.781876]]]}},{"type":"Feature","id":"ovt-3fe681cb2d15","properties":{"id":"ovt-3fe681cb2d15","name":"North Campus building 162","named":false,"area_m2":38.3,"cat":"utility","scope":"campus","src":"Overture Maps 2026-08-19.0 (ML footprints, ODbL/CDLA)","conf":"derived","dist_core_m":255.9,"zone":"north","cat_conf":"derived","floors":1,"f2f":3.0,"floor_note":"utility structure","roof":"sloped","pitch":18,"roof_note":"light metal roof","wall":"metal_sheet_industrial","height_m":4.0,"name_conf":"derived","entrance_lat":31.781184,"entrance_lng":76.999195,"entrance_dist_m":103.4,"entrance_conf":"derived"},"geometry":{"type":"Polygon","coordinates":[[[76.999131,31.781121],[76.999211,31.781142],[76.999195,31.781184],[76.999116,31.781163],[76.999131,31.781121]]]}},{"type":"Feature","id":"ovt-677ca42b72e6","properties":{"id":"ovt-677ca42b72e6","name":"North Campus building 06","named":false,"area_m2":1211.6,"cat":"hostel","scope":"campus","src":"Overture Maps 2026-08-19.0 (ML footprints, ODbL/CDLA)","conf":"derived","dist_core_m":138.7,"zone":"north","cat_conf":"derived","floors":4,"f2f":3.2,"floor_note":"BEASKUND/Gaurikund blocks are 4-storey; South hostel blocks 4-5 storey","roof":"flat","pitch":0,"roof_note":"concrete slab + parapet, some with sloped CGI over terrace","wall":"plaster_paint_cream","height_m":13.8,"name_conf":"derived","entrance_lat":31.781125,"entrance_lng":76.998655,"entrance_dist_m":14.2,"entrance_conf":"derived"},"geometry":{"type":"Polygon","coordinates":[[[76.998688,31.780996],[76.998735,31.781005],[76.998727,31.781035],[76.998736,31.781037],[76.998744,31.781007],[76.999098,31.781074],[76.999081,31.781137],[76.999125,31.781146],[76.999113,31.78119],[76.999272,31.781221],[76.999242,31.781334],[76.998686,31.781229],[76.998711,31.781136],[76.998655,31.781125],[76.998688,31.780996]]]}},{"type":"Feature","id":"ovt-598bdb8b15d1","properties":{"id":"ovt-598bdb8b15d1","name":"North Campus building 119","named":false,"area_m2":60.4,"cat":"utility","scope":"campus","src":"Overture Maps 2026-08-19.0 (ML footprints, ODbL/CDLA)","conf":"derived","dist_core_m":185.2,"zone":"north","cat_conf":"derived","floors":1,"f2f":3.0,"floor_note":"utility structure","roof":"sloped","pitch":18,"roof_note":"light metal roof","wall":"metal_sheet_industrial","height_m":4.0,"name_conf":"derived","entrance_lat":31.781387,"entrance_lng":76.998736,"entrance_dist_m":70.2,"entrance_conf":"derived"},"geometry":{"type":"Polygon","coordinates":[[[76.998624,31.781366],[76.998736,31.781387],[76.998724,31.781436],[76.998611,31.781415],[76.998624,31.781366]]]}},{"type":"Feature","id":"ovt-0c18db8488d4","properties":{"id":"ovt-0c18db8488d4","name":"North Campus building 92","named":false,"area_m2":121.2,"cat":"utility","scope":"campus","src":"Overture Maps 2026-08-19.0 (ML footprints, ODbL/CDLA)","conf":"derived","dist_core_m":110.5,"zone":"north","cat_conf":"derived","floors":1,"f2f":3.0,"floor_note":"utility structure","roof":"sloped","pitch":18,"roof_note":"light metal roof","wall":"metal_sheet_industrial","height_m":4.0,"name_conf":"derived","entrance_lat":31.781797,"entrance_lng":76.99838,"entrance_dist_m":21.1,"entrance_conf":"derived"},"geometry":{"type":"Polygon","coordinates":[[[76.998173,31.781734],[76.99838,31.781797],[76.998359,31.781847],[76.998152,31.781783],[76.998173,31.781734]]]}},{"type":"Feature","id":"ovt-81b57da326cc","properties":{"id":"ovt-81b57da326cc","name":"North Campus building 170","named":false,"area_m2":33.3,"cat":"utility","scope":"campus","src":"Overture Maps 2026-08-19.0 (ML footprints, ODbL/CDLA)","conf":"derived","dist_core_m":34.9,"zone":"north","cat_conf":"derived","floors":1,"f2f":3.0,"floor_note":"utility structure","roof":"sloped","pitch":18,"roof_note":"light metal roof","wall":"metal_sheet_industrial","height_m":4.0,"name_conf":"derived","entrance_lat":31.781833,"entrance_lng":76.998255,"entrance_dist_m":113.3,"entrance_conf":"derived"},"geometry":{"type":"Polygon","coordinates":[[[76.998255,31.781833],[76.998312,31.781841],[76.998302,31.781895],[76.998245,31.781888],[76.998255,31.781833]]]}},{"type":"Feature","id":"ovt-faf3ae7ba2f7","properties":{"id":"ovt-faf3ae7ba2f7","name":"North Campus building 129","named":false,"area_m2":54.2,"cat":"utility","scope":"campus","src":"Overture Maps 2026-08-19.0 (ML footprints, ODbL/CDLA)","conf":"derived","dist_core_m":193.1,"zone":"north","cat_conf":"derived","floors":1,"f2f":3.0,"floor_note":"utility structure","roof":"sloped","pitch":18,"roof_note":"light metal roof","wall":"metal_sheet_industrial","height_m":4.0,"name_conf":"derived","entrance_lat":31.781888,"entrance_lng":76.998245,"entrance_dist_m":95.1,"entrance_conf":"derived"},"geometry":{"type":"Polygon","coordinates":[[[76.998163,31.781821],[76.998255,31.781833],[76.998245,31.781888],[76.998153,31.781876],[76.998163,31.781821]]]}},{"type":"Feature","id":"ovt-704a7b8794ef","properties":{"id":"ovt-704a7b8794ef","name":"North Campus building 88","named":false,"area_m2":134.7,"cat":"utility","scope":"campus","src":"Overture Maps 2026-08-19.0 (ML footprints, ODbL/CDLA)","conf":"derived","dist_core_m":53.4,"zone":"north","cat_conf":"derived","floors":1,"f2f":3.0,"floor_note":"utility structure","roof":"sloped","pitch":18,"roof_note":"light metal roof","wall":"metal_sheet_industrial","height_m":4.0,"name_conf":"derived","entrance_lat":31.781862,"entrance_lng":76.997423,"entrance_dist_m":2.0,"entrance_conf":"derived"},"geometry":{"type":"Polygon","coordinates":[[[76.997423,31.781862],[76.997425,31.781795],[76.997617,31.781799],[76.997615,31.781866],[76.997423,31.781862]]]}},{"type":"Feature","id":"ovt-4c7e7b671208","properties":{"id":"ovt-4c7e7b671208","name":"North Campus building 17","named":false,"area_m2":597.5,"cat":"residential","scope":"campus","src":"Overture Maps 2026-08-19.0 (ML footprints, ODbL/CDLA)","conf":"derived","dist_core_m":70.6,"zone":"north","cat_conf":"derived","floors":4,"f2f":3.2,"floor_note":"faculty/staff apartment blocks 4-storey (C-1 faculty block)","roof":"flat","pitch":0,"roof_note":"flat RCC + parapet","wall":"plaster_paint_cream","height_m":13.8,"name_conf":"derived","entrance_lat":31.781855,"entrance_lng":76.997956,"entrance_dist_m":15.1,"entrance_conf":"derived"},"geometry":{"type":"Polygon","coordinates":[[[76.997689,31.781531],[76.997777,31.781697],[76.998003,31.781719],[76.997997,31.781761],[76.997811,31.781742],[76.997831,31.78178],[76.997965,31.781793],[76.997956,31.781855],[76.99782,31.781841],[76.997813,31.781844],[76.997757,31.781838],[76.997728,31.781784],[76.99768,31.781779],[76.997578,31.781586],[76.997576,31.781596],[76.997552,31.78155],[76.99761,31.781527],[76.997632,31.78153],[76.997629,31.781554],[76.997689,31.781531]]]}},{"type":"Feature","id":"ovt-2e1f96dca425","properties":{"id":"ovt-2e1f96dca425","name":"North Campus building 140","named":false,"area_m2":48.8,"cat":"utility","scope":"campus","src":"Overture Maps 2026-08-19.0 (ML footprints, ODbL/CDLA)","conf":"derived","dist_core_m":168.0,"zone":"north","cat_conf":"derived","floors":1,"f2f":3.0,"floor_note":"utility structure","roof":"sloped","pitch":18,"roof_note":"light metal roof","wall":"metal_sheet_industrial","height_m":4.0,"name_conf":"derived","entrance_lat":31.781392,"entrance_lng":76.997453,"entrance_dist_m":173.2,"entrance_conf":"derived"},"geometry":{"type":"Polygon","coordinates":[[[76.997564,31.781355],[76.997489,31.781422],[76.997453,31.781392],[76.997528,31.781325],[76.997564,31.781355]]]}},{"type":"Feature","id":"ovt-60607df7be82","properties":{"id":"ovt-60607df7be82","name":"North Campus building 63","named":false,"area_m2":214.9,"cat":"utility","scope":"campus","src":"Overture Maps 2026-08-19.0 (ML footprints, ODbL/CDLA)","conf":"derived","dist_core_m":83.9,"zone":"north","cat_conf":"derived","floors":1,"f2f":3.0,"floor_note":"utility structure","roof":"sloped","pitch":18,"roof_note":"light metal roof","wall":"metal_sheet_industrial","height_m":4.0,"name_conf":"derived","entrance_lat":31.78158,"entrance_lng":76.996738,"entrance_dist_m":8.6,"entrance_conf":"derived"},"geometry":{"type":"Polygon","coordinates":[[[76.996546,31.781509],[76.996738,31.78158],[76.996692,31.78167],[76.996501,31.7816],[76.996546,31.781509]]]}},{"type":"Feature","id":"ovt-df0ff5e005a2","properties":{"id":"ovt-df0ff5e005a2","name":"North Campus building 193","named":false,"area_m2":18.7,"cat":"utility","scope":"campus","src":"Overture Maps 2026-08-19.0 (ML footprints, ODbL/CDLA)","conf":"derived","dist_core_m":380.5,"zone":"north","cat_conf":"derived","floors":1,"f2f":3.0,"floor_note":"utility structure","roof":"sloped","pitch":18,"roof_note":"light metal roof","wall":"metal_sheet_industrial","height_m":4.0,"name_conf":"derived","entrance_lat":31.781935,"entrance_lng":76.997027,"entrance_dist_m":398.4,"entrance_conf":"derived"},"geometry":{"type":"Polygon","coordinates":[[[76.99699,31.781933],[76.996994,31.781885],[76.997031,31.781887],[76.997027,31.781935],[76.99699,31.781933]]]}},{"type":"Feature","id":"ovt-a2652406bbce","properties":{"id":"ovt-a2652406bbce","name":"North Campus building 15","named":false,"area_m2":620.5,"cat":"residential","scope":"campus","src":"Overture Maps 2026-08-19.0 (ML footprints, ODbL/CDLA)","conf":"derived","dist_core_m":116.5,"zone":"north","cat_conf":"derived","floors":4,"f2f":3.2,"floor_note":"faculty/staff apartment blocks 4-storey (C-1 faculty block)","roof":"flat","pitch":0,"roof_note":"flat RCC + parapet","wall":"plaster_paint_cream","height_m":13.8,"name_conf":"derived","entrance_lat":31.78189,"entrance_lng":76.996697,"entrance_dist_m":12.5,"entrance_conf":"derived"},"geometry":{"type":"Polygon","coordinates":[[[76.996697,31.78189],[76.996708,31.782058],[76.996572,31.782064],[76.996574,31.782097],[76.996368,31.782107],[76.996357,31.781937],[76.996522,31.781929],[76.996521,31.781898],[76.996697,31.78189]]]}},{"type":"Feature","id":"ovt-3787ff5e6ee0","properties":{"id":"ovt-3787ff5e6ee0","name":"North Campus building 60","named":false,"area_m2":220.9,"cat":"residential","scope":"campus","src":"Overture Maps 2026-08-19.0 (ML footprints, ODbL/CDLA)","conf":"derived","dist_core_m":118.6,"zone":"north","cat_conf":"derived","floors":4,"f2f":3.2,"floor_note":"faculty/staff apartment blocks 4-storey (C-1 faculty block)","roof":"flat","pitch":0,"roof_note":"flat RCC + parapet","wall":"plaster_paint_cream","height_m":13.8,"name_conf":"derived","entrance_lat":31.782215,"entrance_lng":76.997343,"entrance_dist_m":39.2,"entrance_conf":"derived"},"geometry":{"type":"Polygon","coordinates":[[[76.997343,31.782215],[76.997501,31.782261],[76.997449,31.782393],[76.997332,31.782359],[76.997351,31.782312],[76.997309,31.7823],[76.997343,31.782215]]]}},{"type":"Feature","id":"ovt-91a1848da976","properties":{"id":"ovt-91a1848da976","name":"North Campus building 64","named":false,"area_m2":212.8,"cat":"utility","scope":"campus","src":"Overture Maps 2026-08-19.0 (ML footprints, ODbL/CDLA)","conf":"derived","dist_core_m":98.5,"zone":"north","cat_conf":"derived","floors":1,"f2f":3.0,"floor_note":"utility structure","roof":"sloped","pitch":18,"roof_note":"light metal roof","wall":"metal_sheet_industrial","height_m":4.0,"name_conf":"derived","entrance_lat":31.782262,"entrance_lng":76.997521,"entrance_dist_m":75.5,"entrance_conf":"derived"},"geometry":{"type":"Polygon","coordinates":[[[76.997683,31.782248],[76.997693,31.782333],[76.99765,31.782337],[76.997659,31.78241],[76.997617,31.782413],[76.997613,31.782384],[76.997537,31.78239],[76.997521,31.782262],[76.997683,31.782248]]]}},{"type":"Feature","id":"ovt-b90de7dbe2a2","properties":{"id":"ovt-b90de7dbe2a2","name":"North Campus building 62","named":false,"area_m2":216.2,"cat":"utility","scope":"campus","src":"Overture Maps 2026-08-19.0 (ML footprints, ODbL/CDLA)","conf":"derived","dist_core_m":153.6,"zone":"north","cat_conf":"derived","floors":1,"f2f":3.0,"floor_note":"utility structure","roof":"sloped","pitch":18,"roof_note":"light metal roof","wall":"metal_sheet_industrial","height_m":4.0,"name_conf":"derived","entrance_lat":31.78267,"entrance_lng":76.997378,"entrance_dist_m":28.5,"entrance_conf":"derived"},"geometry":{"type":"Polygon","coordinates":[[[76.997255,31.782547],[76.997419,31.782535],[76.997427,31.782613],[76.997373,31.782617],[76.997378,31.78267],[76.997234,31.782681],[76.997229,31.782627],[76.997262,31.782625],[76.997255,31.782547]]]}},{"type":"Feature","id":"ovt-00b23fd0b021","properties":{"id":"ovt-00b23fd0b021","name":"North Campus building 192","named":false,"area_m2":19.6,"cat":"utility","scope":"campus","src":"Overture Maps 2026-08-19.0 (ML footprints, ODbL/CDLA)","conf":"derived","dist_core_m":280.3,"zone":"north","cat_conf":"derived","floors":1,"f2f":3.0,"floor_note":"utility structure","roof":"sloped","pitch":18,"roof_note":"light metal roof","wall":"metal_sheet_industrial","height_m":4.0,"name_conf":"derived","entrance_lat":31.782504,"entrance_lng":76.997192,"entrance_dist_m":281.7,"entrance_conf":"derived"},"geometry":{"type":"Polygon","coordinates":[[[76.997192,31.782504],[76.997234,31.782505],[76.997232,31.78255],[76.99719,31.782548],[76.997192,31.782504]]]}},{"type":"Feature","id":"ovt-5ae1b825ceb9","properties":{"id":"ovt-5ae1b825ceb9","name":"North Campus building 65","named":false,"area_m2":210.3,"cat":"utility","scope":"campus","src":"Overture Maps 2026-08-19.0 (ML footprints, ODbL/CDLA)","conf":"derived","dist_core_m":145.0,"zone":"north","cat_conf":"derived","floors":1,"f2f":3.0,"floor_note":"utility structure","roof":"sloped","pitch":18,"roof_note":"light metal roof","wall":"metal_sheet_industrial","height_m":4.0,"name_conf":"derived","entrance_lat":31.78259,"entrance_lng":76.997029,"entrance_dist_m":26.8,"entrance_conf":"derived"},"geometry":{"type":"Polygon","coordinates":[[[76.99706,31.782511],[76.997213,31.782554],[76.997191,31.782613],[76.997229,31.782624],[76.997206,31.782682],[76.99707,31.782644],[76.997085,31.782606],[76.997029,31.78259],[76.99706,31.782511]]]}},{"type":"Feature","id":"ovt-8c1868eef34f","properties":{"id":"ovt-8c1868eef34f","name":"North Campus building 20","named":false,"area_m2":539.0,"cat":"residential","scope":"campus","src":"Overture Maps 2026-08-19.0 (ML footprints, ODbL/CDLA)","conf":"derived","dist_core_m":157.8,"zone":"north","cat_conf":"derived","floors":4,"f2f":3.2,"floor_note":"faculty/staff apartment blocks 4-storey (C-1 faculty block)","roof":"flat","pitch":0,"roof_note":"flat RCC + parapet","wall":"plaster_paint_cream","height_m":13.8,"name_conf":"derived","entrance_lat":31.782581,"entrance_lng":76.996576,"entrance_dist_m":12.0,"entrance_conf":"derived"},"geometry":{"type":"Polygon","coordinates":[[[76.996633,31.782588],[76.996576,31.782581],[76.996594,31.782473],[76.996644,31.782479],[76.996665,31.782438],[76.99672,31.782458],[76.996715,31.782457],[76.99688,31.782518],[76.996857,31.782515],[76.996932,31.782543],[76.996928,31.782569],[76.996905,31.782615],[76.996952,31.782632],[76.996921,31.782694],[76.996633,31.782588]]]}},{"type":"Feature","id":"ovt-8564c781a0b4","properties":{"id":"ovt-8564c781a0b4","name":"North Campus building 21","named":false,"area_m2":533.7,"cat":"residential","scope":"campus","src":"Overture Maps 2026-08-19.0 (ML footprints, ODbL/CDLA)","conf":"derived","dist_core_m":161.0,"zone":"north","cat_conf":"derived","floors":4,"f2f":3.2,"floor_note":"faculty/staff apartment blocks 4-storey (C-1 faculty block)","roof":"flat","pitch":0,"roof_note":"flat RCC + parapet","wall":"plaster_paint_cream","height_m":13.8,"name_conf":"derived","entrance_lat":31.782325,"entrance_lng":76.996231,"entrance_dist_m":10.7,"entrance_conf":"derived"},"geometry":{"type":"Polygon","coordinates":[[[76.996296,31.782181],[76.996582,31.782412],[76.996467,31.782515],[76.996231,31.782325],[76.996291,31.782272],[76.99624,31.782231],[76.996296,31.782181]]]}},{"type":"Feature","id":"ovt-28175e157538","properties":{"id":"ovt-28175e157538","name":"North Campus building 187","named":false,"area_m2":22.5,"cat":"utility","scope":"campus","src":"Overture Maps 2026-08-19.0 (ML footprints, ODbL/CDLA)","conf":"derived","dist_core_m":195.5,"zone":"north","cat_conf":"derived","floors":1,"f2f":3.0,"floor_note":"utility structure","roof":"sloped","pitch":18,"roof_note":"light metal roof","wall":"metal_sheet_industrial","height_m":4.0,"name_conf":"derived","entrance_lat":31.782563,"entrance_lng":76.996105,"entrance_dist_m":16.2,"entrance_conf":"derived"},"geometry":{"type":"Polygon","coordinates":[[[76.996061,31.782537],[76.996105,31.782563],[76.996077,31.782596],[76.996034,31.78257],[76.996061,31.782537]]]}},{"type":"Feature","id":"ovt-968c16c7e80d","properties":{"id":"ovt-968c16c7e80d","name":"North Campus building 110","named":false,"area_m2":72.1,"cat":"utility","scope":"campus","src":"Overture Maps 2026-08-19.0 (ML footprints, ODbL/CDLA)","conf":"derived","dist_core_m":203.5,"zone":"north","cat_conf":"derived","floors":1,"f2f":3.0,"floor_note":"utility structure","roof":"sloped","pitch":18,"roof_note":"light metal roof","wall":"metal_sheet_industrial","height_m":4.0,"name_conf":"derived","entrance_lat":31.782449,"entrance_lng":76.995734,"entrance_dist_m":151.2,"entrance_conf":"derived"},"geometry":{"type":"Polygon","coordinates":[[[76.995667,31.782391],[76.995734,31.782449],[76.995674,31.7825],[76.995607,31.782441],[76.995667,31.782391]]]}},{"type":"Feature","id":"ovt-a60e10692124","properties":{"id":"ovt-a60e10692124","name":"North Campus building 118","named":false,"area_m2":61.0,"cat":"utility","scope":"campus","src":"Overture Maps 2026-08-19.0 (ML footprints, ODbL/CDLA)","conf":"derived","dist_core_m":177.8,"zone":"north","cat_conf":"derived","floors":1,"f2f":3.0,"floor_note":"utility structure","roof":"sloped","pitch":18,"roof_note":"light metal roof","wall":"metal_sheet_industrial","height_m":4.0,"name_conf":"derived","entrance_lat":31.781976,"entrance_lng":76.996062,"entrance_dist_m":49.6,"entrance_conf":"derived"},"geometry":{"type":"Polygon","coordinates":[[[76.996062,31.781976],[76.996096,31.781955],[76.99619,31.782067],[76.996155,31.782088],[76.996062,31.781976]]]}},{"type":"Feature","id":"ovt-3404c3d13296","properties":{"id":"ovt-3404c3d13296","name":"North Campus building 54","named":false,"area_m2":235.3,"cat":"residential","scope":"campus","src":"Overture Maps 2026-08-19.0 (ML footprints, ODbL/CDLA)","conf":"derived","dist_core_m":147.2,"zone":"north","cat_conf":"derived","floors":4,"f2f":3.2,"floor_note":"faculty/staff apartment blocks 4-storey (C-1 faculty block)","roof":"flat","pitch":0,"roof_note":"flat RCC + parapet","wall":"plaster_paint_cream","height_m":13.8,"name_conf":"derived","entrance_lat":31.782179,"entrance_lng":76.996015,"entrance_dist_m":33.9,"entrance_conf":"derived"},"geometry":{"type":"Polygon","coordinates":[[[76.996015,31.782179],[76.995872,31.782068],[76.995984,31.781963],[76.996064,31.782025],[76.996018,31.782068],[76.996081,31.782117],[76.996015,31.782179]]]}},{"type":"Feature","id":"ovt-5a262653ac5b","properties":{"id":"ovt-5a262653ac5b","name":"North Campus building 42","named":false,"area_m2":297.3,"cat":"residential","scope":"campus","src":"Overture Maps 2026-08-19.0 (ML footprints, ODbL/CDLA)","conf":"derived","dist_core_m":268.5,"zone":"north","cat_conf":"derived","floors":4,"f2f":3.2,"floor_note":"faculty/staff apartment blocks 4-storey (C-1 faculty block)","roof":"flat","pitch":0,"roof_note":"flat RCC + parapet","wall":"plaster_paint_cream","height_m":13.8,"name_conf":"derived","entrance_lat":31.781965,"entrance_lng":76.994875,"entrance_dist_m":17.5,"entrance_conf":"derived"},"geometry":{"type":"Polygon","coordinates":[[[76.994875,31.781965],[76.994904,31.781833],[76.995112,31.781866],[76.995083,31.781998],[76.994875,31.781965]]]}},{"type":"Feature","id":"ovt-ad88bd698b6e","properties":{"id":"ovt-ad88bd698b6e","name":"North Campus building 149","named":false,"area_m2":44.1,"cat":"utility","scope":"campus","src":"Overture Maps 2026-08-19.0 (ML footprints, ODbL/CDLA)","conf":"derived","dist_core_m":220.5,"zone":"north","cat_conf":"derived","floors":1,"f2f":3.0,"floor_note":"utility structure","roof":"sloped","pitch":18,"roof_note":"light metal roof","wall":"metal_sheet_industrial","height_m":4.0,"name_conf":"derived","entrance_lat":31.782317,"entrance_lng":76.995558,"entrance_dist_m":22.9,"entrance_conf":"derived"},"geometry":{"type":"Polygon","coordinates":[[[76.995558,31.782317],[76.995621,31.782367],[76.995582,31.782403],[76.995519,31.782353],[76.995558,31.782317]]]}},{"type":"Feature","id":"ovt-0a0d51f1fc47","properties":{"id":"ovt-0a0d51f1fc47","name":"North Campus building 153","named":false,"area_m2":41.6,"cat":"utility","scope":"campus","src":"Overture Maps 2026-08-19.0 (ML footprints, ODbL/CDLA)","conf":"derived","dist_core_m":272.8,"zone":"north","cat_conf":"derived","floors":1,"f2f":3.0,"floor_note":"utility structure","roof":"sloped","pitch":18,"roof_note":"light metal roof","wall":"metal_sheet_industrial","height_m":4.0,"name_conf":"derived","entrance_lat":31.781582,"entrance_lng":76.994623,"entrance_dist_m":13.0,"entrance_conf":"derived"},"geometry":{"type":"Polygon","coordinates":[[[76.994606,31.781532],[76.994623,31.781582],[76.994549,31.7816],[76.994533,31.78155],[76.994606,31.781532]]]}},{"type":"Feature","id":"ovt-0f1b30771782","properties":{"id":"ovt-0f1b30771782","name":"North Campus building 70","named":false,"area_m2":194.9,"cat":"utility","scope":"campus","src":"Overture Maps 2026-08-19.0 (ML footprints, ODbL/CDLA)","conf":"derived","dist_core_m":383.3,"zone":"north","cat_conf":"derived","floors":1,"f2f":3.0,"floor_note":"utility structure","roof":"sloped","pitch":18,"roof_note":"light metal roof","wall":"metal_sheet_industrial","height_m":4.0,"name_conf":"derived","entrance_lat":31.781227,"entrance_lng":76.993549,"entrance_dist_m":11.0,"entrance_conf":"derived"},"geometry":{"type":"Polygon","coordinates":[[[76.993442,31.781312],[76.99334,31.781218],[76.993447,31.781134],[76.993549,31.781227],[76.993442,31.781312]]]}},{"type":"Feature","id":"ovt-86a60426a3a2","properties":{"id":"ovt-86a60426a3a2","name":"North Campus building 46","named":false,"area_m2":279.1,"cat":"residential","scope":"campus","src":"Overture Maps 2026-08-19.0 (ML footprints, ODbL/CDLA)","conf":"derived","dist_core_m":199.1,"zone":"north","cat_conf":"derived","floors":4,"f2f":3.2,"floor_note":"faculty/staff apartment blocks 4-storey (C-1 faculty block)","roof":"flat","pitch":0,"roof_note":"flat RCC + parapet","wall":"plaster_paint_cream","height_m":13.8,"name_conf":"derived","entrance_lat":31.781417,"entrance_lng":76.995396,"entrance_dist_m":4.6,"entrance_conf":"derived"},"geometry":{"type":"Polygon","coordinates":[[[76.995396,31.781417],[76.995575,31.781451],[76.995533,31.78161],[76.995393,31.781583],[76.995413,31.781505],[76.995375,31.781498],[76.995396,31.781417]]]}},{"type":"Feature","id":"ovt-3e151d133c5a","properties":{"id":"ovt-3e151d133c5a","name":"North Campus building 76","named":false,"area_m2":180.0,"cat":"utility","scope":"campus","src":"Overture Maps 2026-08-19.0 (ML footprints, ODbL/CDLA)","conf":"derived","dist_core_m":204.7,"zone":"north","cat_conf":"derived","floors":1,"f2f":3.0,"floor_note":"utility structure","roof":"sloped","pitch":18,"roof_note":"light metal roof","wall":"metal_sheet_industrial","height_m":4.0,"name_conf":"derived","entrance_lat":31.781469,"entrance_lng":76.995307,"entrance_dist_m":14.2,"entrance_conf":"derived"},"geometry":{"type":"Polygon","coordinates":[[[76.995253,31.781403],[76.995307,31.781469],[76.995261,31.781496],[76.995291,31.781533],[76.995208,31.781583],[76.995124,31.781481],[76.995253,31.781403]]]}},{"type":"Feature","id":"ovt-67572599d6f0","properties":{"id":"ovt-67572599d6f0","name":"North Campus building 67","named":false,"area_m2":204.5,"cat":"utility","scope":"campus","src":"Overture Maps 2026-08-19.0 (ML footprints, ODbL/CDLA)","conf":"derived","dist_core_m":198.6,"zone":"north","cat_conf":"derived","floors":1,"f2f":3.0,"floor_note":"utility structure","roof":"sloped","pitch":18,"roof_note":"light metal roof","wall":"metal_sheet_industrial","height_m":4.0,"name_conf":"derived","entrance_lat":31.7816,"entrance_lng":76.995139,"entrance_dist_m":51.1,"entrance_conf":"derived"},"geometry":{"type":"Polygon","coordinates":[[[76.99507,31.781471],[76.995139,31.7816],[76.995007,31.781651],[76.994982,31.781605],[76.99502,31.78159],[76.995009,31.781568],[76.994971,31.781583],[76.994938,31.781522],[76.99507,31.781471]]]}},{"type":"Feature","id":"ovt-defd7db135c0","properties":{"id":"ovt-defd7db135c0","name":"North Campus building 196","named":false,"area_m2":16.4,"cat":"utility","scope":"campus","src":"Overture Maps 2026-08-19.0 (ML footprints, ODbL/CDLA)","conf":"derived","dist_core_m":138.2,"zone":"north","cat_conf":"derived","floors":1,"f2f":3.0,"floor_note":"utility structure","roof":"sloped","pitch":18,"roof_note":"light metal roof","wall":"metal_sheet_industrial","height_m":4.0,"name_conf":"derived","entrance_lat":31.781633,"entrance_lng":76.994962,"entrance_dist_m":214.5,"entrance_conf":"derived"},"geometry":{"type":"Polygon","coordinates":[[[76.99491,31.781602],[76.994942,31.781591],[76.994962,31.781633],[76.99493,31.781644],[76.99491,31.781602]]]}},{"type":"Feature","id":"ovt-b0c47dcb427f","properties":{"id":"ovt-b0c47dcb427f","name":"North Campus building 197","named":false,"area_m2":16.1,"cat":"utility","scope":"campus","src":"Overture Maps 2026-08-19.0 (ML footprints, ODbL/CDLA)","conf":"derived","dist_core_m":181.4,"zone":"north","cat_conf":"derived","floors":1,"f2f":3.0,"floor_note":"utility structure","roof":"sloped","pitch":18,"roof_note":"light metal roof","wall":"metal_sheet_industrial","height_m":4.0,"name_conf":"derived","entrance_lat":31.781902,"entrance_lng":76.995184,"entrance_dist_m":80.5,"entrance_conf":"derived"},"geometry":{"type":"Polygon","coordinates":[[[76.995173,31.781868],[76.995184,31.781902],[76.995142,31.781912],[76.995131,31.781878],[76.995173,31.781868]]]}},{"type":"Feature","id":"ovt-ed34b253bbf6","properties":{"id":"ovt-ed34b253bbf6","name":"North Campus building 66","named":false,"area_m2":208.6,"cat":"utility","scope":"campus","src":"Overture Maps 2026-08-19.0 (ML footprints, ODbL/CDLA)","conf":"derived","dist_core_m":213.8,"zone":"north","cat_conf":"derived","floors":1,"f2f":3.0,"floor_note":"utility structure","roof":"sloped","pitch":18,"roof_note":"light metal roof","wall":"metal_sheet_industrial","height_m":4.0,"name_conf":"derived","entrance_lat":31.781866,"entrance_lng":76.995275,"entrance_dist_m":14.8,"entrance_conf":"derived"},"geometry":{"type":"Polygon","coordinates":[[[76.995282,31.781736],[76.995435,31.781742],[76.995428,31.781872],[76.995275,31.781866],[76.995282,31.781736]]]}},{"type":"Feature","id":"ovt-1d41d1f6dc90","properties":{"id":"ovt-1d41d1f6dc90","name":"North Campus building 132","named":false,"area_m2":52.4,"cat":"utility","scope":"campus","src":"Overture Maps 2026-08-19.0 (ML footprints, ODbL/CDLA)","conf":"derived","dist_core_m":258.1,"zone":"north","cat_conf":"derived","floors":1,"f2f":3.0,"floor_note":"utility structure","roof":"sloped","pitch":18,"roof_note":"light metal roof","wall":"metal_sheet_industrial","height_m":4.0,"name_conf":"derived","entrance_lat":31.781798,"entrance_lng":76.995431,"entrance_dist_m":62.4,"entrance_conf":"derived"},"geometry":{"type":"Polygon","coordinates":[[[76.995431,31.781798],[76.995499,31.781801],[76.995496,31.781874],[76.995428,31.781872],[76.995431,31.781798]]]}},{"type":"Feature","id":"ovt-4e44ca9d1150","properties":{"id":"ovt-4e44ca9d1150","name":"North Campus building 74","named":false,"area_m2":191.3,"cat":"utility","scope":"campus","src":"Overture Maps 2026-08-19.0 (ML footprints, ODbL/CDLA)","conf":"derived","dist_core_m":151.6,"zone":"north","cat_conf":"derived","floors":1,"f2f":3.0,"floor_note":"utility structure","roof":"sloped","pitch":18,"roof_note":"light metal roof","wall":"metal_sheet_industrial","height_m":4.0,"name_conf":"derived","entrance_lat":31.7819,"entrance_lng":76.995648,"entrance_dist_m":56.5,"entrance_conf":"derived"},"geometry":{"type":"Polygon","coordinates":[[[76.995528,31.781741],[76.995637,31.781769],[76.995623,31.781811],[76.995674,31.781824],[76.995648,31.7819],[76.995487,31.781859],[76.995528,31.781741]]]}},{"type":"Feature","id":"ovt-d15452b40c79","properties":{"id":"ovt-d15452b40c79","name":"North Campus building 71","named":false,"area_m2":193.6,"cat":"utility","scope":"campus","src":"Overture Maps 2026-08-19.0 (ML footprints, ODbL/CDLA)","conf":"derived","dist_core_m":183.2,"zone":"north","cat_conf":"derived","floors":1,"f2f":3.0,"floor_note":"utility structure","roof":"sloped","pitch":18,"roof_note":"light metal roof","wall":"metal_sheet_industrial","height_m":4.0,"name_conf":"derived","entrance_lat":31.781462,"entrance_lng":76.995603,"entrance_dist_m":2.7,"entrance_conf":"derived"},"geometry":{"type":"Polygon","coordinates":[[[76.995603,31.781462],[76.995776,31.781468],[76.995772,31.781562],[76.995678,31.781559],[76.995677,31.781586],[76.995597,31.781583],[76.995603,31.781462]]]}},{"type":"Feature","id":"ovt-ce654d65423e","properties":{"id":"ovt-ce654d65423e","name":"North Campus building 51","named":false,"area_m2":244.2,"cat":"residential","scope":"campus","src":"Overture Maps 2026-08-19.0 (ML footprints, ODbL/CDLA)","conf":"derived","dist_core_m":171.4,"zone":"north","cat_conf":"derived","floors":4,"f2f":3.2,"floor_note":"faculty/staff apartment blocks 4-storey (C-1 faculty block)","roof":"flat","pitch":0,"roof_note":"flat RCC + parapet","wall":"plaster_paint_cream","height_m":13.8,"name_conf":"derived","entrance_lat":31.781579,"entrance_lng":76.995879,"entrance_dist_m":20.8,"entrance_conf":"derived"},"geometry":{"type":"Polygon","coordinates":[[[76.995857,31.781638],[76.99585,31.781636],[76.995879,31.781579],[76.996023,31.781632],[76.995953,31.781772],[76.995814,31.781721],[76.995857,31.781638]]]}},{"type":"Feature","id":"ovt-c381e17ceccf","properties":{"id":"ovt-c381e17ceccf","name":"North Campus building 75","named":false,"area_m2":186.6,"cat":"utility","scope":"campus","src":"Overture Maps 2026-08-19.0 (ML footprints, ODbL/CDLA)","conf":"derived","dist_core_m":221.2,"zone":"north","cat_conf":"derived","floors":1,"f2f":3.0,"floor_note":"utility structure","roof":"sloped","pitch":18,"roof_note":"light metal roof","wall":"metal_sheet_industrial","height_m":4.0,"name_conf":"derived","entrance_lat":31.781851,"entrance_lng":76.995715,"entrance_dist_m":78.9,"entrance_conf":"derived"},"geometry":{"type":"Polygon","coordinates":[[[76.995777,31.781818],[76.995889,31.781843],[76.995853,31.78196],[76.995693,31.781925],[76.995715,31.781851],[76.995763,31.781862],[76.995777,31.781818]]]}},{"type":"Feature","id":"ovt-a1c6933cf8f8","properties":{"id":"ovt-a1c6933cf8f8","name":"North Campus building 179","named":false,"area_m2":25.8,"cat":"utility","scope":"campus","src":"Overture Maps 2026-08-19.0 (ML footprints, ODbL/CDLA)","conf":"derived","dist_core_m":202.1,"zone":"north","cat_conf":"derived","floors":1,"f2f":3.0,"floor_note":"utility structure","roof":"sloped","pitch":18,"roof_note":"light metal roof","wall":"metal_sheet_industrial","height_m":4.0,"name_conf":"derived","entrance_lat":31.781868,"entrance_lng":76.995897,"entrance_dist_m":53.3,"entrance_conf":"derived"},"geometry":{"type":"Polygon","coordinates":[[[76.995897,31.781868],[76.995957,31.781889],[76.995941,31.781924],[76.99588,31.781903],[76.995897,31.781868]]]}},{"type":"Feature","id":"ovt-a3e41280aa19","properties":{"id":"ovt-a3e41280aa19","name":"North Campus building 181","named":false,"area_m2":25.3,"cat":"utility","scope":"campus","src":"Overture Maps 2026-08-19.0 (ML footprints, ODbL/CDLA)","conf":"derived","dist_core_m":389.7,"zone":"north","cat_conf":"derived","floors":1,"f2f":3.0,"floor_note":"utility structure","roof":"sloped","pitch":18,"roof_note":"light metal roof","wall":"metal_sheet_industrial","height_m":4.0,"name_conf":"derived","entrance_lat":31.781895,"entrance_lng":76.996104,"entrance_dist_m":281.9,"entrance_conf":"derived"},"geometry":{"type":"Polygon","coordinates":[[[76.996125,31.781864],[76.996184,31.781894],[76.996163,31.781924],[76.996104,31.781895],[76.996125,31.781864]]]}},{"type":"Feature","id":"ovt-6115b3a30b4a","properties":{"id":"ovt-6115b3a30b4a","name":"North Campus building 41","named":false,"area_m2":303.7,"cat":"residential","scope":"campus","src":"Overture Maps 2026-08-19.0 (ML footprints, ODbL/CDLA)","conf":"derived","dist_core_m":121.2,"zone":"north","cat_conf":"derived","floors":4,"f2f":3.2,"floor_note":"faculty/staff apartment blocks 4-storey (C-1 faculty block)","roof":"flat","pitch":0,"roof_note":"flat RCC + parapet","wall":"plaster_paint_cream","height_m":13.8,"name_conf":"derived","entrance_lat":31.781492,"entrance_lng":76.996131,"entrance_dist_m":16.2,"entrance_conf":"derived"},"geometry":{"type":"Polygon","coordinates":[[[76.996155,31.781436],[76.996198,31.78145],[76.99622,31.781398],[76.996394,31.781451],[76.996385,31.781471],[76.996437,31.781487],[76.996399,31.781575],[76.996131,31.781492],[76.996155,31.781436]]]}},{"type":"Feature","id":"ovt-b2400b838b38","properties":{"id":"ovt-b2400b838b38","name":"North Campus building 99","named":false,"area_m2":88.8,"cat":"utility","scope":"campus","src":"Overture Maps 2026-08-19.0 (ML footprints, ODbL/CDLA)","conf":"derived","dist_core_m":77.2,"zone":"north","cat_conf":"derived","floors":1,"f2f":3.0,"floor_note":"utility structure","roof":"sloped","pitch":18,"roof_note":"light metal roof","wall":"metal_sheet_industrial","height_m":4.0,"name_conf":"derived","entrance_lat":31.781377,"entrance_lng":76.996184,"entrance_dist_m":57.3,"entrance_conf":"derived"},"geometry":{"type":"Polygon","coordinates":[[[76.996024,31.781303],[76.996184,31.781377],[76.996158,31.781418],[76.995998,31.781344],[76.996024,31.781303]]]}},{"type":"Feature","id":"ovt-2c1fc5856b66","properties":{"id":"ovt-2c1fc5856b66","name":"North Campus building 116","named":false,"area_m2":66.8,"cat":"utility","scope":"campus","src":"Overture Maps 2026-08-19.0 (ML footprints, ODbL/CDLA)","conf":"derived","dist_core_m":252.7,"zone":"north","cat_conf":"derived","floors":1,"f2f":3.0,"floor_note":"utility structure","roof":"sloped","pitch":18,"roof_note":"light metal roof","wall":"metal_sheet_industrial","height_m":4.0,"name_conf":"derived","entrance_lat":31.781385,"entrance_lng":76.995986,"entrance_dist_m":118.3,"entrance_conf":"derived"},"geometry":{"type":"Polygon","coordinates":[[[76.995986,31.781385],[76.996088,31.781416],[76.996065,31.781472],[76.995963,31.78144],[76.995986,31.781385]]]}},{"type":"Feature","id":"ovt-b3f9c29d2faa","properties":{"id":"ovt-b3f9c29d2faa","name":"North Campus building 164","named":false,"area_m2":37.3,"cat":"utility","scope":"campus","src":"Overture Maps 2026-08-19.0 (ML footprints, ODbL/CDLA)","conf":"derived","dist_core_m":220.5,"zone":"north","cat_conf":"derived","floors":1,"f2f":3.0,"floor_note":"utility structure","roof":"sloped","pitch":18,"roof_note":"light metal roof","wall":"metal_sheet_industrial","height_m":4.0,"name_conf":"derived","entrance_lat":31.781416,"entrance_lng":76.996088,"entrance_dist_m":92.8,"entrance_conf":"derived"},"geometry":{"type":"Polygon","coordinates":[[[76.996088,31.781416],[76.996145,31.781433],[76.996121,31.781489],[76.996065,31.781472],[76.996088,31.781416]]]}},{"type":"Feature","id":"ovt-6fc1c764ee01","properties":{"id":"ovt-6fc1c764ee01","name":"North Campus building 120","named":false,"area_m2":60.3,"cat":"utility","scope":"campus","src":"Overture Maps 2026-08-19.0 (ML footprints, ODbL/CDLA)","conf":"derived","dist_core_m":100.2,"zone":"north","cat_conf":"derived","floors":1,"f2f":3.0,"floor_note":"utility structure","roof":"sloped","pitch":18,"roof_note":"light metal roof","wall":"metal_sheet_industrial","height_m":4.0,"name_conf":"derived","entrance_lat":31.781332,"entrance_lng":76.996008,"entrance_dist_m":55.9,"entrance_conf":"derived"},"geometry":{"type":"Polygon","coordinates":[[[76.996008,31.781332],[76.995963,31.78144],[76.995915,31.781426],[76.995961,31.781318],[76.996008,31.781332]]]}},{"type":"Feature","id":"ovt-3e52c96956ed","properties":{"id":"ovt-3e52c96956ed","name":"North Campus building 109","named":false,"area_m2":72.7,"cat":"utility","scope":"campus","src":"Overture Maps 2026-08-19.0 (ML footprints, ODbL/CDLA)","conf":"derived","dist_core_m":282.3,"zone":"north","cat_conf":"derived","floors":1,"f2f":3.0,"floor_note":"utility structure","roof":"sloped","pitch":18,"roof_note":"light metal roof","wall":"metal_sheet_industrial","height_m":4.0,"name_conf":"derived","entrance_lat":31.780991,"entrance_lng":76.995591,"entrance_dist_m":94.3,"entrance_conf":"derived"},"geometry":{"type":"Polygon","coordinates":[[[76.995656,31.780868],[76.995703,31.780886],[76.995638,31.781009],[76.995591,31.780991],[76.995656,31.780868]]]}},{"type":"Feature","id":"ovt-c4f957d113ff","properties":{"id":"ovt-c4f957d113ff","name":"North Campus building 19","named":false,"area_m2":560.1,"cat":"residential","scope":"campus","src":"Overture Maps 2026-08-19.0 (ML footprints, ODbL/CDLA)","conf":"derived","dist_core_m":152.3,"zone":"north","cat_conf":"derived","floors":4,"f2f":3.2,"floor_note":"faculty/staff apartment blocks 4-storey (C-1 faculty block)","roof":"flat","pitch":0,"roof_note":"flat RCC + parapet","wall":"plaster_paint_cream","height_m":13.8,"name_conf":"derived","entrance_lat":31.781016,"entrance_lng":76.996152,"entrance_dist_m":15.5,"entrance_conf":"derived"},"geometry":{"type":"Polygon","coordinates":[[[76.995717,31.780901],[76.995794,31.780931],[76.995828,31.780866],[76.995878,31.780885],[76.995867,31.780907],[76.996152,31.781016],[76.996092,31.78113],[76.99568,31.780971],[76.995717,31.780901]]]}},{"type":"Feature","id":"ovt-f65dca6f0c83","properties":{"id":"ovt-f65dca6f0c83","name":"North Campus building 147","named":false,"area_m2":44.2,"cat":"utility","scope":"campus","src":"Overture Maps 2026-08-19.0 (ML footprints, ODbL/CDLA)","conf":"derived","dist_core_m":91.7,"zone":"north","cat_conf":"derived","floors":1,"f2f":3.0,"floor_note":"utility structure","roof":"sloped","pitch":18,"roof_note":"light metal roof","wall":"metal_sheet_industrial","height_m":4.0,"name_conf":"derived","entrance_lat":31.780887,"entrance_lng":76.995817,"entrance_dist_m":72.2,"entrance_conf":"derived"},"geometry":{"type":"Polygon","coordinates":[[[76.995739,31.780857],[76.995817,31.780887],[76.995793,31.780932],[76.995716,31.780903],[76.995739,31.780857]]]}},{"type":"Feature","id":"ovt-58753d598618","properties":{"id":"ovt-58753d598618","name":"North Campus building 145","named":false,"area_m2":46.2,"cat":"utility","scope":"campus","src":"Overture Maps 2026-08-19.0 (ML footprints, ODbL/CDLA)","conf":"derived","dist_core_m":217.6,"zone":"north","cat_conf":"derived","floors":1,"f2f":3.0,"floor_note":"utility structure","roof":"sloped","pitch":18,"roof_note":"light metal roof","wall":"metal_sheet_industrial","height_m":4.0,"name_conf":"derived","entrance_lat":31.78055,"entrance_lng":76.996009,"entrance_dist_m":41.4,"entrance_conf":"derived"},"geometry":{"type":"Polygon","coordinates":[[[76.996009,31.78055],[76.996095,31.780569],[76.99608,31.780617],[76.995994,31.780598],[76.996009,31.78055]]]}},{"type":"Feature","id":"ovt-93b18e865fb1","properties":{"id":"ovt-93b18e865fb1","name":"North Campus building 82","named":false,"area_m2":157.9,"cat":"utility","scope":"campus","src":"Overture Maps 2026-08-19.0 (ML footprints, ODbL/CDLA)","conf":"derived","dist_core_m":337.6,"zone":"north","cat_conf":"derived","floors":1,"f2f":3.0,"floor_note":"utility structure","roof":"sloped","pitch":18,"roof_note":"light metal roof","wall":"metal_sheet_industrial","height_m":4.0,"name_conf":"derived","entrance_lat":31.780053,"entrance_lng":76.994182,"entrance_dist_m":4.2,"entrance_conf":"derived"},"geometry":{"type":"Polygon","coordinates":[[[76.994111,31.779966],[76.994312,31.779977],[76.994306,31.780059],[76.994182,31.780053],[76.994184,31.780033],[76.994107,31.780029],[76.994111,31.779966]]]}},{"type":"Feature","id":"ovt-7a6bf30bacba","properties":{"id":"ovt-7a6bf30bacba","name":"North Campus building 61","named":false,"area_m2":217.4,"cat":"utility","scope":"campus","src":"Overture Maps 2026-08-19.0 (ML footprints, ODbL/CDLA)","conf":"derived","dist_core_m":370.8,"zone":"north","cat_conf":"derived","floors":1,"f2f":3.0,"floor_note":"utility structure","roof":"sloped","pitch":18,"roof_note":"light metal roof","wall":"metal_sheet_industrial","height_m":4.0,"name_conf":"derived","entrance_lat":31.780188,"entrance_lng":76.993893,"entrance_dist_m":19.3,"entrance_conf":"derived"},"geometry":{"type":"Polygon","coordinates":[[[76.993884,31.780317],[76.993893,31.780188],[76.994053,31.780196],[76.994045,31.780325],[76.993884,31.780317]]]}},{"type":"Feature","id":"ovt-0a29aa15a9ce","properties":{"id":"ovt-0a29aa15a9ce","name":"North Campus building 191","named":false,"area_m2":19.8,"cat":"utility","scope":"campus","src":"Overture Maps 2026-08-19.0 (ML footprints, ODbL/CDLA)","conf":"derived","dist_core_m":241.0,"zone":"north","cat_conf":"derived","floors":1,"f2f":3.0,"floor_note":"utility structure","roof":"sloped","pitch":18,"roof_note":"light metal roof","wall":"metal_sheet_industrial","height_m":4.0,"name_conf":"derived","entrance_lat":31.780239,"entrance_lng":76.993462,"entrance_dist_m":148.7,"entrance_conf":"derived"},"geometry":{"type":"Polygon","coordinates":[[[76.993374,31.78021],[76.993382,31.780191],[76.993471,31.780221],[76.993462,31.780239],[76.993374,31.78021]]]}},{"type":"Feature","id":"ovt-ae688096b0ef","properties":{"id":"ovt-ae688096b0ef","name":"Unnamed building","named":false,"area_m2":13.0,"cat":"unknown","scope":"context","src":"Overture Maps 2026-08-19.0 (ML footprints, ODbL/CDLA)","conf":"approximate","dist_core_m":506.3,"zone":"context","cat_conf":"derived","floor_note":"no source data; derived default","floors":2,"f2f":3.5,"roof":"flat","pitch":0,"roof_note":"unverified","wall":"plaster_paint_white","height_m":8.0},"geometry":{"type":"Polygon","coordinates":[[[76.993656,31.779932],[76.993711,31.779943],[76.993705,31.779964],[76.99365,31.779954],[76.993656,31.779932]]]}},{"type":"Feature","id":"ovt-94c7c99cb63a","properties":{"id":"ovt-94c7c99cb63a","name":"North Campus building 206","named":false,"area_m2":11.4,"cat":"utility","scope":"campus","src":"Overture Maps 2026-08-19.0 (ML footprints, ODbL/CDLA)","conf":"derived","dist_core_m":96.7,"zone":"north","cat_conf":"derived","floors":1,"f2f":3.0,"floor_note":"utility structure","roof":"sloped","pitch":18,"roof_note":"light metal roof","wall":"metal_sheet_industrial","height_m":4.0,"name_conf":"derived","entrance_lat":31.780137,"entrance_lng":76.993979,"entrance_dist_m":263.9,"entrance_conf":"derived"},"geometry":{"type":"Polygon","coordinates":[[[76.993936,31.780106],[76.993985,31.780116],[76.993979,31.780137],[76.99393,31.780127],[76.993936,31.780106]]]}},{"type":"Feature","id":"ovt-312247839ce0","properties":{"id":"ovt-312247839ce0","name":"North Campus building 201","named":false,"area_m2":12.8,"cat":"utility","scope":"campus","src":"Overture Maps 2026-08-19.0 (ML footprints, ODbL/CDLA)","conf":"derived","dist_core_m":293.9,"zone":"north","cat_conf":"derived","floors":1,"f2f":3.0,"floor_note":"utility structure","roof":"sloped","pitch":18,"roof_note":"light metal roof","wall":"metal_sheet_industrial","height_m":4.0,"name_conf":"derived","entrance_lat":31.779666,"entrance_lng":76.993782,"entrance_dist_m":101.0,"entrance_conf":"derived"},"geometry":{"type":"Polygon","coordinates":[[[76.993743,31.77963],[76.99379,31.779642],[76.993782,31.779666],[76.993735,31.779654],[76.993743,31.77963]]]}},{"type":"Feature","id":"ovt-3bb60673a0ce","properties":{"id":"ovt-3bb60673a0ce","name":"Unnamed building","named":false,"area_m2":25.4,"cat":"unknown","scope":"context","src":"Overture Maps 2026-08-19.0 (ML footprints, ODbL/CDLA)","conf":"approximate","dist_core_m":578.7,"zone":"context","cat_conf":"derived","floor_note":"no source data; derived default","floors":2,"f2f":3.5,"roof":"flat","pitch":0,"roof_note":"unverified","wall":"plaster_paint_white","height_m":8.0},"geometry":{"type":"Polygon","coordinates":[[[76.993894,31.779547],[76.993946,31.77957],[76.993924,31.779607],[76.993872,31.779584],[76.993894,31.779547]]]}},{"type":"Feature","id":"ovt-f44ba3fba138","properties":{"id":"ovt-f44ba3fba138","name":"Unnamed building","named":false,"area_m2":13.3,"cat":"unknown","scope":"context","src":"Overture Maps 2026-08-19.0 (ML footprints, ODbL/CDLA)","conf":"approximate","dist_core_m":497.5,"zone":"context","cat_conf":"derived","floor_note":"no source data; derived default","floors":2,"f2f":3.5,"roof":"flat","pitch":0,"roof_note":"unverified","wall":"plaster_paint_white","height_m":8.0},"geometry":{"type":"Polygon","coordinates":[[[76.994951,31.779636],[76.994994,31.779627],[76.995002,31.779655],[76.99496,31.779664],[76.994951,31.779636]]]}},{"type":"Feature","id":"ovt-395569ed3573","properties":{"id":"ovt-395569ed3573","name":"North Campus building 156","named":false,"area_m2":40.8,"cat":"utility","scope":"campus","src":"Overture Maps 2026-08-19.0 (ML footprints, ODbL/CDLA)","conf":"derived","dist_core_m":97.2,"zone":"north","cat_conf":"derived","floors":1,"f2f":3.0,"floor_note":"utility structure","roof":"sloped","pitch":18,"roof_note":"light metal roof","wall":"metal_sheet_industrial","height_m":4.0,"name_conf":"derived","entrance_lat":31.779636,"entrance_lng":76.995158,"entrance_dist_m":245.2,"entrance_conf":"derived"},"geometry":{"type":"Polygon","coordinates":[[[76.995078,31.779571],[76.995173,31.7796],[76.995158,31.779636],[76.995063,31.779608],[76.995078,31.779571]]]}},{"type":"Feature","id":"ovt-c50ddba4176e","properties":{"id":"ovt-c50ddba4176e","name":"North Campus building 202","named":false,"area_m2":12.5,"cat":"utility","scope":"campus","src":"Overture Maps 2026-08-19.0 (ML footprints, ODbL/CDLA)","conf":"derived","dist_core_m":269.2,"zone":"north","cat_conf":"derived","floors":1,"f2f":3.0,"floor_note":"utility structure","roof":"sloped","pitch":18,"roof_note":"light metal roof","wall":"metal_sheet_industrial","height_m":4.0,"name_conf":"derived","entrance_lat":31.779574,"entrance_lng":76.995124,"entrance_dist_m":27.6,"entrance_conf":"derived"},"geometry":{"type":"Polygon","coordinates":[[[76.995124,31.779574],[76.995087,31.779569],[76.995093,31.779537],[76.99513,31.779543],[76.995124,31.779574]]]}},{"type":"Feature","id":"ovt-9a73113583de","properties":{"id":"ovt-9a73113583de","name":"North Campus building 04","named":false,"area_m2":1539.7,"cat":"academic","scope":"campus","src":"Overture Maps 2026-08-19.0 (ML footprints, ODbL/CDLA)","conf":"derived","dist_core_m":274.4,"zone":"north","cat_conf":"derived","floors":3,"f2f":4.2,"floor_note":"A1/A2/A3 blocks are 3-storey; seminar halls double-height","roof":"flat","pitch":0,"roof_note":"RCC flat roof; some bays with sloped metal roof","wall":"stone_clad_glazing","height_m":13.6,"name_conf":"derived","entrance_lat":31.779894,"entrance_lng":76.994909,"entrance_dist_m":3.9,"entrance_conf":"derived"},"geometry":{"type":"Polygon","coordinates":[[[76.994978,31.779761],[76.995045,31.779754],[76.995042,31.77973],[76.995192,31.779714],[76.9952,31.779775],[76.995309,31.779764],[76.995319,31.779839],[76.995369,31.779834],[76.995385,31.779945],[76.995359,31.779948],[76.995372,31.78004],[76.995307,31.780047],[76.995317,31.780112],[76.995101,31.780134],[76.995097,31.780103],[76.995033,31.780109],[76.994922,31.779985],[76.994909,31.779894],[76.994978,31.779761]]]}},{"type":"Feature","id":"ovt-91707e6c4c2f","properties":{"id":"ovt-91707e6c4c2f","name":"North Campus building 49","named":false,"area_m2":258.4,"cat":"residential","scope":"campus","src":"Overture Maps 2026-08-19.0 (ML footprints, ODbL/CDLA)","conf":"derived","dist_core_m":276.3,"zone":"north","cat_conf":"derived","floors":4,"f2f":3.2,"floor_note":"faculty/staff apartment blocks 4-storey (C-1 faculty block)","roof":"flat","pitch":0,"roof_note":"flat RCC + parapet","wall":"plaster_paint_cream","height_m":13.8,"name_conf":"derived","entrance_lat":31.780045,"entrance_lng":76.99485,"entrance_dist_m":4.4,"entrance_conf":"derived"},"geometry":{"type":"Polygon","coordinates":[[[76.99485,31.780045],[76.994923,31.779992],[76.995088,31.780158],[76.995015,31.780211],[76.994956,31.780152],[76.994935,31.780167],[76.994831,31.780063],[76.994852,31.780047],[76.99485,31.780045]]]}},{"type":"Feature","id":"ovt-a077862791cb","properties":{"id":"ovt-a077862791cb","name":"North Campus building 58","named":false,"area_m2":221.2,"cat":"residential","scope":"campus","src":"Overture Maps 2026-08-19.0 (ML footprints, ODbL/CDLA)","conf":"derived","dist_core_m":212.4,"zone":"north","cat_conf":"derived","floors":4,"f2f":3.2,"floor_note":"faculty/staff apartment blocks 4-storey (C-1 faculty block)","roof":"flat","pitch":0,"roof_note":"flat RCC + parapet","wall":"plaster_paint_cream","height_m":13.8,"name_conf":"derived","entrance_lat":31.78035,"entrance_lng":76.995212,"entrance_dist_m":37.4,"entrance_conf":"derived"},"geometry":{"type":"Polygon","coordinates":[[[76.995081,31.780197],[76.995238,31.780219],[76.995212,31.78035],[76.995055,31.780328],[76.995081,31.780197]]]}},{"type":"Feature","id":"ovt-26bf7a512436","properties":{"id":"ovt-26bf7a512436","name":"North Campus building 69","named":false,"area_m2":199.3,"cat":"utility","scope":"campus","src":"Overture Maps 2026-08-19.0 (ML footprints, ODbL/CDLA)","conf":"derived","dist_core_m":179.4,"zone":"north","cat_conf":"derived","floors":1,"f2f":3.0,"floor_note":"utility structure","roof":"sloped","pitch":18,"roof_note":"light metal roof","wall":"metal_sheet_industrial","height_m":4.0,"name_conf":"derived","entrance_lat":31.780351,"entrance_lng":76.995365,"entrance_dist_m":57.7,"entrance_conf":"derived"},"geometry":{"type":"Polygon","coordinates":[[[76.995233,31.780209],[76.995389,31.780232],[76.995365,31.780351],[76.99521,31.780328],[76.995233,31.780209]]]}},{"type":"Feature","id":"ovt-9ce19d04248d","properties":{"id":"ovt-9ce19d04248d","name":"North Campus building 135","named":false,"area_m2":50.8,"cat":"utility","scope":"campus","src":"Overture Maps 2026-08-19.0 (ML footprints, ODbL/CDLA)","conf":"derived","dist_core_m":135.1,"zone":"north","cat_conf":"derived","floors":1,"f2f":3.0,"floor_note":"utility structure","roof":"sloped","pitch":18,"roof_note":"light metal roof","wall":"metal_sheet_industrial","height_m":4.0,"name_conf":"derived","entrance_lat":31.780361,"entrance_lng":76.995454,"entrance_dist_m":95.2,"entrance_conf":"derived"},"geometry":{"type":"Polygon","coordinates":[[[76.995411,31.780258],[76.995459,31.78026],[76.995454,31.780361],[76.995406,31.780359],[76.995411,31.780258]]]}},{"type":"Feature","id":"ovt-36d4f4df417a","properties":{"id":"ovt-36d4f4df417a","name":"North Campus building 45","named":false,"area_m2":280.7,"cat":"residential","scope":"campus","src":"Overture Maps 2026-08-19.0 (ML footprints, ODbL/CDLA)","conf":"derived","dist_core_m":219.7,"zone":"north","cat_conf":"derived","floors":4,"f2f":3.2,"floor_note":"faculty/staff apartment blocks 4-storey (C-1 faculty block)","roof":"flat","pitch":0,"roof_note":"flat RCC + parapet","wall":"plaster_paint_cream","height_m":13.8,"name_conf":"derived","entrance_lat":31.779929,"entrance_lng":76.995561,"entrance_dist_m":16.1,"entrance_conf":"derived"},"geometry":{"type":"Polygon","coordinates":[[[76.995436,31.779915],[76.995561,31.779929],[76.995529,31.78014],[76.995404,31.780126],[76.995436,31.779915]]]}},{"type":"Feature","id":"ovt-4a7e5542c52a","properties":{"id":"ovt-4a7e5542c52a","name":"North Campus building 33","named":false,"area_m2":389.9,"cat":"residential","scope":"campus","src":"Overture Maps 2026-08-19.0 (ML footprints, ODbL/CDLA)","conf":"derived","dist_core_m":184.3,"zone":"north","cat_conf":"derived","floors":4,"f2f":3.2,"floor_note":"faculty/staff apartment blocks 4-storey (C-1 faculty block)","roof":"flat","pitch":0,"roof_note":"flat RCC + parapet","wall":"plaster_paint_cream","height_m":13.8,"name_conf":"derived","entrance_lat":31.779945,"entrance_lng":76.99609,"entrance_dist_m":15.9,"entrance_conf":"derived"},"geometry":{"type":"Polygon","coordinates":[[[76.995904,31.779938],[76.99609,31.779945],[76.996079,31.780161],[76.996037,31.78016],[76.996041,31.780077],[76.996006,31.780076],[76.996002,31.780158],[76.995894,31.780154],[76.995904,31.779938]]]}},{"type":"Feature","id":"ovt-8e7a1e378652","properties":{"id":"ovt-8e7a1e378652","name":"North Campus building 30","named":false,"area_m2":409.1,"cat":"residential","scope":"campus","src":"Overture Maps 2026-08-19.0 (ML footprints, ODbL/CDLA)","conf":"derived","dist_core_m":154.8,"zone":"north","cat_conf":"derived","floors":4,"f2f":3.2,"floor_note":"faculty/staff apartment blocks 4-storey (C-1 faculty block)","roof":"flat","pitch":0,"roof_note":"flat RCC + parapet","wall":"plaster_paint_cream","height_m":13.8,"name_conf":"derived","entrance_lat":31.780023,"entrance_lng":76.99693,"entrance_dist_m":16.7,"entrance_conf":"derived"},"geometry":{"type":"Polygon","coordinates":[[[76.996912,31.779908],[76.99693,31.780023],[76.996597,31.780063],[76.996578,31.779948],[76.996912,31.779908]]]}},{"type":"Feature","id":"ovt-5abb466b583f","properties":{"id":"ovt-5abb466b583f","name":"North Campus building 16","named":false,"area_m2":614.5,"cat":"residential","scope":"campus","src":"Overture Maps 2026-08-19.0 (ML footprints, ODbL/CDLA)","conf":"derived","dist_core_m":140.0,"zone":"north","cat_conf":"derived","floors":4,"f2f":3.2,"floor_note":"faculty/staff apartment blocks 4-storey (C-1 faculty block)","roof":"flat","pitch":0,"roof_note":"flat RCC + parapet","wall":"plaster_paint_cream","height_m":13.8,"name_conf":"derived","entrance_lat":31.78004,"entrance_lng":76.996951,"entrance_dist_m":18.6,"entrance_conf":"derived"},"geometry":{"type":"Polygon","coordinates":[[[76.996951,31.78004],[76.996943,31.780217],[76.996594,31.780207],[76.9966,31.780062],[76.996698,31.780065],[76.9967,31.780033],[76.996951,31.78004]]]}},{"type":"Feature","id":"ovt-7652b15bff05","properties":{"id":"ovt-7652b15bff05","name":"North Campus building 96","named":false,"area_m2":104.1,"cat":"utility","scope":"campus","src":"Overture Maps 2026-08-19.0 (ML footprints, ODbL/CDLA)","conf":"derived","dist_core_m":178.0,"zone":"north","cat_conf":"derived","floors":1,"f2f":3.0,"floor_note":"utility structure","roof":"sloped","pitch":18,"roof_note":"light metal roof","wall":"metal_sheet_industrial","height_m":4.0,"name_conf":"derived","entrance_lat":31.780018,"entrance_lng":76.996474,"entrance_dist_m":24.1,"entrance_conf":"derived"},"geometry":{"type":"Polygon","coordinates":[[[76.996586,31.780011],[76.996593,31.780099],[76.99648,31.780106],[76.996474,31.780018],[76.996586,31.780011]]]}},{"type":"Feature","id":"ovt-6500e7e90e07","properties":{"id":"ovt-6500e7e90e07","name":"North Campus building 150","named":false,"area_m2":43.2,"cat":"utility","scope":"campus","src":"Overture Maps 2026-08-19.0 (ML footprints, ODbL/CDLA)","conf":"derived","dist_core_m":118.7,"zone":"north","cat_conf":"derived","floors":1,"f2f":3.0,"floor_note":"utility structure","roof":"sloped","pitch":18,"roof_note":"light metal roof","wall":"metal_sheet_industrial","height_m":4.0,"name_conf":"derived","entrance_lat":31.78018,"entrance_lng":76.996516,"entrance_dist_m":47.7,"entrance_conf":"derived"},"geometry":{"type":"Polygon","coordinates":[[[76.996467,31.780101],[76.996521,31.780103],[76.996516,31.78018],[76.996463,31.780178],[76.996467,31.780101]]]}},{"type":"Feature","id":"ovt-a3c0da1acdc1","properties":{"id":"ovt-a3c0da1acdc1","name":"North Campus building 173","named":false,"area_m2":30.8,"cat":"utility","scope":"campus","src":"Overture Maps 2026-08-19.0 (ML footprints, ODbL/CDLA)","conf":"derived","dist_core_m":343.8,"zone":"north","cat_conf":"derived","floors":1,"f2f":3.0,"floor_note":"utility structure","roof":"sloped","pitch":18,"roof_note":"light metal roof","wall":"metal_sheet_industrial","height_m":4.0,"name_conf":"derived","entrance_lat":31.780114,"entrance_lng":76.99652,"entrance_dist_m":188.9,"entrance_conf":"derived"},"geometry":{"type":"Polygon","coordinates":[[[76.99652,31.780114],[76.996567,31.780116],[76.996564,31.780178],[76.996517,31.780177],[76.99652,31.780114]]]}},{"type":"Feature","id":"ovt-e4f24642d6e3","properties":{"id":"ovt-e4f24642d6e3","name":"North Campus building 157","named":false,"area_m2":40.7,"cat":"utility","scope":"campus","src":"Overture Maps 2026-08-19.0 (ML footprints, ODbL/CDLA)","conf":"derived","dist_core_m":202.3,"zone":"north","cat_conf":"derived","floors":1,"f2f":3.0,"floor_note":"utility structure","roof":"sloped","pitch":18,"roof_note":"light metal roof","wall":"metal_sheet_industrial","height_m":4.0,"name_conf":"derived","entrance_lat":31.780879,"entrance_lng":76.997204,"entrance_dist_m":160.1,"entrance_conf":"derived"},"geometry":{"type":"Polygon","coordinates":[[[76.997255,31.780953],[76.997201,31.780951],[76.997204,31.780879],[76.997258,31.780881],[76.997255,31.780953]]]}},{"type":"Feature","id":"ovt-d67549c7eea0","properties":{"id":"ovt-d67549c7eea0","name":"North Campus building 115","named":false,"area_m2":67.2,"cat":"utility","scope":"campus","src":"Overture Maps 2026-08-19.0 (ML footprints, ODbL/CDLA)","conf":"derived","dist_core_m":49.5,"zone":"north","cat_conf":"derived","floors":1,"f2f":3.0,"floor_note":"utility structure","roof":"sloped","pitch":18,"roof_note":"light metal roof","wall":"metal_sheet_industrial","height_m":4.0,"name_conf":"derived","entrance_lat":31.780885,"entrance_lng":76.997428,"entrance_dist_m":19.3,"entrance_conf":"derived"},"geometry":{"type":"Polygon","coordinates":[[[76.997511,31.780971],[76.997405,31.780938],[76.997428,31.780885],[76.997534,31.780917],[76.997511,31.780971]]]}},{"type":"Feature","id":"ovt-1043312a3cb0","properties":{"id":"ovt-1043312a3cb0","name":"North Campus building 13","named":false,"area_m2":656.1,"cat":"hostel","scope":"campus","src":"Overture Maps 2026-08-19.0 (ML footprints, ODbL/CDLA)","conf":"derived","dist_core_m":34.4,"zone":"north","cat_conf":"derived","floors":4,"f2f":3.2,"floor_note":"BEASKUND/Gaurikund blocks are 4-storey; South hostel blocks 4-5 storey","roof":"flat","pitch":0,"roof_note":"concrete slab + parapet, some with sloped CGI over terrace","wall":"plaster_paint_cream","height_m":13.8,"name_conf":"derived","entrance_lat":31.781039,"entrance_lng":76.997999,"entrance_dist_m":11.7,"entrance_conf":"derived"},"geometry":{"type":"Polygon","coordinates":[[[76.997966,31.781155],[76.997393,31.781038],[76.997413,31.780968],[76.99757,31.781],[76.997583,31.780954],[76.997999,31.781039],[76.997966,31.781155]]]}},{"type":"Feature","id":"ovt-1f5cf2525e36","properties":{"id":"ovt-1f5cf2525e36","name":"North Campus building 36","named":false,"area_m2":346.7,"cat":"residential","scope":"campus","src":"Overture Maps 2026-08-19.0 (ML footprints, ODbL/CDLA)","conf":"derived","dist_core_m":68.3,"zone":"north","cat_conf":"derived","floors":4,"f2f":3.2,"floor_note":"faculty/staff apartment blocks 4-storey (C-1 faculty block)","roof":"flat","pitch":0,"roof_note":"flat RCC + parapet","wall":"plaster_paint_cream","height_m":13.8,"name_conf":"derived","entrance_lat":31.78072,"entrance_lng":76.997502,"entrance_dist_m":7.9,"entrance_conf":"derived"},"geometry":{"type":"Polygon","coordinates":[[[76.997554,31.780615],[76.997821,31.780713],[76.997769,31.780818],[76.997502,31.78072],[76.997554,31.780615]]]}},{"type":"Feature","id":"ovt-72009c63ca88","properties":{"id":"ovt-72009c63ca88","name":"North Campus building 169","named":false,"area_m2":34.5,"cat":"utility","scope":"campus","src":"Overture Maps 2026-08-19.0 (ML footprints, ODbL/CDLA)","conf":"derived","dist_core_m":119.0,"zone":"north","cat_conf":"derived","floors":1,"f2f":3.0,"floor_note":"utility structure","roof":"sloped","pitch":18,"roof_note":"light metal roof","wall":"metal_sheet_industrial","height_m":4.0,"name_conf":"derived","entrance_lat":31.780667,"entrance_lng":76.997734,"entrance_dist_m":94.3,"entrance_conf":"derived"},"geometry":{"type":"Polygon","coordinates":[[[76.997764,31.780563],[76.997734,31.780667],[76.997704,31.780661],[76.997734,31.780557],[76.997764,31.780563]]]}},{"type":"Feature","id":"ovt-ca0730745632","properties":{"id":"ovt-ca0730745632","name":"North Campus building 112","named":false,"area_m2":67.7,"cat":"utility","scope":"campus","src":"Overture Maps 2026-08-19.0 (ML footprints, ODbL/CDLA)","conf":"derived","dist_core_m":199.2,"zone":"north","cat_conf":"derived","floors":1,"f2f":3.0,"floor_note":"utility structure","roof":"sloped","pitch":18,"roof_note":"light metal roof","wall":"metal_sheet_industrial","height_m":4.0,"name_conf":"derived","entrance_lat":31.780574,"entrance_lng":76.997488,"entrance_dist_m":158.0,"entrance_conf":"derived"},"geometry":{"type":"Polygon","coordinates":[[[76.997541,31.780592],[76.997491,31.780697],[76.997438,31.780679],[76.997488,31.780574],[76.997541,31.780592]]]}},{"type":"Feature","id":"ovt-ec77f46cf183","properties":{"id":"ovt-ec77f46cf183","name":"North Campus building 166","named":false,"area_m2":35.7,"cat":"utility","scope":"campus","src":"Overture Maps 2026-08-19.0 (ML footprints, ODbL/CDLA)","conf":"derived","dist_core_m":87.8,"zone":"north","cat_conf":"derived","floors":1,"f2f":3.0,"floor_note":"utility structure","roof":"sloped","pitch":18,"roof_note":"light metal roof","wall":"metal_sheet_industrial","height_m":4.0,"name_conf":"derived","entrance_lat":31.780316,"entrance_lng":76.997325,"entrance_dist_m":74.1,"entrance_conf":"derived"},"geometry":{"type":"Polygon","coordinates":[[[76.99727,31.7803],[76.997325,31.780316],[76.997303,31.780372],[76.997249,31.780357],[76.99727,31.7803]]]}},{"type":"Feature","id":"ovt-2968e867ccc6","properties":{"id":"ovt-2968e867ccc6","name":"North Campus building 155","named":false,"area_m2":41.0,"cat":"utility","scope":"campus","src":"Overture Maps 2026-08-19.0 (ML footprints, ODbL/CDLA)","conf":"derived","dist_core_m":204.1,"zone":"north","cat_conf":"derived","floors":1,"f2f":3.0,"floor_note":"utility structure","roof":"sloped","pitch":18,"roof_note":"light metal roof","wall":"metal_sheet_industrial","height_m":4.0,"name_conf":"derived","entrance_lat":31.780459,"entrance_lng":76.997715,"entrance_dist_m":157.7,"entrance_conf":"derived"},"geometry":{"type":"Polygon","coordinates":[[[76.997715,31.780459],[76.997774,31.780474],[76.997753,31.780535],[76.997694,31.78052],[76.997715,31.780459]]]}},{"type":"Feature","id":"ovt-7ad548d6db6c","properties":{"id":"ovt-7ad548d6db6c","name":"North Campus building 01","named":false,"area_m2":1669.9,"cat":"academic","scope":"campus","src":"Overture Maps 2026-08-19.0 (ML footprints, ODbL/CDLA)","conf":"derived","dist_core_m":101.6,"zone":"north","cat_conf":"derived","floors":3,"f2f":4.2,"floor_note":"A1/A2/A3 blocks are 3-storey; seminar halls double-height","roof":"flat","pitch":0,"roof_note":"RCC flat roof; some bays with sloped metal roof","wall":"stone_clad_glazing","height_m":13.6,"name_conf":"derived","entrance_lat":31.780242,"entrance_lng":76.997519,"entrance_dist_m":18.1,"entrance_conf":"derived"},"geometry":{"type":"Polygon","coordinates":[[[76.997171,31.780115],[76.997486,31.78023],[76.99746,31.780282],[76.997493,31.780295],[76.997519,31.780242],[76.997837,31.780358],[76.997811,31.780411],[76.997849,31.780424],[76.997865,31.780393],[76.998191,31.780512],[76.998145,31.780605],[76.998015,31.780558],[76.998019,31.78055],[76.997703,31.780434],[76.997652,31.780536],[76.997316,31.780414],[76.997365,31.780316],[76.997116,31.780226],[76.997171,31.780115]]]}},{"type":"Feature","id":"ovt-00d6e0deb6f9","properties":{"id":"ovt-00d6e0deb6f9","name":"North Campus building 25","named":false,"area_m2":486.2,"cat":"residential","scope":"campus","src":"Overture Maps 2026-08-19.0 (ML footprints, ODbL/CDLA)","conf":"derived","dist_core_m":89.9,"zone":"north","cat_conf":"derived","floors":4,"f2f":3.2,"floor_note":"faculty/staff apartment blocks 4-storey (C-1 faculty block)","roof":"flat","pitch":0,"roof_note":"flat RCC + parapet","wall":"plaster_paint_cream","height_m":13.8,"name_conf":"derived","entrance_lat":31.780605,"entrance_lng":76.998147,"entrance_dist_m":20.7,"entrance_conf":"derived"},"geometry":{"type":"Polygon","coordinates":[[[76.997778,31.780481],[76.997792,31.780457],[76.998147,31.780605],[76.998081,31.78072],[76.997763,31.780588],[76.997816,31.780496],[76.997778,31.780481]]]}},{"type":"Feature","id":"ovt-626ecd556369","properties":{"id":"ovt-626ecd556369","name":"North Campus building 114","named":false,"area_m2":67.5,"cat":"utility","scope":"campus","src":"Overture Maps 2026-08-19.0 (ML footprints, ODbL/CDLA)","conf":"derived","dist_core_m":66.7,"zone":"north","cat_conf":"derived","floors":1,"f2f":3.0,"floor_note":"utility structure","roof":"sloped","pitch":18,"roof_note":"light metal roof","wall":"metal_sheet_industrial","height_m":4.0,"name_conf":"derived","entrance_lat":31.780836,"entrance_lng":76.997856,"entrance_dist_m":15.8,"entrance_conf":"derived"},"geometry":{"type":"Polygon","coordinates":[[[76.997899,31.780742],[76.997856,31.780836],[76.997797,31.780817],[76.997839,31.780722],[76.997899,31.780742]]]}},{"type":"Feature","id":"ovt-503598a38716","properties":{"id":"ovt-503598a38716","name":"North Campus building 34","named":false,"area_m2":386.6,"cat":"residential","scope":"campus","src":"Overture Maps 2026-08-19.0 (ML footprints, ODbL/CDLA)","conf":"derived","dist_core_m":72.0,"zone":"north","cat_conf":"derived","floors":4,"f2f":3.2,"floor_note":"faculty/staff apartment blocks 4-storey (C-1 faculty block)","roof":"flat","pitch":0,"roof_note":"flat RCC + parapet","wall":"plaster_paint_cream","height_m":13.8,"name_conf":"derived","entrance_lat":31.780851,"entrance_lng":76.99785,"entrance_dist_m":15.1,"entrance_conf":"derived"},"geometry":{"type":"Polygon","coordinates":[[[76.9979,31.780742],[76.998194,31.78084],[76.998144,31.780949],[76.99785,31.780851],[76.9979,31.780742]]]}},{"type":"Feature","id":"ovt-28c8183cc408","properties":{"id":"ovt-28c8183cc408","name":"North Campus building 11","named":false,"area_m2":764.9,"cat":"hostel","scope":"campus","src":"Overture Maps 2026-08-19.0 (ML footprints, ODbL/CDLA)","conf":"derived","dist_core_m":105.9,"zone":"north","cat_conf":"derived","floors":4,"f2f":3.2,"floor_note":"BEASKUND/Gaurikund blocks are 4-storey; South hostel blocks 4-5 storey","roof":"flat","pitch":0,"roof_note":"concrete slab + parapet, some with sloped CGI over terrace","wall":"plaster_paint_cream","height_m":13.8,"name_conf":"derived","entrance_lat":31.781032,"entrance_lng":76.998472,"entrance_dist_m":17.7,"entrance_conf":"derived"},"geometry":{"type":"Polygon","coordinates":[[[76.998322,31.780733],[76.998584,31.780803],[76.998515,31.780988],[76.998491,31.780981],[76.998472,31.781032],[76.9982,31.780958],[76.998265,31.780782],[76.998301,31.780791],[76.998322,31.780733]]]}},{"type":"Feature","id":"ovt-9fc8fbac15eb","properties":{"id":"ovt-9fc8fbac15eb","name":"North Campus building 161","named":false,"area_m2":38.5,"cat":"utility","scope":"campus","src":"Overture Maps 2026-08-19.0 (ML footprints, ODbL/CDLA)","conf":"derived","dist_core_m":137.7,"zone":"north","cat_conf":"derived","floors":1,"f2f":3.0,"floor_note":"utility structure","roof":"sloped","pitch":18,"roof_note":"light metal roof","wall":"metal_sheet_industrial","height_m":4.0,"name_conf":"derived","entrance_lat":31.780735,"entrance_lng":76.998826,"entrance_dist_m":18.5,"entrance_conf":"derived"},"geometry":{"type":"Polygon","coordinates":[[[76.998826,31.780735],[76.998801,31.780831],[76.998765,31.780824],[76.998789,31.780728],[76.998826,31.780735]]]}},{"type":"Feature","id":"ovt-0c2501efb3a5","properties":{"id":"ovt-0c2501efb3a5","name":"North Campus building 122","named":false,"area_m2":58.6,"cat":"utility","scope":"campus","src":"Overture Maps 2026-08-19.0 (ML footprints, ODbL/CDLA)","conf":"derived","dist_core_m":112.5,"zone":"north","cat_conf":"derived","floors":1,"f2f":3.0,"floor_note":"utility structure","roof":"sloped","pitch":18,"roof_note":"light metal roof","wall":"metal_sheet_industrial","height_m":4.0,"name_conf":"derived","entrance_lat":31.780807,"entrance_lng":76.9988,"entrance_dist_m":43.4,"entrance_conf":"derived"},"geometry":{"type":"Polygon","coordinates":[[[76.9988,31.780807],[76.998865,31.780818],[76.998846,31.780901],[76.998781,31.78089],[76.9988,31.780807]]]}},{"type":"Feature","id":"ovt-0361975a16c5","properties":{"id":"ovt-0361975a16c5","name":"North Campus building 130","named":false,"area_m2":53.8,"cat":"utility","scope":"campus","src":"Overture Maps 2026-08-19.0 (ML footprints, ODbL/CDLA)","conf":"derived","dist_core_m":103.7,"zone":"north","cat_conf":"derived","floors":1,"f2f":3.0,"floor_note":"utility structure","roof":"sloped","pitch":18,"roof_note":"light metal roof","wall":"metal_sheet_industrial","height_m":4.0,"name_conf":"derived","entrance_lat":31.780818,"entrance_lng":76.998736,"entrance_dist_m":126.3,"entrance_conf":"derived"},"geometry":{"type":"Polygon","coordinates":[[[76.998736,31.780818],[76.998801,31.780831],[76.998782,31.780906],[76.998717,31.780894],[76.998736,31.780818]]]}},{"type":"Feature","id":"ovt-41da48d6fad8","properties":{"id":"ovt-41da48d6fad8","name":"North Campus building 142","named":false,"area_m2":47.0,"cat":"utility","scope":"campus","src":"Overture Maps 2026-08-19.0 (ML footprints, ODbL/CDLA)","conf":"derived","dist_core_m":93.3,"zone":"north","cat_conf":"derived","floors":1,"f2f":3.0,"floor_note":"utility structure","roof":"sloped","pitch":18,"roof_note":"light metal roof","wall":"metal_sheet_industrial","height_m":4.0,"name_conf":"derived","entrance_lat":31.78079,"entrance_lng":76.998641,"entrance_dist_m":70.5,"entrance_conf":"derived"},"geometry":{"type":"Polygon","coordinates":[[[76.998685,31.780814],[76.99863,31.780886],[76.998586,31.780862],[76.998641,31.78079],[76.998685,31.780814]]]}},{"type":"Feature","id":"ovt-757cc1f88c07","properties":{"id":"ovt-757cc1f88c07","name":"North Campus building 26","named":false,"area_m2":484.8,"cat":"residential","scope":"campus","src":"Overture Maps 2026-08-19.0 (ML footprints, ODbL/CDLA)","conf":"derived","dist_core_m":157.9,"zone":"north","cat_conf":"derived","floors":4,"f2f":3.2,"floor_note":"faculty/staff apartment blocks 4-storey (C-1 faculty block)","roof":"flat","pitch":0,"roof_note":"flat RCC + parapet","wall":"plaster_paint_cream","height_m":13.8,"name_conf":"derived","entrance_lat":31.780942,"entrance_lng":76.999375,"entrance_dist_m":34.1,"entrance_conf":"derived"},"geometry":{"type":"Polygon","coordinates":[[[76.998856,31.780857],[76.999375,31.780942],[76.999355,31.781028],[76.998836,31.780943],[76.998856,31.780857]]]}},{"type":"Feature","id":"ovt-e73b6d958f94","properties":{"id":"ovt-e73b6d958f94","name":"North Campus building 185","named":false,"area_m2":23.2,"cat":"utility","scope":"campus","src":"Overture Maps 2026-08-19.0 (ML footprints, ODbL/CDLA)","conf":"derived","dist_core_m":111.2,"zone":"north","cat_conf":"derived","floors":1,"f2f":3.0,"floor_note":"utility structure","roof":"sloped","pitch":18,"roof_note":"light metal roof","wall":"metal_sheet_industrial","height_m":4.0,"name_conf":"derived","entrance_lat":31.781088,"entrance_lng":76.999214,"entrance_dist_m":203.2,"entrance_conf":"derived"},"geometry":{"type":"Polygon","coordinates":[[[76.999214,31.781088],[76.999273,31.781102],[76.999262,31.781137],[76.999203,31.781123],[76.999214,31.781088]]]}},{"type":"Feature","id":"ovt-ddfbaefbf35c","properties":{"id":"ovt-ddfbaefbf35c","name":"North Campus building 29","named":false,"area_m2":436.9,"cat":"residential","scope":"campus","src":"Overture Maps 2026-08-19.0 (ML footprints, ODbL/CDLA)","conf":"derived","dist_core_m":155.3,"zone":"north","cat_conf":"derived","floors":4,"f2f":3.2,"floor_note":"faculty/staff apartment blocks 4-storey (C-1 faculty block)","roof":"flat","pitch":0,"roof_note":"flat RCC + parapet","wall":"plaster_paint_cream","height_m":13.8,"name_conf":"derived","entrance_lat":31.780742,"entrance_lng":76.998885,"entrance_dist_m":14.4,"entrance_conf":"derived"},"geometry":{"type":"Polygon","coordinates":[[[76.998885,31.780742],[76.999396,31.780829],[76.999377,31.780907],[76.998866,31.780821],[76.998885,31.780742]]]}},{"type":"Feature","id":"ovt-cb16947481ac","properties":{"id":"ovt-cb16947481ac","name":"North Campus building 97","named":false,"area_m2":101.4,"cat":"utility","scope":"campus","src":"Overture Maps 2026-08-19.0 (ML footprints, ODbL/CDLA)","conf":"derived","dist_core_m":368.9,"zone":"north","cat_conf":"derived","floors":1,"f2f":3.0,"floor_note":"utility structure","roof":"sloped","pitch":18,"roof_note":"light metal roof","wall":"metal_sheet_industrial","height_m":4.0,"name_conf":"derived","entrance_lat":31.78109,"entrance_lng":77.000211,"entrance_dist_m":97.3,"entrance_conf":"derived"},"geometry":{"type":"Polygon","coordinates":[[[77.000057,31.781029],[77.00021,31.781026],[77.000211,31.78109],[77.000059,31.781092],[77.000057,31.781029]]]}},{"type":"Feature","id":"ovt-92ea3225ff15","properties":{"id":"ovt-92ea3225ff15","name":"North Campus building 52","named":false,"area_m2":242.8,"cat":"residential","scope":"campus","src":"Overture Maps 2026-08-19.0 (ML footprints, ODbL/CDLA)","conf":"derived","dist_core_m":273.0,"zone":"north","cat_conf":"derived","floors":4,"f2f":3.2,"floor_note":"faculty/staff apartment blocks 4-storey (C-1 faculty block)","roof":"flat","pitch":0,"roof_note":"flat RCC + parapet","wall":"plaster_paint_cream","height_m":13.8,"name_conf":"derived","entrance_lat":31.780784,"entrance_lng":77.000409,"entrance_dist_m":21.5,"entrance_conf":"derived"},"geometry":{"type":"Polygon","coordinates":[[[77.000409,31.780784],[77.000418,31.780905],[77.000227,31.780915],[77.000218,31.780794],[77.000409,31.780784]]]}},{"type":"Feature","id":"ovt-edfcb2eb780c","properties":{"id":"ovt-edfcb2eb780c","name":"Unnamed building","named":false,"area_m2":10.5,"cat":"unknown","scope":"context","src":"Overture Maps 2026-08-19.0 (ML footprints, ODbL/CDLA)","conf":"approximate","dist_core_m":525.3,"zone":"context","cat_conf":"derived","floor_note":"no source data; derived default","floors":2,"f2f":3.5,"roof":"flat","pitch":0,"roof_note":"unverified","wall":"plaster_paint_white","height_m":8.0},"geometry":{"type":"Polygon","coordinates":[[[77.000218,31.780873],[77.000218,31.780892],[77.000165,31.780892],[77.000165,31.780873],[77.000218,31.780873]]]}},{"type":"Feature","id":"ovt-a2c845636942","properties":{"id":"ovt-a2c845636942","name":"North Campus building 203","named":false,"area_m2":12.3,"cat":"utility","scope":"campus","src":"Overture Maps 2026-08-19.0 (ML footprints, ODbL/CDLA)","conf":"derived","dist_core_m":223.1,"zone":"north","cat_conf":"derived","floors":1,"f2f":3.0,"floor_note":"utility structure","roof":"sloped","pitch":18,"roof_note":"light metal roof","wall":"metal_sheet_industrial","height_m":4.0,"name_conf":"derived","entrance_lat":31.780841,"entrance_lng":77.000158,"entrance_dist_m":344.5,"entrance_conf":"derived"},"geometry":{"type":"Polygon","coordinates":[[[77.000158,31.780841],[77.00021,31.780836],[77.000212,31.780859],[77.00016,31.780863],[77.000158,31.780841]]]}},{"type":"Feature","id":"ovt-6f3d355078d6","properties":{"id":"ovt-6f3d355078d6","name":"Unnamed building","named":false,"area_m2":14.5,"cat":"unknown","scope":"context","src":"Overture Maps 2026-08-19.0 (ML footprints, ODbL/CDLA)","conf":"approximate","dist_core_m":659.8,"zone":"context","cat_conf":"derived","floor_note":"no source data; derived default","floors":2,"f2f":3.5,"roof":"flat","pitch":0,"roof_note":"unverified","wall":"plaster_paint_white","height_m":8.0},"geometry":{"type":"Polygon","coordinates":[[[77.000589,31.780802],[77.00063,31.780811],[77.00062,31.780843],[77.000579,31.780833],[77.000589,31.780802]]]}},{"type":"Feature","id":"ovt-40914b2f8c5a","properties":{"id":"ovt-40914b2f8c5a","name":"North Campus building 72","named":false,"area_m2":193.5,"cat":"utility","scope":"campus","src":"Overture Maps 2026-08-19.0 (ML footprints, ODbL/CDLA)","conf":"derived","dist_core_m":211.4,"zone":"north","cat_conf":"derived","floors":1,"f2f":3.0,"floor_note":"utility structure","roof":"sloped","pitch":18,"roof_note":"light metal roof","wall":"metal_sheet_industrial","height_m":4.0,"name_conf":"derived","entrance_lat":31.780864,"entrance_lng":76.999657,"entrance_dist_m":12.3,"entrance_conf":"derived"},"geometry":{"type":"Polygon","coordinates":[[[76.999657,31.780864],[76.999897,31.78087],[76.999895,31.780947],[76.999655,31.780941],[76.999657,31.780864]]]}},{"type":"Feature","id":"ovt-9e60665e88ae","properties":{"id":"ovt-9e60665e88ae","name":"North Campus building 40","named":false,"area_m2":310.6,"cat":"residential","scope":"campus","src":"Overture Maps 2026-08-19.0 (ML footprints, ODbL/CDLA)","conf":"derived","dist_core_m":231.9,"zone":"north","cat_conf":"derived","floors":4,"f2f":3.2,"floor_note":"faculty/staff apartment blocks 4-storey (C-1 faculty block)","roof":"flat","pitch":0,"roof_note":"flat RCC + parapet","wall":"plaster_paint_cream","height_m":13.8,"name_conf":"derived","entrance_lat":31.780951,"entrance_lng":76.999663,"entrance_dist_m":25.5,"entrance_conf":"derived"},"geometry":{"type":"Polygon","coordinates":[[[76.999663,31.780951],[76.999899,31.78096],[76.999892,31.781086],[76.999656,31.781076],[76.999663,31.780951]]]}},{"type":"Feature","id":"ovt-8dcc1200b1d6","properties":{"id":"ovt-8dcc1200b1d6","name":"North Campus building 137","named":false,"area_m2":49.2,"cat":"utility","scope":"campus","src":"Overture Maps 2026-08-19.0 (ML footprints, ODbL/CDLA)","conf":"derived","dist_core_m":302.3,"zone":"north","cat_conf":"derived","floors":1,"f2f":3.0,"floor_note":"utility structure","roof":"sloped","pitch":18,"roof_note":"light metal roof","wall":"metal_sheet_industrial","height_m":4.0,"name_conf":"derived","entrance_lat":31.780961,"entrance_lng":76.999962,"entrance_dist_m":70.4,"entrance_conf":"derived"},"geometry":{"type":"Polygon","coordinates":[[[76.999903,31.78096],[76.999962,31.780961],[76.999961,31.78104],[76.999901,31.781039],[76.999903,31.78096]]]}},{"type":"Feature","id":"ovt-381c1707822f","properties":{"id":"ovt-381c1707822f","name":"North Campus building 68","named":false,"area_m2":203.3,"cat":"utility","scope":"campus","src":"Overture Maps 2026-08-19.0 (ML footprints, ODbL/CDLA)","conf":"derived","dist_core_m":185.5,"zone":"north","cat_conf":"derived","floors":1,"f2f":3.0,"floor_note":"utility structure","roof":"sloped","pitch":18,"roof_note":"light metal roof","wall":"metal_sheet_industrial","height_m":4.0,"name_conf":"derived","entrance_lat":31.781226,"entrance_lng":76.999531,"entrance_dist_m":33.2,"entrance_conf":"derived"},"geometry":{"type":"Polygon","coordinates":[[[76.999233,31.781199],[76.999241,31.781135],[76.999539,31.781161],[76.999531,31.781226],[76.999233,31.781199]]]}},{"type":"Feature","id":"ovt-cd5f6ed0e7da","properties":{"id":"ovt-cd5f6ed0e7da","name":"North Campus building 55","named":false,"area_m2":231.5,"cat":"residential","scope":"campus","src":"Overture Maps 2026-08-19.0 (ML footprints, ODbL/CDLA)","conf":"derived","dist_core_m":166.7,"zone":"north","cat_conf":"derived","floors":4,"f2f":3.2,"floor_note":"faculty/staff apartment blocks 4-storey (C-1 faculty block)","roof":"flat","pitch":0,"roof_note":"flat RCC + parapet","wall":"plaster_paint_cream","height_m":13.8,"name_conf":"derived","entrance_lat":31.781155,"entrance_lng":76.999574,"entrance_dist_m":64.3,"entrance_conf":"derived"},"geometry":{"type":"Polygon","coordinates":[[[76.999574,31.781155],[76.999865,31.781208],[76.999847,31.781281],[76.999555,31.781227],[76.999574,31.781155]]]}},{"type":"Feature","id":"ovt-cdbee03a47e2","properties":{"id":"ovt-cdbee03a47e2","name":"North Campus building 100","named":false,"area_m2":88.4,"cat":"utility","scope":"campus","src":"Overture Maps 2026-08-19.0 (ML footprints, ODbL/CDLA)","conf":"derived","dist_core_m":143.0,"zone":"north","cat_conf":"derived","floors":1,"f2f":3.0,"floor_note":"utility structure","roof":"sloped","pitch":18,"roof_note":"light metal roof","wall":"metal_sheet_industrial","height_m":4.0,"name_conf":"derived","entrance_lat":31.78132,"entrance_lng":76.999294,"entrance_dist_m":74.5,"entrance_conf":"derived"},"geometry":{"type":"Polygon","coordinates":[[[76.999323,31.781205],[76.999393,31.781217],[76.999364,31.781333],[76.999294,31.78132],[76.999323,31.781205]]]}},{"type":"Feature","id":"ovt-1152c672caa4","properties":{"id":"ovt-1152c672caa4","name":"Unnamed building","named":false,"area_m2":14.7,"cat":"unknown","scope":"context","src":"Overture Maps 2026-08-19.0 (ML footprints, ODbL/CDLA)","conf":"approximate","dist_core_m":462.6,"zone":"context","cat_conf":"derived","floor_note":"no source data; derived default","floors":2,"f2f":3.5,"roof":"flat","pitch":0,"roof_note":"unverified","wall":"plaster_paint_white","height_m":8.0},"geometry":{"type":"Polygon","coordinates":[[[76.999415,31.781299],[76.999459,31.781308],[76.99945,31.781338],[76.999406,31.781329],[76.999415,31.781299]]]}},{"type":"Feature","id":"ovt-f95332589c3d","properties":{"id":"ovt-f95332589c3d","name":"North Campus building 32","named":false,"area_m2":408.0,"cat":"residential","scope":"campus","src":"Overture Maps 2026-08-19.0 (ML footprints, ODbL/CDLA)","conf":"derived","dist_core_m":204.7,"zone":"north","cat_conf":"derived","floors":4,"f2f":3.2,"floor_note":"faculty/staff apartment blocks 4-storey (C-1 faculty block)","roof":"flat","pitch":0,"roof_note":"flat RCC + parapet","wall":"plaster_paint_cream","height_m":13.8,"name_conf":"derived","entrance_lat":31.78135,"entrance_lng":76.999458,"entrance_dist_m":18.7,"entrance_conf":"derived"},"geometry":{"type":"Polygon","coordinates":[[[76.999458,31.78135],[76.99948,31.781265],[76.999918,31.781345],[76.999896,31.78143],[76.999458,31.78135]]]}},{"type":"Feature","id":"ovt-40e3c883b4df","properties":{"id":"ovt-40e3c883b4df","name":"North Campus building 158","named":false,"area_m2":40.6,"cat":"utility","scope":"campus","src":"Overture Maps 2026-08-19.0 (ML footprints, ODbL/CDLA)","conf":"derived","dist_core_m":277.9,"zone":"north","cat_conf":"derived","floors":1,"f2f":3.0,"floor_note":"utility structure","roof":"sloped","pitch":18,"roof_note":"light metal roof","wall":"metal_sheet_industrial","height_m":4.0,"name_conf":"derived","entrance_lat":31.78145,"entrance_lng":77.000675,"entrance_dist_m":68.9,"entrance_conf":"derived"},"geometry":{"type":"Polygon","coordinates":[[[77.000716,31.78137],[77.000726,31.781446],[77.000675,31.78145],[77.000666,31.781374],[77.000716,31.78137]]]}},{"type":"Feature","id":"ovt-821996e96800","properties":{"id":"ovt-821996e96800","name":"North Campus building 143","named":false,"area_m2":46.9,"cat":"utility","scope":"campus","src":"Overture Maps 2026-08-19.0 (ML footprints, ODbL/CDLA)","conf":"derived","dist_core_m":312.2,"zone":"north","cat_conf":"derived","floors":1,"f2f":3.0,"floor_note":"utility structure","roof":"sloped","pitch":18,"roof_note":"light metal roof","wall":"metal_sheet_industrial","height_m":4.0,"name_conf":"derived","entrance_lat":31.781501,"entrance_lng":77.000426,"entrance_dist_m":49.9,"entrance_conf":"derived"},"geometry":{"type":"Polygon","coordinates":[[[77.000417,31.781444],[77.000477,31.781438],[77.000482,31.781467],[77.000519,31.781463],[77.000523,31.78149],[77.000426,31.781501],[77.000417,31.781444]]]}},{"type":"Feature","id":"ovt-922b1239cc6e","properties":{"id":"ovt-922b1239cc6e","name":"North Campus building 123","named":false,"area_m2":58.1,"cat":"utility","scope":"campus","src":"Overture Maps 2026-08-19.0 (ML footprints, ODbL/CDLA)","conf":"derived","dist_core_m":252.2,"zone":"north","cat_conf":"derived","floors":1,"f2f":3.0,"floor_note":"utility structure","roof":"sloped","pitch":18,"roof_note":"light metal roof","wall":"metal_sheet_industrial","height_m":4.0,"name_conf":"derived","entrance_lat":31.781437,"entrance_lng":77.000377,"entrance_dist_m":47.9,"entrance_conf":"derived"},"geometry":{"type":"Polygon","coordinates":[[[77.000378,31.781387],[77.000488,31.781388],[77.000487,31.781439],[77.000377,31.781437],[77.000378,31.781387]]]}},{"type":"Feature","id":"ovt-509ac5a4c902","properties":{"id":"ovt-509ac5a4c902","name":"North Campus building 09","named":false,"area_m2":770.4,"cat":"hostel","scope":"campus","src":"Overture Maps 2026-08-19.0 (ML footprints, ODbL/CDLA)","conf":"derived","dist_core_m":256.5,"zone":"north","cat_conf":"derived","floors":4,"f2f":3.2,"floor_note":"BEASKUND/Gaurikund blocks are 4-storey; South hostel blocks 4-5 storey","roof":"flat","pitch":0,"roof_note":"concrete slab + parapet, some with sloped CGI over terrace","wall":"plaster_paint_cream","height_m":13.8,"name_conf":"derived","entrance_lat":31.781472,"entrance_lng":77.000112,"entrance_dist_m":33.1,"entrance_conf":"derived"},"geometry":{"type":"Polygon","coordinates":[[[76.999901,31.781326],[76.999927,31.781305],[76.999966,31.781341],[77.000022,31.781296],[76.999998,31.781274],[77.000069,31.781216],[77.000094,31.781238],[77.000171,31.781175],[77.000323,31.781312],[77.00029,31.781339],[77.000347,31.78139],[77.000243,31.781474],[77.000112,31.781472],[77.000028,31.781396],[77.000002,31.781417],[76.999901,31.781326]]]}},{"type":"Feature","id":"ovt-13c5b64c6508","properties":{"id":"ovt-13c5b64c6508","name":"North Campus building 146","named":false,"area_m2":44.6,"cat":"utility","scope":"campus","src":"Overture Maps 2026-08-19.0 (ML footprints, ODbL/CDLA)","conf":"derived","dist_core_m":292.1,"zone":"north","cat_conf":"derived","floors":1,"f2f":3.0,"floor_note":"utility structure","roof":"sloped","pitch":18,"roof_note":"light metal roof","wall":"metal_sheet_industrial","height_m":4.0,"name_conf":"derived","entrance_lat":31.781603,"entrance_lng":77.000215,"entrance_dist_m":42.3,"entrance_conf":"derived"},"geometry":{"type":"Polygon","coordinates":[[[77.000139,31.781536],[77.000231,31.781561],[77.000215,31.781603],[77.000123,31.781578],[77.000139,31.781536]]]}},{"type":"Feature","id":"ovt-594a4b225df6","properties":{"id":"ovt-594a4b225df6","name":"North Campus building 94","named":false,"area_m2":109.9,"cat":"utility","scope":"campus","src":"Overture Maps 2026-08-19.0 (ML footprints, ODbL/CDLA)","conf":"derived","dist_core_m":254.0,"zone":"north","cat_conf":"derived","floors":1,"f2f":3.0,"floor_note":"utility structure","roof":"sloped","pitch":18,"roof_note":"light metal roof","wall":"metal_sheet_industrial","height_m":4.0,"name_conf":"derived","entrance_lat":31.781831,"entrance_lng":77.000218,"entrance_dist_m":17.7,"entrance_conf":"derived"},"geometry":{"type":"Polygon","coordinates":[[[77.000269,31.781777],[77.000387,31.781858],[77.000336,31.781912],[77.000218,31.781831],[77.000269,31.781777]]]}},{"type":"Feature","id":"ovt-ad9dc11fb5fe","properties":{"id":"ovt-ad9dc11fb5fe","name":"North Campus building 84","named":false,"area_m2":148.4,"cat":"utility","scope":"campus","src":"Overture Maps 2026-08-19.0 (ML footprints, ODbL/CDLA)","conf":"derived","dist_core_m":233.9,"zone":"north","cat_conf":"derived","floors":1,"f2f":3.0,"floor_note":"utility structure","roof":"sloped","pitch":18,"roof_note":"light metal roof","wall":"metal_sheet_industrial","height_m":4.0,"name_conf":"derived","entrance_lat":31.781743,"entrance_lng":76.999989,"entrance_dist_m":6.1,"entrance_conf":"derived"},"geometry":{"type":"Polygon","coordinates":[[[76.999989,31.781743],[77.000134,31.78181],[77.000085,31.781886],[76.999941,31.781818],[76.999989,31.781743]]]}},{"type":"Feature","id":"ovt-98b99432dc72","properties":{"id":"ovt-98b99432dc72","name":"North Campus building 83","named":false,"area_m2":151.4,"cat":"utility","scope":"campus","src":"Overture Maps 2026-08-19.0 (ML footprints, ODbL/CDLA)","conf":"derived","dist_core_m":207.8,"zone":"north","cat_conf":"derived","floors":1,"f2f":3.0,"floor_note":"utility structure","roof":"sloped","pitch":18,"roof_note":"light metal roof","wall":"metal_sheet_industrial","height_m":4.0,"name_conf":"derived","entrance_lat":31.781666,"entrance_lng":76.99979,"entrance_dist_m":35.1,"entrance_conf":"derived"},"geometry":{"type":"Polygon","coordinates":[[[76.99979,31.781666],[76.999941,31.781722],[76.9999,31.781803],[76.999749,31.781746],[76.99979,31.781666]]]}},{"type":"Feature","id":"ovt-a5539cfd59bc","properties":{"id":"ovt-a5539cfd59bc","name":"North Campus building 90","named":false,"area_m2":131.1,"cat":"utility","scope":"campus","src":"Overture Maps 2026-08-19.0 (ML footprints, ODbL/CDLA)","conf":"derived","dist_core_m":232.1,"zone":"north","cat_conf":"derived","floors":1,"f2f":3.0,"floor_note":"utility structure","roof":"sloped","pitch":18,"roof_note":"light metal roof","wall":"metal_sheet_industrial","height_m":4.0,"name_conf":"derived","entrance_lat":31.781691,"entrance_lng":76.999914,"entrance_dist_m":15.1,"entrance_conf":"derived"},"geometry":{"type":"Polygon","coordinates":[[[76.999806,31.781564],[76.999951,31.781619],[76.999914,31.781691],[76.999769,31.781637],[76.999806,31.781564]]]}},{"type":"Feature","id":"ovt-bda7c136b6cb","properties":{"id":"ovt-bda7c136b6cb","name":"North Campus building 78","named":false,"area_m2":166.2,"cat":"utility","scope":"campus","src":"Overture Maps 2026-08-19.0 (ML footprints, ODbL/CDLA)","conf":"derived","dist_core_m":180.7,"zone":"north","cat_conf":"derived","floors":1,"f2f":3.0,"floor_note":"utility structure","roof":"sloped","pitch":18,"roof_note":"light metal roof","wall":"metal_sheet_industrial","height_m":4.0,"name_conf":"derived","entrance_lat":31.781606,"entrance_lng":76.99954,"entrance_dist_m":12.3,"entrance_conf":"derived"},"geometry":{"type":"Polygon","coordinates":[[[76.99954,31.781606],[76.999717,31.781646],[76.99969,31.78173],[76.999514,31.78169],[76.99954,31.781606]]]}},{"type":"Feature","id":"ovt-9448550f57b2","properties":{"id":"ovt-9448550f57b2","name":"North Campus building 77","named":false,"area_m2":168.1,"cat":"utility","scope":"campus","src":"Overture Maps 2026-08-19.0 (ML footprints, ODbL/CDLA)","conf":"derived","dist_core_m":197.7,"zone":"north","cat_conf":"derived","floors":1,"f2f":3.0,"floor_note":"utility structure","roof":"sloped","pitch":18,"roof_note":"light metal roof","wall":"metal_sheet_industrial","height_m":4.0,"name_conf":"derived","entrance_lat":31.781594,"entrance_lng":76.999486,"entrance_dist_m":8.8,"entrance_conf":"derived"},"geometry":{"type":"Polygon","coordinates":[[[76.999322,31.781558],[76.999486,31.781594],[76.999461,31.781679],[76.999344,31.781653],[76.999336,31.781677],[76.999289,31.781667],[76.999322,31.781558]]]}},{"type":"Feature","id":"ovt-6dd55d520afe","properties":{"id":"ovt-6dd55d520afe","name":"North Campus building 128","named":false,"area_m2":54.3,"cat":"utility","scope":"campus","src":"Overture Maps 2026-08-19.0 (ML footprints, ODbL/CDLA)","conf":"derived","dist_core_m":135.5,"zone":"north","cat_conf":"derived","floors":1,"f2f":3.0,"floor_note":"utility structure","roof":"sloped","pitch":18,"roof_note":"light metal roof","wall":"metal_sheet_industrial","height_m":4.0,"name_conf":"derived","entrance_lat":31.781692,"entrance_lng":76.999499,"entrance_dist_m":54.7,"entrance_conf":"derived"},"geometry":{"type":"Polygon","coordinates":[[[76.999499,31.781692],[76.999556,31.781702],[76.999536,31.781789],[76.999478,31.781778],[76.999499,31.781692]]]}},{"type":"Feature","id":"ovt-11614c7d5cda","properties":{"id":"ovt-11614c7d5cda","name":"North Campus building 138","named":false,"area_m2":49.2,"cat":"utility","scope":"campus","src":"Overture Maps 2026-08-19.0 (ML footprints, ODbL/CDLA)","conf":"derived","dist_core_m":206.6,"zone":"north","cat_conf":"derived","floors":1,"f2f":3.0,"floor_note":"utility structure","roof":"sloped","pitch":18,"roof_note":"light metal roof","wall":"metal_sheet_industrial","height_m":4.0,"name_conf":"derived","entrance_lat":31.782083,"entrance_lng":76.999433,"entrance_dist_m":21.8,"entrance_conf":"derived"},"geometry":{"type":"Polygon","coordinates":[[[76.999468,31.782004],[76.99952,31.782021],[76.999485,31.7821],[76.999433,31.782083],[76.999468,31.782004]]]}},{"type":"Feature","id":"ovt-2c64ff37ace2","properties":{"id":"ovt-2c64ff37ace2","name":"North Campus building 121","named":false,"area_m2":60.0,"cat":"utility","scope":"campus","src":"Overture Maps 2026-08-19.0 (ML footprints, ODbL/CDLA)","conf":"derived","dist_core_m":104.4,"zone":"north","cat_conf":"derived","floors":1,"f2f":3.0,"floor_note":"utility structure","roof":"sloped","pitch":18,"roof_note":"light metal roof","wall":"metal_sheet_industrial","height_m":4.0,"name_conf":"derived","entrance_lat":31.782035,"entrance_lng":76.999514,"entrance_dist_m":92.9,"entrance_conf":"derived"},"geometry":{"type":"Polygon","coordinates":[[[76.999514,31.782035],[76.999548,31.782046],[76.999554,31.782032],[76.999608,31.782049],[76.99958,31.782112],[76.999492,31.782083],[76.999514,31.782035]]]}},{"type":"Feature","id":"ovt-59dc95c1550a","properties":{"id":"ovt-59dc95c1550a","name":"North Campus building 85","named":false,"area_m2":144.9,"cat":"utility","scope":"campus","src":"Overture Maps 2026-08-19.0 (ML footprints, ODbL/CDLA)","conf":"derived","dist_core_m":211.1,"zone":"north","cat_conf":"derived","floors":1,"f2f":3.0,"floor_note":"utility structure","roof":"sloped","pitch":18,"roof_note":"light metal roof","wall":"metal_sheet_industrial","height_m":4.0,"name_conf":"derived","entrance_lat":31.781858,"entrance_lng":76.999885,"entrance_dist_m":55.1,"entrance_conf":"derived"},"geometry":{"type":"Polygon","coordinates":[[[76.999974,31.781987],[76.99993,31.781977],[76.999916,31.782024],[76.999859,31.782011],[76.999877,31.781954],[76.999856,31.781949],[76.999885,31.781858],[76.999947,31.781872],[76.999937,31.781903],[76.999997,31.781917],[76.999974,31.781987]]]}},{"type":"Feature","id":"ovt-3b390748358a","properties":{"id":"ovt-3b390748358a","name":"North Campus building 81","named":false,"area_m2":160.8,"cat":"utility","scope":"campus","src":"Overture Maps 2026-08-19.0 (ML footprints, ODbL/CDLA)","conf":"derived","dist_core_m":219.6,"zone":"north","cat_conf":"derived","floors":1,"f2f":3.0,"floor_note":"utility structure","roof":"sloped","pitch":18,"roof_note":"light metal roof","wall":"metal_sheet_industrial","height_m":4.0,"name_conf":"derived","entrance_lat":31.782063,"entrance_lng":76.999954,"entrance_dist_m":34.5,"entrance_conf":"derived"},"geometry":{"type":"Polygon","coordinates":[[[76.99973,31.781995],[76.999954,31.782063],[76.999929,31.782124],[76.999705,31.782056],[76.99973,31.781995]]]}},{"type":"Feature","id":"ovt-fadfb46c6224","properties":{"id":"ovt-fadfb46c6224","name":"North Campus building 101","named":false,"area_m2":87.1,"cat":"utility","scope":"campus","src":"Overture Maps 2026-08-19.0 (ML footprints, ODbL/CDLA)","conf":"derived","dist_core_m":225.9,"zone":"north","cat_conf":"derived","floors":1,"f2f":3.0,"floor_note":"utility structure","roof":"sloped","pitch":18,"roof_note":"light metal roof","wall":"metal_sheet_industrial","height_m":4.0,"name_conf":"derived","entrance_lat":31.782144,"entrance_lng":76.999669,"entrance_dist_m":43.6,"entrance_conf":"derived"},"geometry":{"type":"Polygon","coordinates":[[[76.999696,31.782077],[76.999807,31.78211],[76.99978,31.782177],[76.999669,31.782144],[76.999696,31.782077]]]}},{"type":"Feature","id":"ovt-facb9628f56f","properties":{"id":"ovt-facb9628f56f","name":"North Campus building 136","named":false,"area_m2":49.7,"cat":"utility","scope":"campus","src":"Overture Maps 2026-08-19.0 (ML footprints, ODbL/CDLA)","conf":"derived","dist_core_m":377.2,"zone":"north","cat_conf":"derived","floors":1,"f2f":3.0,"floor_note":"utility structure","roof":"sloped","pitch":18,"roof_note":"light metal roof","wall":"metal_sheet_industrial","height_m":4.0,"name_conf":"derived","entrance_lat":31.782255,"entrance_lng":77.000037,"entrance_dist_m":171.8,"entrance_conf":"derived"},"geometry":{"type":"Polygon","coordinates":[[[77.000002,31.782169],[77.000065,31.782188],[77.000037,31.782255],[76.999974,31.782236],[77.000002,31.782169]]]}},{"type":"Feature","id":"ovt-20a2cd82a5e6","properties":{"id":"ovt-20a2cd82a5e6","name":"North Campus building 139","named":false,"area_m2":48.9,"cat":"utility","scope":"campus","src":"Overture Maps 2026-08-19.0 (ML footprints, ODbL/CDLA)","conf":"derived","dist_core_m":224.3,"zone":"north","cat_conf":"derived","floors":1,"f2f":3.0,"floor_note":"utility structure","roof":"sloped","pitch":18,"roof_note":"light metal roof","wall":"metal_sheet_industrial","height_m":4.0,"name_conf":"derived","entrance_lat":31.782166,"entrance_lng":76.999503,"entrance_dist_m":28.1,"entrance_conf":"derived"},"geometry":{"type":"Polygon","coordinates":[[[76.999528,31.782113],[76.999604,31.782139],[76.999579,31.782192],[76.999503,31.782166],[76.999528,31.782113]]]}},{"type":"Feature","id":"ovt-3a72e1903c41","properties":{"id":"ovt-3a72e1903c41","name":"North Campus building 133","named":false,"area_m2":52.0,"cat":"utility","scope":"campus","src":"Overture Maps 2026-08-19.0 (ML footprints, ODbL/CDLA)","conf":"derived","dist_core_m":198.0,"zone":"north","cat_conf":"derived","floors":1,"f2f":3.0,"floor_note":"utility structure","roof":"sloped","pitch":18,"roof_note":"light metal roof","wall":"metal_sheet_industrial","height_m":4.0,"name_conf":"derived","entrance_lat":31.78229,"entrance_lng":76.999347,"entrance_dist_m":22.1,"entrance_conf":"derived"},"geometry":{"type":"Polygon","coordinates":[[[76.999347,31.78229],[76.999401,31.782305],[76.999369,31.782389],[76.999316,31.782374],[76.999347,31.78229]]]}},{"type":"Feature","id":"ovt-34554f91ebd3","properties":{"id":"ovt-34554f91ebd3","name":"North Campus building 18","named":false,"area_m2":596.7,"cat":"residential","scope":"campus","src":"Overture Maps 2026-08-19.0 (ML footprints, ODbL/CDLA)","conf":"derived","dist_core_m":236.1,"zone":"north","cat_conf":"derived","floors":4,"f2f":3.2,"floor_note":"faculty/staff apartment blocks 4-storey (C-1 faculty block)","roof":"flat","pitch":0,"roof_note":"flat RCC + parapet","wall":"plaster_paint_cream","height_m":13.8,"name_conf":"derived","entrance_lat":31.782268,"entrance_lng":76.999533,"entrance_dist_m":34.3,"entrance_conf":"derived"},"geometry":{"type":"Polygon","coordinates":[[[76.999852,31.782511],[76.99948,31.782406],[76.999533,31.782268],[76.999906,31.782373],[76.999852,31.782511]]]}},{"type":"Feature","id":"ovt-e55188255529","properties":{"id":"ovt-e55188255529","name":"North Campus building 152","named":false,"area_m2":42.0,"cat":"utility","scope":"campus","src":"Overture Maps 2026-08-19.0 (ML footprints, ODbL/CDLA)","conf":"derived","dist_core_m":137.8,"zone":"north","cat_conf":"derived","floors":1,"f2f":3.0,"floor_note":"utility structure","roof":"sloped","pitch":18,"roof_note":"light metal roof","wall":"metal_sheet_industrial","height_m":4.0,"name_conf":"derived","entrance_lat":31.782409,"entrance_lng":76.999942,"entrance_dist_m":122.3,"entrance_conf":"derived"},"geometry":{"type":"Polygon","coordinates":[[[77.0,31.782421],[76.999983,31.782486],[76.999924,31.782474],[76.999942,31.782409],[77.0,31.782421]]]}},{"type":"Feature","id":"ovt-838903456c72","properties":{"id":"ovt-838903456c72","name":"North Campus building 24","named":false,"area_m2":488.2,"cat":"residential","scope":"campus","src":"Overture Maps 2026-08-19.0 (ML footprints, ODbL/CDLA)","conf":"derived","dist_core_m":317.0,"zone":"north","cat_conf":"derived","floors":4,"f2f":3.2,"floor_note":"faculty/staff apartment blocks 4-storey (C-1 faculty block)","roof":"flat","pitch":0,"roof_note":"flat RCC + parapet","wall":"plaster_paint_cream","height_m":13.8,"name_conf":"derived","entrance_lat":31.782275,"entrance_lng":77.000326,"entrance_dist_m":36.9,"entrance_conf":"derived"},"geometry":{"type":"Polygon","coordinates":[[[77.000326,31.782275],[77.000571,31.782284],[77.000561,31.782474],[77.000317,31.782466],[77.000326,31.782275]]]}},{"type":"Feature","id":"ovt-9d9f5ed4508a","properties":{"id":"ovt-9d9f5ed4508a","name":"North Campus building 104","named":false,"area_m2":81.3,"cat":"utility","scope":"campus","src":"Overture Maps 2026-08-19.0 (ML footprints, ODbL/CDLA)","conf":"derived","dist_core_m":340.6,"zone":"north","cat_conf":"derived","floors":1,"f2f":3.0,"floor_note":"utility structure","roof":"sloped","pitch":18,"roof_note":"light metal roof","wall":"metal_sheet_industrial","height_m":4.0,"name_conf":"derived","entrance_lat":31.782441,"entrance_lng":77.000314,"entrance_dist_m":55.4,"entrance_conf":"derived"},"geometry":{"type":"Polygon","coordinates":[[[77.000204,31.78243],[77.000314,31.782441],[77.000304,31.782511],[77.000195,31.7825],[77.000204,31.78243]]]}},{"type":"Feature","id":"ovt-db700021c02c","properties":{"id":"ovt-db700021c02c","name":"North Campus building 48","named":false,"area_m2":268.1,"cat":"residential","scope":"campus","src":"Overture Maps 2026-08-19.0 (ML footprints, ODbL/CDLA)","conf":"derived","dist_core_m":315.0,"zone":"north","cat_conf":"derived","floors":4,"f2f":3.2,"floor_note":"faculty/staff apartment blocks 4-storey (C-1 faculty block)","roof":"flat","pitch":0,"roof_note":"flat RCC + parapet","wall":"plaster_paint_cream","height_m":13.8,"name_conf":"derived","entrance_lat":31.782621,"entrance_lng":77.000349,"entrance_dist_m":75.0,"entrance_conf":"derived"},"geometry":{"type":"Polygon","coordinates":[[[77.000349,31.782621],[77.00059,31.782624],[77.00059,31.782664],[77.000632,31.782665],[77.000631,31.782721],[77.000347,31.782717],[77.000349,31.782621]]]}},{"type":"Feature","id":"ovt-01fd0bc2e48b","properties":{"id":"ovt-01fd0bc2e48b","name":"North Campus building 194","named":false,"area_m2":17.6,"cat":"utility","scope":"campus","src":"Overture Maps 2026-08-19.0 (ML footprints, ODbL/CDLA)","conf":"derived","dist_core_m":196.2,"zone":"north","cat_conf":"derived","floors":1,"f2f":3.0,"floor_note":"utility structure","roof":"sloped","pitch":18,"roof_note":"light metal roof","wall":"metal_sheet_industrial","height_m":4.0,"name_conf":"derived","entrance_lat":31.782647,"entrance_lng":77.00075,"entrance_dist_m":538.8,"entrance_conf":"derived"},"geometry":{"type":"Polygon","coordinates":[[[77.000749,31.782684],[77.00075,31.782647],[77.000796,31.782648],[77.000795,31.782684],[77.000749,31.782684]]]}},{"type":"Feature","id":"ovt-400f7d1a8b2a","properties":{"id":"ovt-400f7d1a8b2a","name":"North Campus building 107","named":false,"area_m2":75.8,"cat":"utility","scope":"campus","src":"Overture Maps 2026-08-19.0 (ML footprints, ODbL/CDLA)","conf":"derived","dist_core_m":270.0,"zone":"north","cat_conf":"derived","floors":1,"f2f":3.0,"floor_note":"utility structure","roof":"sloped","pitch":18,"roof_note":"light metal roof","wall":"metal_sheet_industrial","height_m":4.0,"name_conf":"derived","entrance_lat":31.782617,"entrance_lng":77.000804,"entrance_dist_m":83.7,"entrance_conf":"derived"},"geometry":{"type":"Polygon","coordinates":[[[77.000901,31.78262],[77.000897,31.782695],[77.000801,31.782692],[77.000804,31.782617],[77.000901,31.78262]]]}},{"type":"Feature","id":"ovt-a0d2b9492875","properties":{"id":"ovt-a0d2b9492875","name":"North Campus building 39","named":false,"area_m2":320.9,"cat":"residential","scope":"campus","src":"Overture Maps 2026-08-19.0 (ML footprints, ODbL/CDLA)","conf":"derived","dist_core_m":357.1,"zone":"north","cat_conf":"derived","floors":4,"f2f":3.2,"floor_note":"faculty/staff apartment blocks 4-storey (C-1 faculty block)","roof":"flat","pitch":0,"roof_note":"flat RCC + parapet","wall":"plaster_paint_cream","height_m":13.8,"name_conf":"derived","entrance_lat":31.782325,"entrance_lng":77.000679,"entrance_dist_m":49.5,"entrance_conf":"derived"},"geometry":{"type":"Polygon","coordinates":[[[77.000832,31.782554],[77.0006,31.782528],[77.000608,31.782476],[77.000654,31.782481],[77.000679,31.782325],[77.00078,31.782336],[77.00076,31.782466],[77.000844,31.782476],[77.000832,31.782554]]]}},{"type":"Feature","id":"ovt-c2e25b0fd10e","properties":{"id":"ovt-c2e25b0fd10e","name":"North Campus building 103","named":false,"area_m2":84.6,"cat":"utility","scope":"campus","src":"Overture Maps 2026-08-19.0 (ML footprints, ODbL/CDLA)","conf":"derived","dist_core_m":213.6,"zone":"north","cat_conf":"derived","floors":1,"f2f":3.0,"floor_note":"utility structure","roof":"sloped","pitch":18,"roof_note":"light metal roof","wall":"metal_sheet_industrial","height_m":4.0,"name_conf":"derived","entrance_lat":31.782272,"entrance_lng":77.000095,"entrance_dist_m":85.3,"entrance_conf":"derived"},"geometry":{"type":"Polygon","coordinates":[[[77.000122,31.782205],[77.00023,31.782237],[77.000202,31.782304],[77.000095,31.782272],[77.000122,31.782205]]]}},{"type":"Feature","id":"ovt-b1770862eee1","properties":{"id":"ovt-b1770862eee1","name":"North Campus building 80","named":false,"area_m2":163.3,"cat":"utility","scope":"campus","src":"Overture Maps 2026-08-19.0 (ML footprints, ODbL/CDLA)","conf":"derived","dist_core_m":255.5,"zone":"north","cat_conf":"derived","floors":1,"f2f":3.0,"floor_note":"utility structure","roof":"sloped","pitch":18,"roof_note":"light metal roof","wall":"metal_sheet_industrial","height_m":4.0,"name_conf":"derived","entrance_lat":31.782087,"entrance_lng":77.000035,"entrance_dist_m":36.0,"entrance_conf":"derived"},"geometry":{"type":"Polygon","coordinates":[[[77.000035,31.782087],[77.000263,31.782155],[77.000238,31.782216],[77.00001,31.782148],[77.000035,31.782087]]]}},{"type":"Feature","id":"ovt-16df71a3c9c8","properties":{"id":"ovt-16df71a3c9c8","name":"North Campus building 87","named":false,"area_m2":137.8,"cat":"utility","scope":"campus","src":"Overture Maps 2026-08-19.0 (ML footprints, ODbL/CDLA)","conf":"derived","dist_core_m":309.4,"zone":"north","cat_conf":"derived","floors":1,"f2f":3.0,"floor_note":"utility structure","roof":"sloped","pitch":18,"roof_note":"light metal roof","wall":"metal_sheet_industrial","height_m":4.0,"name_conf":"derived","entrance_lat":31.781984,"entrance_lng":77.000388,"entrance_dist_m":4.0,"entrance_conf":"derived"},"geometry":{"type":"Polygon","coordinates":[[[77.000388,31.781984],[77.000491,31.782084],[77.000417,31.78214],[77.000314,31.78204],[77.000388,31.781984]]]}},{"type":"Feature","id":"ovt-82a4026ae2d9","properties":{"id":"ovt-82a4026ae2d9","name":"Unnamed building","named":false,"area_m2":47.7,"cat":"unknown","scope":"context","src":"Overture Maps 2026-08-19.0 (ML footprints, ODbL/CDLA)","conf":"approximate","dist_core_m":440.3,"zone":"context","cat_conf":"derived","floor_note":"no source data; derived default","floors":2,"f2f":3.5,"roof":"flat","pitch":0,"roof_note":"unverified","wall":"plaster_paint_white","height_m":8.0},"geometry":{"type":"Polygon","coordinates":[[[77.000194,31.78202],[77.000156,31.781977],[77.000224,31.781934],[77.000262,31.781977],[77.000194,31.78202]]]}},{"type":"Feature","id":"ovt-66ef25ce8866","properties":{"id":"ovt-66ef25ce8866","name":"North Campus building 178","named":false,"area_m2":28.5,"cat":"utility","scope":"campus","src":"Overture Maps 2026-08-19.0 (ML footprints, ODbL/CDLA)","conf":"derived","dist_core_m":208.7,"zone":"north","cat_conf":"derived","floors":1,"f2f":3.0,"floor_note":"utility structure","roof":"sloped","pitch":18,"roof_note":"light metal roof","wall":"metal_sheet_industrial","height_m":4.0,"name_conf":"derived","entrance_lat":31.78198,"entrance_lng":77.000288,"entrance_dist_m":93.6,"entrance_conf":"derived"},"geometry":{"type":"Polygon","coordinates":[[[77.000368,31.78197],[77.000324,31.78201],[77.000288,31.78198],[77.000332,31.781941],[77.000368,31.78197]]]}},{"type":"Feature","id":"ovt-470287aaa90e","properties":{"id":"ovt-470287aaa90e","name":"North Campus building 159","named":false,"area_m2":39.6,"cat":"utility","scope":"campus","src":"Overture Maps 2026-08-19.0 (ML footprints, ODbL/CDLA)","conf":"derived","dist_core_m":353.9,"zone":"north","cat_conf":"derived","floors":1,"f2f":3.0,"floor_note":"utility structure","roof":"sloped","pitch":18,"roof_note":"light metal roof","wall":"metal_sheet_industrial","height_m":4.0,"name_conf":"derived","entrance_lat":31.782202,"entrance_lng":77.001014,"entrance_dist_m":64.7,"entrance_conf":"derived"},"geometry":{"type":"Polygon","coordinates":[[[77.001096,31.782205],[77.001093,31.782251],[77.001011,31.782248],[77.001014,31.782202],[77.001096,31.782205]]]}},{"type":"Feature","id":"ovt-7502272d9e83","properties":{"id":"ovt-7502272d9e83","name":"North Campus building 199","named":false,"area_m2":13.3,"cat":"utility","scope":"campus","src":"Overture Maps 2026-08-19.0 (ML footprints, ODbL/CDLA)","conf":"derived","dist_core_m":220.2,"zone":"north","cat_conf":"derived","floors":1,"f2f":3.0,"floor_note":"utility structure","roof":"sloped","pitch":18,"roof_note":"light metal roof","wall":"metal_sheet_industrial","height_m":4.0,"name_conf":"derived","entrance_lat":31.782678,"entrance_lng":77.000918,"entrance_dist_m":172.8,"entrance_conf":"derived"},"geometry":{"type":"Polygon","coordinates":[[[77.000918,31.782678],[77.000964,31.782681],[77.000961,31.782709],[77.000915,31.782705],[77.000918,31.782678]]]}},{"type":"Feature","id":"ovt-d731c055b5ca","properties":{"id":"ovt-d731c055b5ca","name":"North Campus building 195","named":false,"area_m2":16.9,"cat":"utility","scope":"campus","src":"Overture Maps 2026-08-19.0 (ML footprints, ODbL/CDLA)","conf":"derived","dist_core_m":381.5,"zone":"north","cat_conf":"derived","floors":1,"f2f":3.0,"floor_note":"utility structure","roof":"sloped","pitch":18,"roof_note":"light metal roof","wall":"metal_sheet_industrial","height_m":4.0,"name_conf":"derived","entrance_lat":31.782656,"entrance_lng":77.001013,"entrance_dist_m":101.9,"entrance_conf":"derived"},"geometry":{"type":"Polygon","coordinates":[[[77.001012,31.782626],[77.001065,31.782624],[77.001066,31.782655],[77.001013,31.782656],[77.001012,31.782626]]]}},{"type":"Feature","id":"ovt-7277d0ed9584","properties":{"id":"ovt-7277d0ed9584","name":"North Campus building 207","named":false,"area_m2":11.4,"cat":"utility","scope":"campus","src":"Overture Maps 2026-08-19.0 (ML footprints, ODbL/CDLA)","conf":"derived","dist_core_m":389.3,"zone":"north","cat_conf":"derived","floors":1,"f2f":3.0,"floor_note":"utility structure","roof":"sloped","pitch":18,"roof_note":"light metal roof","wall":"metal_sheet_industrial","height_m":4.0,"name_conf":"derived","entrance_lat":31.782592,"entrance_lng":77.000969,"entrance_dist_m":727.2,"entrance_conf":"derived"},"geometry":{"type":"Polygon","coordinates":[[[77.000969,31.782592],[77.001001,31.782594],[77.000999,31.782628],[77.000967,31.782626],[77.000969,31.782592]]]}},{"type":"Feature","id":"ovt-24a86f18e887","properties":{"id":"ovt-24a86f18e887","name":"North Campus building 176","named":false,"area_m2":29.1,"cat":"utility","scope":"campus","src":"Overture Maps 2026-08-19.0 (ML footprints, ODbL/CDLA)","conf":"derived","dist_core_m":187.4,"zone":"north","cat_conf":"derived","floors":1,"f2f":3.0,"floor_note":"utility structure","roof":"sloped","pitch":18,"roof_note":"light metal roof","wall":"metal_sheet_industrial","height_m":4.0,"name_conf":"derived","entrance_lat":31.782554,"entrance_lng":77.001562,"entrance_dist_m":229.8,"entrance_conf":"derived"},"geometry":{"type":"Polygon","coordinates":[[[77.001643,31.782545],[77.001601,31.782584],[77.001562,31.782554],[77.001604,31.782515],[77.001643,31.782545]]]}},{"type":"Feature","id":"ovt-fd83a4171c12","properties":{"id":"ovt-fd83a4171c12","name":"Unnamed building","named":false,"area_m2":639.4,"cat":"unknown","scope":"context","src":"Overture Maps 2026-08-19.0 (ML footprints, ODbL/CDLA)","conf":"approximate","dist_core_m":691.7,"zone":"context","cat_conf":"derived","floor_note":"no source data; derived default","floors":2,"f2f":3.5,"roof":"flat","pitch":0,"roof_note":"unverified","wall":"plaster_paint_white","height_m":8.0},"geometry":{"type":"Polygon","coordinates":[[[77.004752,31.781007],[77.004963,31.781101],[77.004824,31.781328],[77.004614,31.781235],[77.004653,31.781169],[77.00463,31.781159],[77.004634,31.781151],[77.004658,31.781162],[77.004752,31.781007]]]}},{"type":"Feature","id":"ovt-392bdf2bffba","properties":{"id":"ovt-392bdf2bffba","name":"Unnamed building","named":false,"area_m2":74.0,"cat":"unknown","scope":"context","src":"Overture Maps 2026-08-19.0 (ML footprints, ODbL/CDLA)","conf":"approximate","dist_core_m":565.1,"zone":"context","cat_conf":"derived","floor_note":"no source data; derived default","floors":2,"f2f":3.5,"roof":"flat","pitch":0,"roof_note":"unverified","wall":"plaster_paint_white","height_m":8.0},"geometry":{"type":"Polygon","coordinates":[[[77.003771,31.780482],[77.003963,31.7805],[77.003958,31.780536],[77.003859,31.780527],[77.003766,31.780519],[77.003771,31.780482]]]}},{"type":"Feature","id":"ovt-7584ce080548","properties":{"id":"ovt-7584ce080548","name":"Unnamed building","named":false,"area_m2":67.2,"cat":"unknown","scope":"context","src":"Overture Maps 2026-08-19.0 (ML footprints, ODbL/CDLA)","conf":"approximate","dist_core_m":657.8,"zone":"context","cat_conf":"derived","floor_note":"no source data; derived default","floors":2,"f2f":3.5,"roof":"flat","pitch":0,"roof_note":"unverified","wall":"plaster_paint_white","height_m":8.0},"geometry":{"type":"Polygon","coordinates":[[[77.004098,31.780528],[77.004122,31.780529],[77.004262,31.780574],[77.00426,31.780607],[77.004218,31.780605],[77.00414,31.780569],[77.004096,31.780567],[77.004098,31.780528]]]}},{"type":"Feature","id":"ovt-f236ba9a0224","properties":{"id":"ovt-f236ba9a0224","name":"Unnamed building","named":false,"area_m2":47.6,"cat":"unknown","scope":"context","src":"Overture Maps 2026-08-19.0 (ML footprints, ODbL/CDLA)","conf":"approximate","dist_core_m":510.1,"zone":"context","cat_conf":"derived","floor_note":"no source data; derived default","floors":2,"f2f":3.5,"roof":"flat","pitch":0,"roof_note":"unverified","wall":"plaster_paint_white","height_m":8.0},"geometry":{"type":"Polygon","coordinates":[[[77.003404,31.780783],[77.003493,31.780787],[77.00349,31.780838],[77.003401,31.780834],[77.003404,31.780783]]]}},{"type":"Feature","id":"ovt-a08697e51a49","properties":{"id":"ovt-a08697e51a49","name":"Unnamed building","named":false,"area_m2":27.0,"cat":"unknown","scope":"context","src":"Overture Maps 2026-08-19.0 (ML footprints, ODbL/CDLA)","conf":"approximate","dist_core_m":518.3,"zone":"context","cat_conf":"derived","floor_note":"no source data; derived default","floors":2,"f2f":3.5,"roof":"flat","pitch":0,"roof_note":"unverified","wall":"plaster_paint_white","height_m":8.0},"geometry":{"type":"Polygon","coordinates":[[[77.003,31.78074],[77.003062,31.78075],[77.003052,31.78079],[77.00299,31.78078],[77.003,31.78074]]]}},{"type":"Feature","id":"ovt-4841963d6663","properties":{"id":"ovt-4841963d6663","name":"Unnamed building","named":false,"area_m2":33.2,"cat":"unknown","scope":"context","src":"Overture Maps 2026-08-19.0 (ML footprints, ODbL/CDLA)","conf":"approximate","dist_core_m":428.8,"zone":"context","cat_conf":"derived","floor_note":"no source data; derived default","floors":2,"f2f":3.5,"roof":"flat","pitch":0,"roof_note":"unverified","wall":"plaster_paint_white","height_m":8.0},"geometry":{"type":"Polygon","coordinates":[[[77.002984,31.78068],[77.002971,31.780714],[77.00296,31.780742],[77.002914,31.780729],[77.002938,31.780667],[77.002984,31.78068]]]}},{"type":"Feature","id":"ovt-987ae869bc5f","properties":{"id":"ovt-987ae869bc5f","name":"Unnamed building","named":false,"area_m2":97.5,"cat":"unknown","scope":"context","src":"Overture Maps 2026-08-19.0 (ML footprints, ODbL/CDLA)","conf":"approximate","dist_core_m":420.9,"zone":"context","cat_conf":"derived","floor_note":"no source data; derived default","floors":2,"f2f":3.5,"roof":"flat","pitch":0,"roof_note":"unverified","wall":"plaster_paint_white","height_m":8.0},"geometry":{"type":"Polygon","coordinates":[[[77.002646,31.780412],[77.002668,31.780482],[77.002543,31.78051],[77.002522,31.78044],[77.002646,31.780412]]]}},{"type":"Feature","id":"ovt-4697d35e8944","properties":{"id":"ovt-4697d35e8944","name":"Unnamed building","named":false,"area_m2":65.8,"cat":"unknown","scope":"context","src":"Overture Maps 2026-08-19.0 (ML footprints, ODbL/CDLA)","conf":"approximate","dist_core_m":444.5,"zone":"context","cat_conf":"derived","floor_note":"no source data; derived default","floors":2,"f2f":3.5,"roof":"flat","pitch":0,"roof_note":"unverified","wall":"plaster_paint_white","height_m":8.0},"geometry":{"type":"Polygon","coordinates":[[[77.002522,31.78044],[77.002543,31.78051],[77.00246,31.780529],[77.002438,31.780458],[77.002522,31.78044]]]}},{"type":"Feature","id":"ovt-19a39bdbd352","properties":{"id":"ovt-19a39bdbd352","name":"Unnamed building","named":false,"area_m2":24.4,"cat":"unknown","scope":"context","src":"Overture Maps 2026-08-19.0 (ML footprints, ODbL/CDLA)","conf":"approximate","dist_core_m":530.3,"zone":"context","cat_conf":"derived","floor_note":"no source data; derived default","floors":2,"f2f":3.5,"roof":"flat","pitch":0,"roof_note":"unverified","wall":"plaster_paint_white","height_m":8.0},"geometry":{"type":"Polygon","coordinates":[[[77.00341,31.78042],[77.00342,31.780452],[77.003352,31.780468],[77.003342,31.780436],[77.00341,31.78042]]]}},{"type":"Feature","id":"ovt-e4329db02ead","properties":{"id":"ovt-e4329db02ead","name":"North Campus building 198","named":false,"area_m2":13.7,"cat":"utility","scope":"campus","src":"Overture Maps 2026-08-19.0 (ML footprints, ODbL/CDLA)","conf":"derived","dist_core_m":390.7,"zone":"north","cat_conf":"derived","floors":1,"f2f":3.0,"floor_note":"utility structure","roof":"sloped","pitch":18,"roof_note":"light metal roof","wall":"metal_sheet_industrial","height_m":4.0,"name_conf":"derived","entrance_lat":31.780434,"entrance_lng":77.003456,"entrance_dist_m":191.1,"entrance_conf":"derived"},"geometry":{"type":"Polygon","coordinates":[[[77.003456,31.780434],[77.003492,31.780429],[77.003499,31.780464],[77.003462,31.780469],[77.003456,31.780434]]]}},{"type":"Feature","id":"ovt-e9a8e6e158b6","properties":{"id":"ovt-e9a8e6e158b6","name":"Unnamed building","named":false,"area_m2":28.3,"cat":"unknown","scope":"context","src":"Overture Maps 2026-08-19.0 (ML footprints, ODbL/CDLA)","conf":"approximate","dist_core_m":708.2,"zone":"context","cat_conf":"derived","floor_note":"no source data; derived default","floors":2,"f2f":3.5,"roof":"flat","pitch":0,"roof_note":"unverified","wall":"plaster_paint_white","height_m":8.0},"geometry":{"type":"Polygon","coordinates":[[[77.003397,31.780648],[77.003435,31.780649],[77.003433,31.78072],[77.003395,31.780719],[77.003397,31.780648]]]}},{"type":"Feature","id":"ovt-54a0faed3a39","properties":{"id":"ovt-54a0faed3a39","name":"Unnamed building","named":false,"area_m2":21.1,"cat":"unknown","scope":"context","src":"Overture Maps 2026-08-19.0 (ML footprints, ODbL/CDLA)","conf":"approximate","dist_core_m":710.3,"zone":"context","cat_conf":"derived","floor_note":"no source data; derived default","floors":2,"f2f":3.5,"roof":"flat","pitch":0,"roof_note":"unverified","wall":"plaster_paint_white","height_m":8.0},"geometry":{"type":"Polygon","coordinates":[[[77.003702,31.780606],[77.00366,31.780634],[77.003633,31.780604],[77.003675,31.780576],[77.003702,31.780606]]]}},{"type":"Feature","id":"ovt-2eec43e7791f","properties":{"id":"ovt-2eec43e7791f","name":"Unnamed building","named":false,"area_m2":67.9,"cat":"unknown","scope":"context","src":"Overture Maps 2026-08-19.0 (ML footprints, ODbL/CDLA)","conf":"approximate","dist_core_m":531.1,"zone":"context","cat_conf":"derived","floor_note":"no source data; derived default","floors":2,"f2f":3.5,"roof":"flat","pitch":0,"roof_note":"unverified","wall":"plaster_paint_white","height_m":8.0},"geometry":{"type":"Polygon","coordinates":[[[77.003643,31.780475],[77.003654,31.78052],[77.003516,31.780545],[77.003505,31.7805],[77.003643,31.780475]]]}},{"type":"Feature","id":"ovt-f6803c68666d","properties":{"id":"ovt-f6803c68666d","name":"Unnamed building","named":false,"area_m2":24.9,"cat":"unknown","scope":"context","src":"Overture Maps 2026-08-19.0 (ML footprints, ODbL/CDLA)","conf":"approximate","dist_core_m":872.9,"zone":"context","cat_conf":"derived","floor_note":"no source data; derived default","floors":2,"f2f":3.5,"roof":"flat","pitch":0,"roof_note":"unverified","wall":"plaster_paint_white","height_m":8.0},"geometry":{"type":"Polygon","coordinates":[[[77.005839,31.78103],[77.005802,31.781005],[77.005838,31.780966],[77.005876,31.780991],[77.005839,31.78103]]]}},{"type":"Feature","id":"ovt-b10dbe5dd5fc","properties":{"id":"ovt-b10dbe5dd5fc","name":"Unnamed building","named":false,"area_m2":22.5,"cat":"unknown","scope":"context","src":"Overture Maps 2026-08-19.0 (ML footprints, ODbL/CDLA)","conf":"approximate","dist_core_m":1007.3,"zone":"context","cat_conf":"derived","floor_note":"no source data; derived default","floors":2,"f2f":3.5,"roof":"flat","pitch":0,"roof_note":"unverified","wall":"plaster_paint_white","height_m":8.0},"geometry":{"type":"Polygon","coordinates":[[[77.005969,31.781018],[77.005981,31.781053],[77.005925,31.781067],[77.005913,31.781031],[77.005969,31.781018]]]}},{"type":"Feature","id":"ovt-09e02ddc25e5","properties":{"id":"ovt-09e02ddc25e5","name":"Unnamed building","named":false,"area_m2":45.0,"cat":"unknown","scope":"context","src":"Overture Maps 2026-08-19.0 (ML footprints, ODbL/CDLA)","conf":"approximate","dist_core_m":611.3,"zone":"context","cat_conf":"derived","floor_note":"no source data; derived default","floors":2,"f2f":3.5,"roof":"flat","pitch":0,"roof_note":"unverified","wall":"plaster_paint_white","height_m":8.0},"geometry":{"type":"Polygon","coordinates":[[[77.005601,31.781433],[77.005612,31.781474],[77.005512,31.781492],[77.005501,31.781451],[77.005601,31.781433]]]}},{"type":"Feature","id":"ovt-b44cdf4af075","properties":{"id":"ovt-b44cdf4af075","name":"Unnamed building","named":false,"area_m2":25.5,"cat":"unknown","scope":"context","src":"Overture Maps 2026-08-19.0 (ML footprints, ODbL/CDLA)","conf":"approximate","dist_core_m":790.1,"zone":"context","cat_conf":"derived","floor_note":"no source data; derived default","floors":2,"f2f":3.5,"roof":"flat","pitch":0,"roof_note":"unverified","wall":"plaster_paint_white","height_m":8.0},"geometry":{"type":"Polygon","coordinates":[[[77.005715,31.785812],[77.005767,31.785789],[77.005798,31.785843],[77.005772,31.785854],[77.005754,31.785822],[77.005727,31.785833],[77.005715,31.785812]]]}},{"type":"Feature","id":"ovt-4be15b0a5246","properties":{"id":"ovt-4be15b0a5246","name":"Unnamed building","named":false,"area_m2":156.9,"cat":"unknown","scope":"context","src":"Overture Maps 2026-08-19.0 (ML footprints, ODbL/CDLA)","conf":"approximate","dist_core_m":685.0,"zone":"context","cat_conf":"derived","floor_note":"no source data; derived default","floors":2,"f2f":3.5,"roof":"flat","pitch":0,"roof_note":"unverified","wall":"plaster_paint_white","height_m":8.0},"geometry":{"type":"Polygon","coordinates":[[[77.004123,31.783633],[77.004035,31.783755],[77.003946,31.783708],[77.004034,31.783586],[77.004123,31.783633]]]}},{"type":"Feature","id":"ovt-2e89e44c9b1b","properties":{"id":"ovt-2e89e44c9b1b","name":"Unnamed building","named":false,"area_m2":34.6,"cat":"unknown","scope":"context","src":"Overture Maps 2026-08-19.0 (ML footprints, ODbL/CDLA)","conf":"approximate","dist_core_m":675.2,"zone":"context","cat_conf":"derived","floor_note":"no source data; derived default","floors":2,"f2f":3.5,"roof":"flat","pitch":0,"roof_note":"unverified","wall":"plaster_paint_white","height_m":8.0},"geometry":{"type":"Polygon","coordinates":[[[77.003948,31.783285],[77.003912,31.783245],[77.003964,31.783211],[77.004,31.783251],[77.003948,31.783285]]]}},{"type":"Feature","id":"ovt-5c5e1e693388","properties":{"id":"ovt-5c5e1e693388","name":"Unnamed building","named":false,"area_m2":167.5,"cat":"unknown","scope":"context","src":"Overture Maps 2026-08-19.0 (ML footprints, ODbL/CDLA)","conf":"approximate","dist_core_m":593.8,"zone":"context","cat_conf":"derived","floor_note":"no source data; derived default","floors":2,"f2f":3.5,"roof":"flat","pitch":0,"roof_note":"unverified","wall":"plaster_paint_white","height_m":8.0},"geometry":{"type":"Polygon","coordinates":[[[77.004173,31.783065],[77.004271,31.783195],[77.004184,31.783243],[77.004086,31.783112],[77.004173,31.783065]]]}},{"type":"Feature","id":"ovt-34d70f732784","properties":{"id":"ovt-34d70f732784","name":"Unnamed building","named":false,"area_m2":480.5,"cat":"unknown","scope":"context","src":"Overture Maps 2026-08-19.0 (ML footprints, ODbL/CDLA)","conf":"approximate","dist_core_m":619.7,"zone":"context","cat_conf":"derived","floor_note":"no source data; derived default","floors":2,"f2f":3.5,"roof":"flat","pitch":0,"roof_note":"unverified","wall":"plaster_paint_white","height_m":8.0},"geometry":{"type":"Polygon","coordinates":[[[77.003406,31.783313],[77.003406,31.783281],[77.003571,31.783234],[77.003611,31.783234],[77.003611,31.783215],[77.00368,31.783196],[77.003806,31.783197],[77.003805,31.783254],[77.003764,31.783254],[77.003763,31.783289],[77.003798,31.783289],[77.003797,31.783316],[77.003717,31.783315],[77.003439,31.783395],[77.003406,31.783313]]]}},{"type":"Feature","id":"ovt-37ef3ab456ed","properties":{"id":"ovt-37ef3ab456ed","name":"Unnamed building","named":false,"area_m2":26.5,"cat":"unknown","scope":"context","src":"Overture Maps 2026-08-19.0 (ML footprints, ODbL/CDLA)","conf":"approximate","dist_core_m":620.1,"zone":"context","cat_conf":"derived","floor_note":"no source data; derived default","floors":2,"f2f":3.5,"roof":"flat","pitch":0,"roof_note":"unverified","wall":"plaster_paint_white","height_m":8.0},"geometry":{"type":"Polygon","coordinates":[[[77.00344,31.783436],[77.003451,31.783466],[77.003373,31.783486],[77.003363,31.783456],[77.00344,31.783436]]]}},{"type":"Feature","id":"ovt-1d8e9a7edd72","properties":{"id":"ovt-1d8e9a7edd72","name":"Unnamed building","named":false,"area_m2":1146.0,"cat":"unknown","scope":"context","src":"Overture Maps 2026-08-19.0 (ML footprints, ODbL/CDLA)","conf":"approximate","dist_core_m":548.6,"zone":"context","cat_conf":"derived","floor_note":"no source data; derived default","floors":2,"f2f":3.5,"roof":"flat","pitch":0,"roof_note":"unverified","wall":"plaster_paint_white","height_m":8.0},"geometry":{"type":"Polygon","coordinates":[[[77.002865,31.783324],[77.002832,31.783394],[77.002732,31.783395],[77.00253,31.783326],[77.002527,31.783206],[77.002571,31.783114],[77.00257,31.78309],[77.002562,31.78309],[77.002562,31.783061],[77.002607,31.78306],[77.002629,31.783014],[77.002756,31.783012],[77.002758,31.783061],[77.002858,31.783095],[77.002859,31.783152],[77.002902,31.783167],[77.002904,31.783249],[77.002865,31.78333],[77.002865,31.783324]]]}},{"type":"Feature","id":"ovt-b232c19a24ec","properties":{"id":"ovt-b232c19a24ec","name":"Unnamed building","named":false,"area_m2":23.4,"cat":"unknown","scope":"context","src":"Overture Maps 2026-08-19.0 (ML footprints, ODbL/CDLA)","conf":"approximate","dist_core_m":450.4,"zone":"context","cat_conf":"derived","floor_note":"no source data; derived default","floors":2,"f2f":3.5,"roof":"flat","pitch":0,"roof_note":"unverified","wall":"plaster_paint_white","height_m":8.0},"geometry":{"type":"Polygon","coordinates":[[[77.002516,31.783745],[77.002549,31.78374],[77.002561,31.783805],[77.002527,31.78381],[77.002516,31.783745]]]}},{"type":"Feature","id":"ovt-7b7e4f66696d","properties":{"id":"ovt-7b7e4f66696d","name":"Unnamed building","named":false,"area_m2":240.2,"cat":"unknown","scope":"context","src":"Overture Maps 2026-08-19.0 (ML footprints, ODbL/CDLA)","conf":"approximate","dist_core_m":555.4,"zone":"context","cat_conf":"derived","floor_note":"no source data; derived default","floors":2,"f2f":3.5,"roof":"flat","pitch":0,"roof_note":"unverified","wall":"plaster_paint_white","height_m":8.0},"geometry":{"type":"Polygon","coordinates":[[[77.002449,31.783624],[77.002498,31.783852],[77.002357,31.783874],[77.002336,31.783773],[77.002413,31.783761],[77.002386,31.783634],[77.002449,31.783624]]]}},{"type":"Feature","id":"ovt-ba927b513114","properties":{"id":"ovt-ba927b513114","name":"Unnamed building","named":false,"area_m2":218.8,"cat":"unknown","scope":"context","src":"Overture Maps 2026-08-19.0 (ML footprints, ODbL/CDLA)","conf":"approximate","dist_core_m":524.4,"zone":"context","cat_conf":"derived","floor_note":"no source data; derived default","floors":2,"f2f":3.5,"roof":"flat","pitch":0,"roof_note":"unverified","wall":"plaster_paint_white","height_m":8.0},"geometry":{"type":"Polygon","coordinates":[[[77.002544,31.783598],[77.002599,31.78359],[77.002625,31.783716],[77.002701,31.783704],[77.002722,31.783806],[77.00259,31.783825],[77.002544,31.783598]]]}},{"type":"Feature","id":"ovt-905d9a449572","properties":{"id":"ovt-905d9a449572","name":"Unnamed building","named":false,"area_m2":397.0,"cat":"unknown","scope":"context","src":"Overture Maps 2026-08-19.0 (ML footprints, ODbL/CDLA)","conf":"approximate","dist_core_m":590.5,"zone":"context","cat_conf":"derived","floor_note":"no source data; derived default","floors":2,"f2f":3.5,"roof":"flat","pitch":0,"roof_note":"unverified","wall":"plaster_paint_white","height_m":8.0},"geometry":{"type":"Polygon","coordinates":[[[77.003144,31.783426],[77.003279,31.783709],[77.003164,31.783749],[77.003029,31.783466],[77.003144,31.783426]]]}},{"type":"Feature","id":"ovt-76788e6a82be","properties":{"id":"ovt-76788e6a82be","name":"Unnamed building","named":false,"area_m2":733.8,"cat":"unknown","scope":"context","src":"Overture Maps 2026-08-19.0 (ML footprints, ODbL/CDLA)","conf":"approximate","dist_core_m":647.3,"zone":"context","cat_conf":"derived","floor_note":"no source data; derived default","floors":2,"f2f":3.5,"roof":"flat","pitch":0,"roof_note":"unverified","wall":"plaster_paint_white","height_m":8.0},"geometry":{"type":"Polygon","coordinates":[[[77.003327,31.783685],[77.003315,31.783577],[77.003525,31.783506],[77.003549,31.783504],[77.003568,31.783521],[77.003564,31.783489],[77.00366,31.783456],[77.003881,31.783292],[77.003884,31.783291],[77.00397,31.783374],[77.003902,31.783424],[77.003861,31.783428],[77.003821,31.783388],[77.003784,31.783415],[77.003785,31.783419],[77.003803,31.783457],[77.003807,31.783495],[77.003722,31.783558],[77.003634,31.783588],[77.003615,31.78359],[77.003595,31.783548],[77.003573,31.78355],[77.003498,31.783605],[77.003502,31.783642],[77.00336,31.78369],[77.003331,31.783693],[77.003327,31.783685]]]}},{"type":"Feature","id":"ovt-203e4c492d19","properties":{"id":"ovt-203e4c492d19","name":"Unnamed building","named":false,"area_m2":25.6,"cat":"unknown","scope":"context","src":"Overture Maps 2026-08-19.0 (ML footprints, ODbL/CDLA)","conf":"approximate","dist_core_m":1166.1,"zone":"context","cat_conf":"derived","floor_note":"no source data; derived default","floors":2,"f2f":3.5,"roof":"flat","pitch":0,"roof_note":"unverified","wall":"plaster_paint_white","height_m":8.0},"geometry":{"type":"Polygon","coordinates":[[[77.003243,31.783729],[77.003255,31.783761],[77.003185,31.78378],[77.003174,31.783748],[77.003243,31.783729]]]}},{"type":"Feature","id":"ovt-d3e8410c43da","properties":{"id":"ovt-d3e8410c43da","name":"Unnamed building","named":false,"area_m2":43.3,"cat":"unknown","scope":"context","src":"Overture Maps 2026-08-19.0 (ML footprints, ODbL/CDLA)","conf":"approximate","dist_core_m":749.6,"zone":"context","cat_conf":"derived","floor_note":"no source data; derived default","floors":2,"f2f":3.5,"roof":"flat","pitch":0,"roof_note":"unverified","wall":"plaster_paint_white","height_m":8.0},"geometry":{"type":"Polygon","coordinates":[[[77.003348,31.783759],[77.003266,31.783788],[77.003245,31.783745],[77.003327,31.783716],[77.003348,31.783759]]]}},{"type":"Feature","id":"ovt-5d371d609c19","properties":{"id":"ovt-5d371d609c19","name":"Unnamed building","named":false,"area_m2":181.1,"cat":"unknown","scope":"context","src":"Overture Maps 2026-08-19.0 (ML footprints, ODbL/CDLA)","conf":"approximate","dist_core_m":564.8,"zone":"context","cat_conf":"derived","floor_note":"no source data; derived default","floors":2,"f2f":3.5,"roof":"flat","pitch":0,"roof_note":"unverified","wall":"plaster_paint_white","height_m":8.0},"geometry":{"type":"Polygon","coordinates":[[[77.002657,31.784225],[77.002675,31.784316],[77.002568,31.784331],[77.002545,31.784211],[77.00279,31.784176],[77.002796,31.784205],[77.002657,31.784225]]]}},{"type":"Feature","id":"ovt-cd45fe06ccdd","properties":{"id":"ovt-cd45fe06ccdd","name":"Unnamed building","named":false,"area_m2":31.1,"cat":"unknown","scope":"context","src":"Overture Maps 2026-08-19.0 (ML footprints, ODbL/CDLA)","conf":"approximate","dist_core_m":553.0,"zone":"context","cat_conf":"derived","floor_note":"no source data; derived default","floors":2,"f2f":3.5,"roof":"flat","pitch":0,"roof_note":"unverified","wall":"plaster_paint_white","height_m":8.0},"geometry":{"type":"Polygon","coordinates":[[[77.002309,31.784102],[77.002366,31.784157],[77.002336,31.78418],[77.002279,31.784126],[77.002309,31.784102]]]}},{"type":"Feature","id":"ovt-68f1282e005f","properties":{"id":"ovt-68f1282e005f","name":"Unnamed building","named":false,"area_m2":313.6,"cat":"unknown","scope":"context","src":"Overture Maps 2026-08-19.0 (ML footprints, ODbL/CDLA)","conf":"approximate","dist_core_m":511.9,"zone":"context","cat_conf":"derived","floor_note":"no source data; derived default","floors":2,"f2f":3.5,"roof":"flat","pitch":0,"roof_note":"unverified","wall":"plaster_paint_white","height_m":8.0},"geometry":{"type":"Polygon","coordinates":[[[77.002063,31.783782],[77.002183,31.783971],[77.002091,31.784014],[77.002056,31.783958],[77.002012,31.783978],[77.001928,31.783845],[77.002063,31.783782]]]}},{"type":"Feature","id":"ovt-ebac82a0814f","properties":{"id":"ovt-ebac82a0814f","name":"Unnamed building","named":false,"area_m2":269.9,"cat":"unknown","scope":"context","src":"Overture Maps 2026-08-19.0 (ML footprints, ODbL/CDLA)","conf":"approximate","dist_core_m":531.4,"zone":"context","cat_conf":"derived","floor_note":"no source data; derived default","floors":2,"f2f":3.5,"roof":"flat","pitch":0,"roof_note":"unverified","wall":"plaster_paint_white","height_m":8.0},"geometry":{"type":"Polygon","coordinates":[[[77.002223,31.783707],[77.002298,31.783826],[77.002248,31.783849],[77.002293,31.78392],[77.002219,31.783954],[77.002099,31.783765],[77.002223,31.783707]]]}},{"type":"Feature","id":"ovt-29dfa2c4af13","properties":{"id":"ovt-29dfa2c4af13","name":"Unnamed building","named":false,"area_m2":782.5,"cat":"unknown","scope":"context","src":"Overture Maps 2026-08-19.0 (ML footprints, ODbL/CDLA)","conf":"approximate","dist_core_m":497.0,"zone":"context","cat_conf":"derived","floor_note":"no source data; derived default","floors":2,"f2f":3.5,"roof":"flat","pitch":0,"roof_note":"unverified","wall":"plaster_paint_white","height_m":8.0},"geometry":{"type":"Polygon","coordinates":[[[77.002204,31.783361],[77.002302,31.783511],[77.001921,31.783691],[77.001823,31.783541],[77.002204,31.783361]]]}},{"type":"Feature","id":"ovt-ce035d7ac0e2","properties":{"id":"ovt-ce035d7ac0e2","name":"Unnamed building","named":false,"area_m2":87.7,"cat":"unknown","scope":"context","src":"Overture Maps 2026-08-19.0 (ML footprints, ODbL/CDLA)","conf":"approximate","dist_core_m":465.1,"zone":"context","cat_conf":"derived","floor_note":"no source data; derived default","floors":2,"f2f":3.5,"roof":"flat","pitch":0,"roof_note":"unverified","wall":"plaster_paint_white","height_m":8.0},"geometry":{"type":"Polygon","coordinates":[[[77.001601,31.783263],[77.001666,31.783358],[77.001601,31.783391],[77.001535,31.783296],[77.001601,31.783263]]]}},{"type":"Feature","id":"ovt-3ee1cb0f2e62","properties":{"id":"ovt-3ee1cb0f2e62","name":"North Campus building 168","named":false,"area_m2":34.8,"cat":"utility","scope":"campus","src":"Overture Maps 2026-08-19.0 (ML footprints, ODbL/CDLA)","conf":"derived","dist_core_m":324.3,"zone":"north","cat_conf":"derived","floors":1,"f2f":3.0,"floor_note":"utility structure","roof":"sloped","pitch":18,"roof_note":"light metal roof","wall":"metal_sheet_industrial","height_m":4.0,"name_conf":"derived","entrance_lat":31.783124,"entrance_lng":77.001744,"entrance_dist_m":182.5,"entrance_conf":"derived"},"geometry":{"type":"Polygon","coordinates":[[[77.001744,31.783124],[77.001807,31.783168],[77.001777,31.783199],[77.001713,31.783156],[77.001744,31.783124]]]}},{"type":"Feature","id":"ovt-0f56560911c5","properties":{"id":"ovt-0f56560911c5","name":"North Campus building 172","named":false,"area_m2":30.9,"cat":"utility","scope":"campus","src":"Overture Maps 2026-08-19.0 (ML footprints, ODbL/CDLA)","conf":"derived","dist_core_m":252.0,"zone":"north","cat_conf":"derived","floors":1,"f2f":3.0,"floor_note":"utility structure","roof":"sloped","pitch":18,"roof_note":"light metal roof","wall":"metal_sheet_industrial","height_m":4.0,"name_conf":"derived","entrance_lat":31.782719,"entrance_lng":77.000991,"entrance_dist_m":138.8,"entrance_conf":"derived"},"geometry":{"type":"Polygon","coordinates":[[[77.001063,31.782718],[77.001064,31.782759],[77.000992,31.78276],[77.000991,31.782719],[77.001063,31.782718]]]}},{"type":"Feature","id":"ovt-71397c93aee4","properties":{"id":"ovt-71397c93aee4","name":"Unnamed building","named":false,"area_m2":18.8,"cat":"unknown","scope":"context","src":"Overture Maps 2026-08-19.0 (ML footprints, ODbL/CDLA)","conf":"approximate","dist_core_m":474.1,"zone":"context","cat_conf":"derived","floor_note":"no source data; derived default","floors":2,"f2f":3.5,"roof":"flat","pitch":0,"roof_note":"unverified","wall":"plaster_paint_white","height_m":8.0},"geometry":{"type":"Polygon","coordinates":[[[77.001434,31.783433],[77.001448,31.783466],[77.0014,31.783481],[77.001386,31.783448],[77.001434,31.783433]]]}},{"type":"Feature","id":"ovt-0114c978aeda","properties":{"id":"ovt-0114c978aeda","name":"North Campus building 98","named":false,"area_m2":92.6,"cat":"utility","scope":"campus","src":"Overture Maps 2026-08-19.0 (ML footprints, ODbL/CDLA)","conf":"derived","dist_core_m":418.0,"zone":"north","cat_conf":"derived","floors":1,"f2f":3.0,"floor_note":"utility structure","roof":"sloped","pitch":18,"roof_note":"light metal roof","wall":"metal_sheet_industrial","height_m":4.0,"name_conf":"derived","entrance_lat":31.782758,"entrance_lng":77.000744,"entrance_dist_m":127.8,"entrance_conf":"derived"},"geometry":{"type":"Polygon","coordinates":[[[77.000661,31.782654],[77.000748,31.782657],[77.000744,31.782758],[77.000656,31.782755],[77.000661,31.782654]]]}},{"type":"Feature","id":"ovt-4ba28a4be39b","properties":{"id":"ovt-4ba28a4be39b","name":"North Campus building 124","named":false,"area_m2":58.1,"cat":"utility","scope":"campus","src":"Overture Maps 2026-08-19.0 (ML footprints, ODbL/CDLA)","conf":"derived","dist_core_m":330.8,"zone":"north","cat_conf":"derived","floors":1,"f2f":3.0,"floor_note":"utility structure","roof":"sloped","pitch":18,"roof_note":"light metal roof","wall":"metal_sheet_industrial","height_m":4.0,"name_conf":"derived","entrance_lat":31.782811,"entrance_lng":77.000376,"entrance_dist_m":92.2,"entrance_conf":"derived"},"geometry":{"type":"Polygon","coordinates":[[[77.000248,31.782765],[77.000377,31.782768],[77.000376,31.782811],[77.000247,31.782808],[77.000248,31.782765]]]}},{"type":"Feature","id":"ovt-0c000b96b280","properties":{"id":"ovt-0c000b96b280","name":"North Campus building 14","named":false,"area_m2":629.2,"cat":"residential","scope":"campus","src":"Overture Maps 2026-08-19.0 (ML footprints, ODbL/CDLA)","conf":"derived","dist_core_m":283.9,"zone":"north","cat_conf":"derived","floors":4,"f2f":3.2,"floor_note":"faculty/staff apartment blocks 4-storey (C-1 faculty block)","roof":"flat","pitch":0,"roof_note":"flat RCC + parapet","wall":"plaster_paint_cream","height_m":13.8,"name_conf":"derived","entrance_lat":31.782623,"entrance_lng":77.000131,"entrance_dist_m":79.2,"entrance_conf":"derived"},"geometry":{"type":"Polygon","coordinates":[[[76.999751,31.782771],[76.999747,31.782629],[77.000131,31.782623],[77.000133,31.782721],[77.000181,31.78272],[77.000184,31.782834],[77.00013,31.782835],[77.000129,31.782764],[76.999751,31.782771]]]}},{"type":"Feature","id":"ovt-a1bd88cd5d6c","properties":{"id":"ovt-a1bd88cd5d6c","name":"North Campus building 171","named":false,"area_m2":33.3,"cat":"utility","scope":"campus","src":"Overture Maps 2026-08-19.0 (ML footprints, ODbL/CDLA)","conf":"derived","dist_core_m":279.4,"zone":"north","cat_conf":"derived","floors":1,"f2f":3.0,"floor_note":"utility structure","roof":"sloped","pitch":18,"roof_note":"light metal roof","wall":"metal_sheet_industrial","height_m":4.0,"name_conf":"derived","entrance_lat":31.783468,"entrance_lng":76.999646,"entrance_dist_m":63.4,"entrance_conf":"derived"},"geometry":{"type":"Polygon","coordinates":[[[76.999689,31.783516],[76.999646,31.783468],[76.999689,31.783441],[76.999731,31.783488],[76.999689,31.783516]]]}},{"type":"Feature","id":"ovt-c374aef51f7c","properties":{"id":"ovt-c374aef51f7c","name":"North Campus building 86","named":false,"area_m2":143.5,"cat":"utility","scope":"campus","src":"Overture Maps 2026-08-19.0 (ML footprints, ODbL/CDLA)","conf":"derived","dist_core_m":314.1,"zone":"north","cat_conf":"derived","floors":1,"f2f":3.0,"floor_note":"utility structure","roof":"sloped","pitch":18,"roof_note":"light metal roof","wall":"metal_sheet_industrial","height_m":4.0,"name_conf":"derived","entrance_lat":31.783514,"entrance_lng":76.999586,"entrance_dist_m":28.1,"entrance_conf":"derived"},"geometry":{"type":"Polygon","coordinates":[[[76.999552,31.78341],[76.999586,31.783514],[76.999509,31.783532],[76.99946,31.783379],[76.999558,31.783356],[76.999573,31.783405],[76.999552,31.78341]]]}},{"type":"Feature","id":"ovt-b43cb028b753","properties":{"id":"ovt-b43cb028b753","name":"Unnamed building","named":false,"area_m2":54.5,"cat":"unknown","scope":"context","src":"Overture Maps 2026-08-19.0 (ML footprints, ODbL/CDLA)","conf":"approximate","dist_core_m":497.0,"zone":"context","cat_conf":"derived","floor_note":"no source data; derived default","floors":2,"f2f":3.5,"roof":"flat","pitch":0,"roof_note":"unverified","wall":"plaster_paint_white","height_m":8.0},"geometry":{"type":"Polygon","coordinates":[[[76.999789,31.783651],[76.999799,31.783714],[76.999719,31.783724],[76.999708,31.78366],[76.999789,31.783651]]]}},{"type":"Feature","id":"ovt-ba208a2e1603","properties":{"id":"ovt-ba208a2e1603","name":"Unnamed building","named":false,"area_m2":10.7,"cat":"unknown","scope":"context","src":"Overture Maps 2026-08-19.0 (ML footprints, ODbL/CDLA)","conf":"approximate","dist_core_m":692.1,"zone":"context","cat_conf":"derived","floor_note":"no source data; derived default","floors":2,"f2f":3.5,"roof":"flat","pitch":0,"roof_note":"unverified","wall":"plaster_paint_white","height_m":8.0},"geometry":{"type":"Polygon","coordinates":[[[76.999882,31.783589],[76.999911,31.783591],[76.999909,31.783625],[76.999879,31.783624],[76.999882,31.783589]]]}},{"type":"Feature","id":"ovt-692a68a9fa97","properties":{"id":"ovt-692a68a9fa97","name":"Unnamed building","named":false,"area_m2":41.6,"cat":"unknown","scope":"context","src":"Overture Maps 2026-08-19.0 (ML footprints, ODbL/CDLA)","conf":"approximate","dist_core_m":585.5,"zone":"context","cat_conf":"derived","floor_note":"no source data; derived default","floors":2,"f2f":3.5,"roof":"flat","pitch":0,"roof_note":"unverified","wall":"plaster_paint_white","height_m":8.0},"geometry":{"type":"Polygon","coordinates":[[[77.000328,31.783625],[77.000326,31.783554],[77.000382,31.783553],[77.000384,31.783624],[77.000328,31.783625]]]}},{"type":"Feature","id":"ovt-5abe0049a1ac","properties":{"id":"ovt-5abe0049a1ac","name":"Unnamed building","named":false,"area_m2":39.6,"cat":"unknown","scope":"context","src":"Overture Maps 2026-08-19.0 (ML footprints, ODbL/CDLA)","conf":"approximate","dist_core_m":537.1,"zone":"context","cat_conf":"derived","floor_note":"no source data; derived default","floors":2,"f2f":3.5,"roof":"flat","pitch":0,"roof_note":"unverified","wall":"plaster_paint_white","height_m":8.0},"geometry":{"type":"Polygon","coordinates":[[[77.000451,31.783561],[77.000471,31.78362],[77.000412,31.783635],[77.000392,31.783576],[77.000451,31.783561]]]}},{"type":"Feature","id":"ovt-665a30e9e26e","properties":{"id":"ovt-665a30e9e26e","name":"Unnamed building","named":false,"area_m2":50.2,"cat":"unknown","scope":"context","src":"Overture Maps 2026-08-19.0 (ML footprints, ODbL/CDLA)","conf":"approximate","dist_core_m":431.0,"zone":"context","cat_conf":"derived","floor_note":"no source data; derived default","floors":2,"f2f":3.5,"roof":"flat","pitch":0,"roof_note":"unverified","wall":"plaster_paint_white","height_m":8.0},"geometry":{"type":"Polygon","coordinates":[[[77.000604,31.783716],[77.000689,31.78371],[77.000693,31.783767],[77.000609,31.783772],[77.000604,31.783716]]]}},{"type":"Feature","id":"ovt-0b65caec609e","properties":{"id":"ovt-0b65caec609e","name":"Unnamed building","named":false,"area_m2":208.0,"cat":"unknown","scope":"context","src":"Overture Maps 2026-08-19.0 (ML footprints, ODbL/CDLA)","conf":"approximate","dist_core_m":433.8,"zone":"context","cat_conf":"derived","floor_note":"no source data; derived default","floors":2,"f2f":3.5,"roof":"flat","pitch":0,"roof_note":"unverified","wall":"plaster_paint_white","height_m":8.0},"geometry":{"type":"Polygon","coordinates":[[[77.000521,31.783816],[77.000534,31.783931],[77.000362,31.783945],[77.000349,31.783831],[77.000521,31.783816]]]}},{"type":"Feature","id":"ovt-bb48a40da49d","properties":{"id":"ovt-bb48a40da49d","name":"Unnamed building","named":false,"area_m2":32.0,"cat":"unknown","scope":"context","src":"Overture Maps 2026-08-19.0 (ML footprints, ODbL/CDLA)","conf":"approximate","dist_core_m":493.7,"zone":"context","cat_conf":"derived","floor_note":"no source data; derived default","floors":2,"f2f":3.5,"roof":"flat","pitch":0,"roof_note":"unverified","wall":"plaster_paint_white","height_m":8.0},"geometry":{"type":"Polygon","coordinates":[[[77.000506,31.783934],[77.000576,31.78394],[77.000572,31.783983],[77.000501,31.783977],[77.000506,31.783934]]]}},{"type":"Feature","id":"ovt-8a440958b5ff","properties":{"id":"ovt-8a440958b5ff","name":"North Campus building 50","named":false,"area_m2":251.7,"cat":"residential","scope":"campus","src":"Overture Maps 2026-08-19.0 (ML footprints, ODbL/CDLA)","conf":"derived","dist_core_m":348.0,"zone":"north","cat_conf":"derived","floors":4,"f2f":3.2,"floor_note":"faculty/staff apartment blocks 4-storey (C-1 faculty block)","roof":"flat","pitch":0,"roof_note":"flat RCC + parapet","wall":"plaster_paint_cream","height_m":13.8,"name_conf":"derived","entrance_lat":31.783986,"entrance_lng":76.999596,"entrance_dist_m":22.0,"entrance_conf":"derived"},"geometry":{"type":"Polygon","coordinates":[[[76.999757,31.784025],[76.999788,31.784113],[76.999656,31.784148],[76.999596,31.783986],[76.999719,31.783953],[76.999737,31.784005],[76.999787,31.783992],[76.999796,31.784015],[76.999757,31.784025]]]}},{"type":"Feature","id":"ovt-529b7d4f94c0","properties":{"id":"ovt-529b7d4f94c0","name":"North Campus building 57","named":false,"area_m2":225.6,"cat":"residential","scope":"campus","src":"Overture Maps 2026-08-19.0 (ML footprints, ODbL/CDLA)","conf":"derived","dist_core_m":357.3,"zone":"north","cat_conf":"derived","floors":4,"f2f":3.2,"floor_note":"faculty/staff apartment blocks 4-storey (C-1 faculty block)","roof":"flat","pitch":0,"roof_note":"flat RCC + parapet","wall":"plaster_paint_cream","height_m":13.8,"name_conf":"derived","entrance_lat":31.784075,"entrance_lng":76.999354,"entrance_dist_m":29.1,"entrance_conf":"derived"},"geometry":{"type":"Polygon","coordinates":[[[76.999354,31.784075],[76.999493,31.78407],[76.999497,31.784143],[76.999436,31.784145],[76.999438,31.784192],[76.999507,31.784189],[76.999508,31.78421],[76.999288,31.784218],[76.999285,31.784154],[76.999358,31.784151],[76.999354,31.784075]]]}},{"type":"Feature","id":"ovt-d2450fe13157","properties":{"id":"ovt-d2450fe13157","name":"Unnamed building","named":false,"area_m2":39.3,"cat":"unknown","scope":"context","src":"Overture Maps 2026-08-19.0 (ML footprints, ODbL/CDLA)","conf":"approximate","dist_core_m":540.7,"zone":"context","cat_conf":"derived","floor_note":"no source data; derived default","floors":2,"f2f":3.5,"roof":"flat","pitch":0,"roof_note":"unverified","wall":"plaster_paint_white","height_m":8.0},"geometry":{"type":"Polygon","coordinates":[[[77.000739,31.784445],[77.000804,31.784448],[77.000799,31.784506],[77.000735,31.784503],[77.000739,31.784445]]]}},{"type":"Feature","id":"ovt-ea52c0d465c9","properties":{"id":"ovt-ea52c0d465c9","name":"Unnamed building","named":false,"area_m2":31.0,"cat":"unknown","scope":"context","src":"Overture Maps 2026-08-19.0 (ML footprints, ODbL/CDLA)","conf":"approximate","dist_core_m":580.2,"zone":"context","cat_conf":"derived","floor_note":"no source data; derived default","floors":2,"f2f":3.5,"roof":"flat","pitch":0,"roof_note":"unverified","wall":"plaster_paint_white","height_m":8.0},"geometry":{"type":"Polygon","coordinates":[[[77.000704,31.784384],[77.000791,31.784388],[77.000789,31.784422],[77.000702,31.784418],[77.000704,31.784384]]]}},{"type":"Feature","id":"ovt-311e18e248e6","properties":{"id":"ovt-311e18e248e6","name":"Unnamed building","named":false,"area_m2":18.3,"cat":"unknown","scope":"context","src":"Overture Maps 2026-08-19.0 (ML footprints, ODbL/CDLA)","conf":"approximate","dist_core_m":522.8,"zone":"context","cat_conf":"derived","floor_note":"no source data; derived default","floors":2,"f2f":3.5,"roof":"flat","pitch":0,"roof_note":"unverified","wall":"plaster_paint_white","height_m":8.0},"geometry":{"type":"Polygon","coordinates":[[[77.000684,31.784456],[77.000686,31.78442],[77.000734,31.784422],[77.000733,31.784458],[77.000684,31.784456]]]}},{"type":"Feature","id":"ovt-ed3e76202593","properties":{"id":"ovt-ed3e76202593","name":"Unnamed building","named":false,"area_m2":146.7,"cat":"unknown","scope":"context","src":"Overture Maps 2026-08-19.0 (ML footprints, ODbL/CDLA)","conf":"approximate","dist_core_m":479.1,"zone":"context","cat_conf":"derived","floor_note":"no source data; derived default","floors":2,"f2f":3.5,"roof":"flat","pitch":0,"roof_note":"unverified","wall":"plaster_paint_white","height_m":8.0},"geometry":{"type":"Polygon","coordinates":[[[77.00092,31.784253],[77.001093,31.78425],[77.001095,31.784331],[77.000922,31.784334],[77.00092,31.784253]]]}},{"type":"Feature","id":"ovt-1a0994788f35","properties":{"id":"ovt-1a0994788f35","name":"Unnamed building","named":false,"area_m2":12.8,"cat":"unknown","scope":"context","src":"Overture Maps 2026-08-19.0 (ML footprints, ODbL/CDLA)","conf":"approximate","dist_core_m":1263.9,"zone":"context","cat_conf":"derived","floor_note":"no source data; derived default","floors":2,"f2f":3.5,"roof":"flat","pitch":0,"roof_note":"unverified","wall":"plaster_paint_white","height_m":8.0},"geometry":{"type":"Polygon","coordinates":[[[77.000837,31.784415],[77.000878,31.784406],[77.000886,31.784434],[77.000845,31.784443],[77.000837,31.784415]]]}},{"type":"Feature","id":"ovt-273e87cdee17","properties":{"id":"ovt-273e87cdee17","name":"Unnamed building","named":false,"area_m2":29.7,"cat":"unknown","scope":"context","src":"Overture Maps 2026-08-19.0 (ML footprints, ODbL/CDLA)","conf":"approximate","dist_core_m":534.4,"zone":"context","cat_conf":"derived","floor_note":"no source data; derived default","floors":2,"f2f":3.5,"roof":"flat","pitch":0,"roof_note":"unverified","wall":"plaster_paint_white","height_m":8.0},"geometry":{"type":"Polygon","coordinates":[[[77.001074,31.786935],[77.001143,31.786939],[77.00114,31.78698],[77.001071,31.786976],[77.001074,31.786935]]]}},{"type":"Feature","id":"ovt-453c7d2701ec","properties":{"id":"ovt-453c7d2701ec","name":"Unnamed building","named":false,"area_m2":23.6,"cat":"unknown","scope":"context","src":"Overture Maps 2026-08-19.0 (ML footprints, ODbL/CDLA)","conf":"approximate","dist_core_m":767.3,"zone":"context","cat_conf":"derived","floor_note":"no source data; derived default","floors":2,"f2f":3.5,"roof":"flat","pitch":0,"roof_note":"unverified","wall":"plaster_paint_white","height_m":8.0},"geometry":{"type":"Polygon","coordinates":[[[77.001191,31.786936],[77.001248,31.786947],[77.001238,31.786985],[77.001182,31.786974],[77.001191,31.786936]]]}},{"type":"Feature","id":"ovt-f3d82612ca82","properties":{"id":"ovt-f3d82612ca82","name":"Unnamed building","named":false,"area_m2":69.7,"cat":"unknown","scope":"context","src":"Overture Maps 2026-08-19.0 (ML footprints, ODbL/CDLA)","conf":"approximate","dist_core_m":822.9,"zone":"context","cat_conf":"derived","floor_note":"no source data; derived default","floors":2,"f2f":3.5,"roof":"flat","pitch":0,"roof_note":"unverified","wall":"plaster_paint_white","height_m":8.0},"geometry":{"type":"Polygon","coordinates":[[[77.001906,31.787034],[77.001877,31.786969],[77.001967,31.786941],[77.001996,31.787006],[77.001906,31.787034]]]}},{"type":"Feature","id":"ovt-04f5e6deb9e2","properties":{"id":"ovt-04f5e6deb9e2","name":"Unnamed building","named":false,"area_m2":28.8,"cat":"unknown","scope":"context","src":"Overture Maps 2026-08-19.0 (ML footprints, ODbL/CDLA)","conf":"approximate","dist_core_m":782.1,"zone":"context","cat_conf":"derived","floor_note":"no source data; derived default","floors":2,"f2f":3.5,"roof":"flat","pitch":0,"roof_note":"unverified","wall":"plaster_paint_white","height_m":8.0},"geometry":{"type":"Polygon","coordinates":[[[77.001779,31.786836],[77.00178,31.786877],[77.001713,31.786879],[77.001712,31.786838],[77.001779,31.786836]]]}},{"type":"Feature","id":"ovt-2c112662dcf8","properties":{"id":"ovt-2c112662dcf8","name":"Unnamed building","named":false,"area_m2":142.2,"cat":"unknown","scope":"context","src":"Overture Maps 2026-08-19.0 (ML footprints, ODbL/CDLA)","conf":"approximate","dist_core_m":772.5,"zone":"context","cat_conf":"derived","floor_note":"no source data; derived default","floors":2,"f2f":3.5,"roof":"flat","pitch":0,"roof_note":"unverified","wall":"plaster_paint_white","height_m":8.0},"geometry":{"type":"Polygon","coordinates":[[[77.001354,31.787011],[77.001496,31.787016],[77.001492,31.787102],[77.001323,31.787097],[77.001325,31.787049],[77.001352,31.78705],[77.001354,31.787011]]]}},{"type":"Feature","id":"ovt-89ffc3f599af","properties":{"id":"ovt-89ffc3f599af","name":"Unnamed building","named":false,"area_m2":110.7,"cat":"unknown","scope":"context","src":"Overture Maps 2026-08-19.0 (ML footprints, ODbL/CDLA)","conf":"approximate","dist_core_m":729.3,"zone":"context","cat_conf":"derived","floor_note":"no source data; derived default","floors":2,"f2f":3.5,"roof":"flat","pitch":0,"roof_note":"unverified","wall":"plaster_paint_white","height_m":8.0},"geometry":{"type":"Polygon","coordinates":[[[77.001184,31.787011],[77.001274,31.787022],[77.001256,31.787137],[77.001166,31.787127],[77.001184,31.787011]]]}},{"type":"Feature","id":"ovt-0b060e1886a0","properties":{"id":"ovt-0b060e1886a0","name":"Unnamed building","named":false,"area_m2":111.2,"cat":"unknown","scope":"context","src":"Overture Maps 2026-08-19.0 (ML footprints, ODbL/CDLA)","conf":"approximate","dist_core_m":727.7,"zone":"context","cat_conf":"derived","floor_note":"no source data; derived default","floors":2,"f2f":3.5,"roof":"flat","pitch":0,"roof_note":"unverified","wall":"plaster_paint_white","height_m":8.0},"geometry":{"type":"Polygon","coordinates":[[[77.001043,31.787008],[77.00113,31.787017],[77.001112,31.787137],[77.001024,31.787127],[77.001043,31.787008]]]}},{"type":"Feature","id":"ovt-df52b8a4f7aa","properties":{"id":"ovt-df52b8a4f7aa","name":"Unnamed building","named":false,"area_m2":23.9,"cat":"unknown","scope":"context","src":"Overture Maps 2026-08-19.0 (ML footprints, ODbL/CDLA)","conf":"approximate","dist_core_m":549.2,"zone":"context","cat_conf":"derived","floor_note":"no source data; derived default","floors":2,"f2f":3.5,"roof":"flat","pitch":0,"roof_note":"unverified","wall":"plaster_paint_white","height_m":8.0},"geometry":{"type":"Polygon","coordinates":[[[77.000114,31.787329],[77.000171,31.787328],[77.000172,31.787368],[77.000115,31.787369],[77.000114,31.787329]]]}},{"type":"Feature","id":"ovt-40d3d8831804","properties":{"id":"ovt-40d3d8831804","name":"Unnamed building","named":false,"area_m2":48.8,"cat":"unknown","scope":"context","src":"Overture Maps 2026-08-19.0 (ML footprints, ODbL/CDLA)","conf":"approximate","dist_core_m":885.7,"zone":"context","cat_conf":"derived","floor_note":"no source data; derived default","floors":2,"f2f":3.5,"roof":"flat","pitch":0,"roof_note":"unverified","wall":"plaster_paint_white","height_m":8.0},"geometry":{"type":"Polygon","coordinates":[[[77.000097,31.787248],[77.000171,31.787248],[77.000171,31.787311],[77.000097,31.787311],[77.000097,31.787248]]]}},{"type":"Feature","id":"ovt-b8ad31953f8e","properties":{"id":"ovt-b8ad31953f8e","name":"Unnamed building","named":false,"area_m2":132.0,"cat":"unknown","scope":"context","src":"Overture Maps 2026-08-19.0 (ML footprints, ODbL/CDLA)","conf":"approximate","dist_core_m":735.4,"zone":"context","cat_conf":"derived","floor_note":"no source data; derived default","floors":2,"f2f":3.5,"roof":"flat","pitch":0,"roof_note":"unverified","wall":"plaster_paint_white","height_m":8.0},"geometry":{"type":"Polygon","coordinates":[[[77.000236,31.78709],[77.000286,31.787176],[77.000168,31.787226],[77.000118,31.787141],[77.000236,31.78709]]]}},{"type":"Feature","id":"ovt-62f8d7a5fee9","properties":{"id":"ovt-62f8d7a5fee9","name":"Unnamed building","named":false,"area_m2":41.7,"cat":"unknown","scope":"context","src":"Overture Maps 2026-08-19.0 (ML footprints, ODbL/CDLA)","conf":"approximate","dist_core_m":610.7,"zone":"context","cat_conf":"derived","floor_note":"no source data; derived default","floors":2,"f2f":3.5,"roof":"flat","pitch":0,"roof_note":"unverified","wall":"plaster_paint_white","height_m":8.0},"geometry":{"type":"Polygon","coordinates":[[[77.000283,31.787044],[77.000322,31.787024],[77.000375,31.787099],[77.000336,31.787119],[77.000283,31.787044]]]}},{"type":"Feature","id":"ovt-8f2a26218b25","properties":{"id":"ovt-8f2a26218b25","name":"Unnamed building","named":false,"area_m2":171.4,"cat":"unknown","scope":"context","src":"Overture Maps 2026-08-19.0 (ML footprints, ODbL/CDLA)","conf":"approximate","dist_core_m":724.5,"zone":"context","cat_conf":"derived","floor_note":"no source data; derived default","floors":2,"f2f":3.5,"roof":"flat","pitch":0,"roof_note":"unverified","wall":"plaster_paint_white","height_m":8.0},"geometry":{"type":"Polygon","coordinates":[[[77.000635,31.787043],[77.000785,31.787037],[77.000791,31.787146],[77.000641,31.787152],[77.000635,31.787043]]]}},{"type":"Feature","id":"ovt-8f4e8cd8d5ea","properties":{"id":"ovt-8f4e8cd8d5ea","name":"Unnamed building","named":false,"area_m2":209.2,"cat":"unknown","scope":"context","src":"Overture Maps 2026-08-19.0 (ML footprints, ODbL/CDLA)","conf":"approximate","dist_core_m":687.6,"zone":"context","cat_conf":"derived","floor_note":"no source data; derived default","floors":2,"f2f":3.5,"roof":"flat","pitch":0,"roof_note":"unverified","wall":"plaster_paint_white","height_m":8.0},"geometry":{"type":"Polygon","coordinates":[[[77.000018,31.787014],[77.000125,31.787126],[77.000018,31.7872],[76.99991,31.787088],[77.000018,31.787014]]]}},{"type":"Feature","id":"ovt-994aa89c8520","properties":{"id":"ovt-994aa89c8520","name":"Unnamed building","named":false,"area_m2":79.5,"cat":"unknown","scope":"context","src":"Overture Maps 2026-08-19.0 (ML footprints, ODbL/CDLA)","conf":"approximate","dist_core_m":714.1,"zone":"context","cat_conf":"derived","floor_note":"no source data; derived default","floors":2,"f2f":3.5,"roof":"flat","pitch":0,"roof_note":"unverified","wall":"plaster_paint_white","height_m":8.0},"geometry":{"type":"Polygon","coordinates":[[[76.999979,31.787223],[77.000088,31.787221],[77.00009,31.787291],[76.999982,31.787293],[76.999979,31.787223]]]}},{"type":"Feature","id":"ovt-038058c4112f","properties":{"id":"ovt-038058c4112f","name":"Unnamed building","named":false,"area_m2":17.5,"cat":"unknown","scope":"context","src":"Overture Maps 2026-08-19.0 (ML footprints, ODbL/CDLA)","conf":"approximate","dist_core_m":591.0,"zone":"context","cat_conf":"derived","floor_note":"no source data; derived default","floors":2,"f2f":3.5,"roof":"flat","pitch":0,"roof_note":"unverified","wall":"plaster_paint_white","height_m":8.0},"geometry":{"type":"Polygon","coordinates":[[[77.000125,31.787332],[77.000123,31.787361],[77.000065,31.787357],[77.000068,31.787328],[77.000125,31.787332]]]}},{"type":"Feature","id":"ovt-a1c1db26df45","properties":{"id":"ovt-a1c1db26df45","name":"Unnamed building","named":false,"area_m2":30.4,"cat":"unknown","scope":"context","src":"Overture Maps 2026-08-19.0 (ML footprints, ODbL/CDLA)","conf":"approximate","dist_core_m":710.0,"zone":"context","cat_conf":"derived","floor_note":"no source data; derived default","floors":2,"f2f":3.5,"roof":"flat","pitch":0,"roof_note":"unverified","wall":"plaster_paint_white","height_m":8.0},"geometry":{"type":"Polygon","coordinates":[[[77.000001,31.787385],[77.000047,31.787385],[77.000047,31.787448],[77.0,31.787447],[77.000001,31.787385]]]}},{"type":"Feature","id":"ovt-ffa58e105df6","properties":{"id":"ovt-ffa58e105df6","name":"Unnamed building","named":false,"area_m2":57.9,"cat":"unknown","scope":"context","src":"Overture Maps 2026-08-19.0 (ML footprints, ODbL/CDLA)","conf":"approximate","dist_core_m":699.0,"zone":"context","cat_conf":"derived","floor_note":"no source data; derived default","floors":2,"f2f":3.5,"roof":"flat","pitch":0,"roof_note":"unverified","wall":"plaster_paint_white","height_m":8.0},"geometry":{"type":"Polygon","coordinates":[[[76.999883,31.787635],[76.999899,31.787691],[76.999805,31.78771],[76.99979,31.787654],[76.999883,31.787635]]]}},{"type":"Feature","id":"ovt-a803347fcb6d","properties":{"id":"ovt-a803347fcb6d","name":"Unnamed building","named":false,"area_m2":44.2,"cat":"unknown","scope":"context","src":"Overture Maps 2026-08-19.0 (ML footprints, ODbL/CDLA)","conf":"approximate","dist_core_m":749.3,"zone":"context","cat_conf":"derived","floor_note":"no source data; derived default","floors":2,"f2f":3.5,"roof":"flat","pitch":0,"roof_note":"unverified","wall":"plaster_paint_white","height_m":8.0},"geometry":{"type":"Polygon","coordinates":[[[77.00007,31.787467],[77.000139,31.787505],[77.000106,31.787548],[77.000037,31.78751],[77.00007,31.787467]]]}},{"type":"Feature","id":"ovt-3176a5db4b73","properties":{"id":"ovt-3176a5db4b73","name":"Unnamed building","named":false,"area_m2":27.4,"cat":"unknown","scope":"context","src":"Overture Maps 2026-08-19.0 (ML footprints, ODbL/CDLA)","conf":"approximate","dist_core_m":706.2,"zone":"context","cat_conf":"derived","floor_note":"no source data; derived default","floors":2,"f2f":3.5,"roof":"flat","pitch":0,"roof_note":"unverified","wall":"plaster_paint_white","height_m":8.0},"geometry":{"type":"Polygon","coordinates":[[[77.000043,31.787397],[77.000084,31.787398],[77.000084,31.787461],[77.000042,31.78746],[77.000043,31.787397]]]}},{"type":"Feature","id":"ovt-a4cf6972d191","properties":{"id":"ovt-a4cf6972d191","name":"Unnamed building","named":false,"area_m2":31.8,"cat":"unknown","scope":"context","src":"Overture Maps 2026-08-19.0 (ML footprints, ODbL/CDLA)","conf":"approximate","dist_core_m":797.5,"zone":"context","cat_conf":"derived","floor_note":"no source data; derived default","floors":2,"f2f":3.5,"roof":"flat","pitch":0,"roof_note":"unverified","wall":"plaster_paint_white","height_m":8.0},"geometry":{"type":"Polygon","coordinates":[[[77.003309,31.788713],[77.003235,31.788706],[77.003241,31.788665],[77.003315,31.788673],[77.003309,31.788713]]]}},{"type":"Feature","id":"ovt-8ba0f1f2e4ca","properties":{"id":"ovt-8ba0f1f2e4ca","name":"Unnamed building","named":false,"area_m2":142.2,"cat":"unknown","scope":"context","src":"Overture Maps 2026-08-19.0 (ML footprints, ODbL/CDLA)","conf":"approximate","dist_core_m":926.2,"zone":"context","cat_conf":"derived","floor_note":"no source data; derived default","floors":2,"f2f":3.5,"roof":"flat","pitch":0,"roof_note":"unverified","wall":"plaster_paint_white","height_m":8.0},"geometry":{"type":"Polygon","coordinates":[[[77.003125,31.788482],[77.003226,31.788379],[77.003304,31.788434],[77.003203,31.788537],[77.003125,31.788482]]]}},{"type":"Feature","id":"ovt-8850fc049d80","properties":{"id":"ovt-8850fc049d80","name":"Unnamed building","named":false,"area_m2":131.8,"cat":"unknown","scope":"context","src":"Overture Maps 2026-08-19.0 (ML footprints, ODbL/CDLA)","conf":"approximate","dist_core_m":1061.2,"zone":"context","cat_conf":"derived","floor_note":"no source data; derived default","floors":2,"f2f":3.5,"roof":"flat","pitch":0,"roof_note":"unverified","wall":"plaster_paint_white","height_m":8.0},"geometry":{"type":"Polygon","coordinates":[[[77.005282,31.788443],[77.005354,31.788533],[77.005258,31.788588],[77.005186,31.788498],[77.005282,31.788443]]]}},{"type":"Feature","id":"ovt-d713f3aa09d7","properties":{"id":"ovt-d713f3aa09d7","name":"Unnamed building","named":false,"area_m2":22.9,"cat":"unknown","scope":"context","src":"Overture Maps 2026-08-19.0 (ML footprints, ODbL/CDLA)","conf":"approximate","dist_core_m":923.6,"zone":"context","cat_conf":"derived","floor_note":"no source data; derived default","floors":2,"f2f":3.5,"roof":"flat","pitch":0,"roof_note":"unverified","wall":"plaster_paint_white","height_m":8.0},"geometry":{"type":"Polygon","coordinates":[[[77.00586,31.785895],[77.005893,31.785893],[77.005899,31.78596],[77.005867,31.785962],[77.00586,31.785895]]]}},{"type":"Feature","id":"ovt-f723a1e59b04","properties":{"id":"ovt-f723a1e59b04","name":"Unnamed building","named":false,"area_m2":28.3,"cat":"unknown","scope":"context","src":"Overture Maps 2026-08-19.0 (ML footprints, ODbL/CDLA)","conf":"approximate","dist_core_m":1253.6,"zone":"context","cat_conf":"derived","floor_note":"no source data; derived default","floors":2,"f2f":3.5,"roof":"flat","pitch":0,"roof_note":"unverified","wall":"plaster_paint_white","height_m":8.0},"geometry":{"type":"Polygon","coordinates":[[[77.005482,31.786534],[77.005526,31.78653],[77.005533,31.786592],[77.00549,31.786595],[77.005482,31.786534]]]}},{"type":"Feature","id":"ovt-5845e6c61b9b","properties":{"id":"ovt-5845e6c61b9b","name":"Unnamed building","named":false,"area_m2":110.4,"cat":"unknown","scope":"context","src":"Overture Maps 2026-08-19.0 (ML footprints, ODbL/CDLA)","conf":"approximate","dist_core_m":857.7,"zone":"context","cat_conf":"derived","floor_note":"no source data; derived default","floors":2,"f2f":3.5,"roof":"flat","pitch":0,"roof_note":"unverified","wall":"plaster_paint_white","height_m":8.0},"geometry":{"type":"Polygon","coordinates":[[[77.005396,31.786703],[77.005399,31.786604],[77.005506,31.786607],[77.005503,31.786705],[77.005396,31.786703]]]}},{"type":"Feature","id":"ovt-a17074632fac","properties":{"id":"ovt-a17074632fac","name":"Unnamed building","named":false,"area_m2":118.3,"cat":"unknown","scope":"context","src":"Overture Maps 2026-08-19.0 (ML footprints, ODbL/CDLA)","conf":"approximate","dist_core_m":910.9,"zone":"context","cat_conf":"derived","floor_note":"no source data; derived default","floors":2,"f2f":3.5,"roof":"flat","pitch":0,"roof_note":"unverified","wall":"plaster_paint_white","height_m":8.0},"geometry":{"type":"Polygon","coordinates":[[[77.005398,31.786718],[77.005498,31.786701],[77.005524,31.786809],[77.005424,31.786827],[77.005398,31.786718]]]}},{"type":"Feature","id":"ovt-2852cb0ef43f","properties":{"id":"ovt-2852cb0ef43f","name":"Unnamed building","named":false,"area_m2":35.7,"cat":"unknown","scope":"context","src":"Overture Maps 2026-08-19.0 (ML footprints, ODbL/CDLA)","conf":"approximate","dist_core_m":1252.0,"zone":"context","cat_conf":"derived","floor_note":"no source data; derived default","floors":2,"f2f":3.5,"roof":"flat","pitch":0,"roof_note":"unverified","wall":"plaster_paint_white","height_m":8.0},"geometry":{"type":"Polygon","coordinates":[[[77.00554,31.786848],[77.005525,31.7868],[77.005591,31.786784],[77.005606,31.786832],[77.00554,31.786848]]]}},{"type":"Feature","id":"ovt-20b17bd8d174","properties":{"id":"ovt-20b17bd8d174","name":"Unnamed building","named":false,"area_m2":13.8,"cat":"unknown","scope":"context","src":"Overture Maps 2026-08-19.0 (ML footprints, ODbL/CDLA)","conf":"approximate","dist_core_m":1733.8,"zone":"context","cat_conf":"derived","floor_note":"no source data; derived default","floors":2,"f2f":3.5,"roof":"flat","pitch":0,"roof_note":"unverified","wall":"plaster_paint_white","height_m":8.0},"geometry":{"type":"Polygon","coordinates":[[[77.005605,31.78685],[77.005647,31.786849],[77.005648,31.78688],[77.005605,31.786881],[77.005605,31.78685]]]}},{"type":"Feature","id":"ovt-ca4176f45bf5","properties":{"id":"ovt-ca4176f45bf5","name":"Unnamed building","named":false,"area_m2":41.9,"cat":"unknown","scope":"context","src":"Overture Maps 2026-08-19.0 (ML footprints, ODbL/CDLA)","conf":"approximate","dist_core_m":896.0,"zone":"context","cat_conf":"derived","floor_note":"no source data; derived default","floors":2,"f2f":3.5,"roof":"flat","pitch":0,"roof_note":"unverified","wall":"plaster_paint_white","height_m":8.0},"geometry":{"type":"Polygon","coordinates":[[[77.005426,31.78745],[77.005428,31.787393],[77.005498,31.787395],[77.005495,31.787453],[77.005426,31.78745]]]}},{"type":"Feature","id":"ovt-9d69aa924624","properties":{"id":"ovt-9d69aa924624","name":"Unnamed building","named":false,"area_m2":121.6,"cat":"unknown","scope":"context","src":"Overture Maps 2026-08-19.0 (ML footprints, ODbL/CDLA)","conf":"approximate","dist_core_m":1094.8,"zone":"context","cat_conf":"derived","floor_note":"no source data; derived default","floors":2,"f2f":3.5,"roof":"flat","pitch":0,"roof_note":"unverified","wall":"plaster_paint_white","height_m":8.0},"geometry":{"type":"Polygon","coordinates":[[[77.005938,31.787518],[77.005809,31.787442],[77.005858,31.787381],[77.005988,31.787458],[77.005938,31.787518]]]}},{"type":"Feature","id":"ovt-61fe317e7e44","properties":{"id":"ovt-61fe317e7e44","name":"Unnamed building","named":false,"area_m2":132.0,"cat":"unknown","scope":"context","src":"Overture Maps 2026-08-19.0 (ML footprints, ODbL/CDLA)","conf":"approximate","dist_core_m":1004.3,"zone":"context","cat_conf":"derived","floor_note":"no source data; derived default","floors":2,"f2f":3.5,"roof":"flat","pitch":0,"roof_note":"unverified","wall":"plaster_paint_white","height_m":8.0},"geometry":{"type":"Polygon","coordinates":[[[77.005621,31.787538],[77.005737,31.787639],[77.005673,31.787692],[77.005557,31.787591],[77.005621,31.787538]]]}},{"type":"Feature","id":"ovt-17b87c17815c","properties":{"id":"ovt-17b87c17815c","name":"Unnamed building","named":false,"area_m2":29.0,"cat":"unknown","scope":"context","src":"Overture Maps 2026-08-19.0 (ML footprints, ODbL/CDLA)","conf":"approximate","dist_core_m":1277.7,"zone":"context","cat_conf":"derived","floor_note":"no source data; derived default","floors":2,"f2f":3.5,"roof":"flat","pitch":0,"roof_note":"unverified","wall":"plaster_paint_white","height_m":8.0},"geometry":{"type":"Polygon","coordinates":[[[77.00551,31.787424],[77.005558,31.787426],[77.005555,31.787483],[77.005506,31.787481],[77.00551,31.787424]]]}},{"type":"Feature","id":"ovt-bca0d60adf52","properties":{"id":"ovt-bca0d60adf52","name":"Unnamed building","named":false,"area_m2":13.1,"cat":"unknown","scope":"context","src":"Overture Maps 2026-08-19.0 (ML footprints, ODbL/CDLA)","conf":"approximate","dist_core_m":1295.7,"zone":"context","cat_conf":"derived","floor_note":"no source data; derived default","floors":2,"f2f":3.5,"roof":"flat","pitch":0,"roof_note":"unverified","wall":"plaster_paint_white","height_m":8.0},"geometry":{"type":"Polygon","coordinates":[[[77.005554,31.787533],[77.005558,31.787551],[77.005519,31.787578],[77.005511,31.78754],[77.005554,31.787533]]]}},{"type":"Feature","id":"ovt-39fdd5b4632a","properties":{"id":"ovt-39fdd5b4632a","name":"Unnamed building","named":false,"area_m2":94.8,"cat":"unknown","scope":"context","src":"Overture Maps 2026-08-19.0 (ML footprints, ODbL/CDLA)","conf":"approximate","dist_core_m":1065.7,"zone":"context","cat_conf":"derived","floor_note":"no source data; derived default","floors":2,"f2f":3.5,"roof":"flat","pitch":0,"roof_note":"unverified","wall":"plaster_paint_white","height_m":8.0},"geometry":{"type":"Polygon","coordinates":[[[77.005561,31.788803],[77.005596,31.788734],[77.005707,31.788774],[77.005672,31.788843],[77.005561,31.788803]]]}},{"type":"Feature","id":"ovt-d9b9c9a88698","properties":{"id":"ovt-d9b9c9a88698","name":"Unnamed building","named":false,"area_m2":30.1,"cat":"unknown","scope":"context","src":"Overture Maps 2026-08-19.0 (ML footprints, ODbL/CDLA)","conf":"approximate","dist_core_m":905.8,"zone":"context","cat_conf":"derived","floor_note":"no source data; derived default","floors":2,"f2f":3.5,"roof":"flat","pitch":0,"roof_note":"unverified","wall":"plaster_paint_white","height_m":8.0},"geometry":{"type":"Polygon","coordinates":[[[77.005713,31.788823],[77.005739,31.788847],[77.005675,31.788898],[77.005649,31.788873],[77.005713,31.788823]]]}},{"type":"Feature","id":"ovt-ddf47875be0d","properties":{"id":"ovt-ddf47875be0d","name":"Unnamed building","named":false,"area_m2":40.6,"cat":"unknown","scope":"context","src":"Overture Maps 2026-08-19.0 (ML footprints, ODbL/CDLA)","conf":"approximate","dist_core_m":676.9,"zone":"context","cat_conf":"derived","floor_note":"no source data; derived default","floors":2,"f2f":3.5,"roof":"flat","pitch":0,"roof_note":"unverified","wall":"plaster_paint_white","height_m":8.0},"geometry":{"type":"Polygon","coordinates":[[[76.996672,31.787609],[76.996636,31.787569],[76.996697,31.787529],[76.996733,31.787569],[76.996672,31.787609]]]}},{"type":"Feature","id":"ovt-b0e116922659","properties":{"id":"ovt-b0e116922659","name":"Unnamed building","named":false,"area_m2":52.4,"cat":"unknown","scope":"context","src":"Overture Maps 2026-08-19.0 (ML footprints, ODbL/CDLA)","conf":"approximate","dist_core_m":725.1,"zone":"context","cat_conf":"derived","floor_note":"no source data; derived default","floors":2,"f2f":3.5,"roof":"flat","pitch":0,"roof_note":"unverified","wall":"plaster_paint_white","height_m":8.0},"geometry":{"type":"Polygon","coordinates":[[[76.997786,31.787414],[76.997815,31.787489],[76.997754,31.787506],[76.997726,31.787432],[76.997786,31.787414]]]}},{"type":"Feature","id":"ovt-0b0d67a8aa0c","properties":{"id":"ovt-0b0d67a8aa0c","name":"Unnamed building","named":false,"area_m2":70.2,"cat":"unknown","scope":"context","src":"Overture Maps 2026-08-19.0 (ML footprints, ODbL/CDLA)","conf":"approximate","dist_core_m":660.3,"zone":"context","cat_conf":"derived","floor_note":"no source data; derived default","floors":2,"f2f":3.5,"roof":"flat","pitch":0,"roof_note":"unverified","wall":"plaster_paint_white","height_m":8.0},"geometry":{"type":"Polygon","coordinates":[[[76.99788,31.787355],[76.997941,31.787437],[76.997883,31.787469],[76.997822,31.787386],[76.99788,31.787355]]]}},{"type":"Feature","id":"ovt-20947f42e28f","properties":{"id":"ovt-20947f42e28f","name":"Unnamed building","named":false,"area_m2":66.6,"cat":"unknown","scope":"context","src":"Overture Maps 2026-08-19.0 (ML footprints, ODbL/CDLA)","conf":"approximate","dist_core_m":617.2,"zone":"context","cat_conf":"derived","floor_note":"no source data; derived default","floors":2,"f2f":3.5,"roof":"flat","pitch":0,"roof_note":"unverified","wall":"plaster_paint_white","height_m":8.0},"geometry":{"type":"Polygon","coordinates":[[[76.996385,31.786664],[76.996505,31.78663],[76.996524,31.786677],[76.996403,31.786712],[76.996385,31.786664]]]}},{"type":"Feature","id":"ovt-065558fb589a","properties":{"id":"ovt-065558fb589a","name":"Unnamed building","named":false,"area_m2":33.9,"cat":"unknown","scope":"context","src":"Overture Maps 2026-08-19.0 (ML footprints, ODbL/CDLA)","conf":"approximate","dist_core_m":638.9,"zone":"context","cat_conf":"derived","floor_note":"no source data; derived default","floors":2,"f2f":3.5,"roof":"flat","pitch":0,"roof_note":"unverified","wall":"plaster_paint_white","height_m":8.0},"geometry":{"type":"Polygon","coordinates":[[[76.996341,31.787016],[76.996391,31.786984],[76.996428,31.787026],[76.996378,31.787057],[76.996341,31.787016]]]}},{"type":"Feature","id":"ovt-e81bb1c18f27","properties":{"id":"ovt-e81bb1c18f27","name":"Unnamed building","named":false,"area_m2":20.0,"cat":"unknown","scope":"context","src":"Overture Maps 2026-08-19.0 (ML footprints, ODbL/CDLA)","conf":"approximate","dist_core_m":607.9,"zone":"context","cat_conf":"derived","floor_note":"no source data; derived default","floors":2,"f2f":3.5,"roof":"flat","pitch":0,"roof_note":"unverified","wall":"plaster_paint_white","height_m":8.0},"geometry":{"type":"Polygon","coordinates":[[[76.996801,31.786838],[76.99686,31.786835],[76.996863,31.786867],[76.996803,31.78687],[76.996801,31.786838]]]}},{"type":"Feature","id":"ovt-c8407aa22556","properties":{"id":"ovt-c8407aa22556","name":"Unnamed building","named":false,"area_m2":30.6,"cat":"unknown","scope":"context","src":"Overture Maps 2026-08-19.0 (ML footprints, ODbL/CDLA)","conf":"approximate","dist_core_m":597.9,"zone":"context","cat_conf":"derived","floor_note":"no source data; derived default","floors":2,"f2f":3.5,"roof":"flat","pitch":0,"roof_note":"unverified","wall":"plaster_paint_white","height_m":8.0},"geometry":{"type":"Polygon","coordinates":[[[76.996882,31.786878],[76.996891,31.786921],[76.996825,31.786931],[76.996816,31.786888],[76.996882,31.786878]]]}},{"type":"Feature","id":"ovt-bd99cc63997f","properties":{"id":"ovt-bd99cc63997f","name":"Unnamed building","named":false,"area_m2":44.2,"cat":"unknown","scope":"context","src":"Overture Maps 2026-08-19.0 (ML footprints, ODbL/CDLA)","conf":"approximate","dist_core_m":750.0,"zone":"context","cat_conf":"derived","floor_note":"no source data; derived default","floors":2,"f2f":3.5,"roof":"flat","pitch":0,"roof_note":"unverified","wall":"plaster_paint_white","height_m":8.0},"geometry":{"type":"Polygon","coordinates":[[[76.997366,31.78739],[76.997471,31.787389],[76.997472,31.787429],[76.997366,31.78743],[76.997366,31.78739]]]}},{"type":"Feature","id":"ovt-96b34a6b770b","properties":{"id":"ovt-96b34a6b770b","name":"Unnamed building","named":false,"area_m2":53.8,"cat":"unknown","scope":"context","src":"Overture Maps 2026-08-19.0 (ML footprints, ODbL/CDLA)","conf":"approximate","dist_core_m":677.6,"zone":"context","cat_conf":"derived","floor_note":"no source data; derived default","floors":2,"f2f":3.5,"roof":"flat","pitch":0,"roof_note":"unverified","wall":"plaster_paint_white","height_m":8.0},"geometry":{"type":"Polygon","coordinates":[[[76.996399,31.787217],[76.996456,31.78726],[76.996404,31.787311],[76.996347,31.787268],[76.996399,31.787217]]]}},{"type":"Feature","id":"ovt-fe7491de234e","properties":{"id":"ovt-fe7491de234e","name":"Unnamed building","named":false,"area_m2":83.4,"cat":"unknown","scope":"context","src":"Overture Maps 2026-08-19.0 (ML footprints, ODbL/CDLA)","conf":"approximate","dist_core_m":689.0,"zone":"context","cat_conf":"derived","floor_note":"no source data; derived default","floors":2,"f2f":3.5,"roof":"flat","pitch":0,"roof_note":"unverified","wall":"plaster_paint_white","height_m":8.0},"geometry":{"type":"Polygon","coordinates":[[[76.99665,31.787281],[76.996702,31.787331],[76.996613,31.787399],[76.996561,31.78735],[76.99665,31.787281]]]}},{"type":"Feature","id":"ovt-607b2cacf6ea","properties":{"id":"ovt-607b2cacf6ea","name":"Unnamed building","named":false,"area_m2":154.3,"cat":"unknown","scope":"context","src":"Overture Maps 2026-08-19.0 (ML footprints, ODbL/CDLA)","conf":"approximate","dist_core_m":697.9,"zone":"context","cat_conf":"derived","floor_note":"no source data; derived default","floors":2,"f2f":3.5,"roof":"flat","pitch":0,"roof_note":"unverified","wall":"plaster_paint_white","height_m":8.0},"geometry":{"type":"Polygon","coordinates":[[[76.996448,31.787344],[76.996332,31.787457],[76.996287,31.787424],[76.996302,31.78741],[76.996245,31.787367],[76.996292,31.787321],[76.996337,31.787354],[76.996391,31.787301],[76.996448,31.787344]]]}},{"type":"Feature","id":"ovt-60fa7a75d079","properties":{"id":"ovt-60fa7a75d079","name":"Unnamed building","named":false,"area_m2":86.1,"cat":"unknown","scope":"context","src":"Overture Maps 2026-08-19.0 (ML footprints, ODbL/CDLA)","conf":"approximate","dist_core_m":720.8,"zone":"context","cat_conf":"derived","floor_note":"no source data; derived default","floors":2,"f2f":3.5,"roof":"flat","pitch":0,"roof_note":"unverified","wall":"plaster_paint_white","height_m":8.0},"geometry":{"type":"Polygon","coordinates":[[[76.994828,31.787273],[76.994895,31.787376],[76.994834,31.787405],[76.994767,31.787302],[76.994828,31.787273]]]}},{"type":"Feature","id":"ovt-2daefd7332cc","properties":{"id":"ovt-2daefd7332cc","name":"Unnamed building","named":false,"area_m2":30.6,"cat":"unknown","scope":"context","src":"Overture Maps 2026-08-19.0 (ML footprints, ODbL/CDLA)","conf":"approximate","dist_core_m":706.7,"zone":"context","cat_conf":"derived","floor_note":"no source data; derived default","floors":2,"f2f":3.5,"roof":"flat","pitch":0,"roof_note":"unverified","wall":"plaster_paint_white","height_m":8.0},"geometry":{"type":"Polygon","coordinates":[[[76.994864,31.787296],[76.994836,31.787264],[76.994896,31.787227],[76.994923,31.787259],[76.994864,31.787296]]]}},{"type":"Feature","id":"ovt-26410147e22e","properties":{"id":"ovt-26410147e22e","name":"Unnamed building","named":false,"area_m2":25.0,"cat":"unknown","scope":"context","src":"Overture Maps 2026-08-19.0 (ML footprints, ODbL/CDLA)","conf":"approximate","dist_core_m":741.8,"zone":"context","cat_conf":"derived","floor_note":"no source data; derived default","floors":2,"f2f":3.5,"roof":"flat","pitch":0,"roof_note":"unverified","wall":"plaster_paint_white","height_m":8.0},"geometry":{"type":"Polygon","coordinates":[[[76.994913,31.787206],[76.994972,31.787164],[76.994995,31.787188],[76.994937,31.78723],[76.994913,31.787206]]]}},{"type":"Feature","id":"ovt-fcb5b80196e7","properties":{"id":"ovt-fcb5b80196e7","name":"Unnamed building","named":false,"area_m2":16.5,"cat":"unknown","scope":"context","src":"Overture Maps 2026-08-19.0 (ML footprints, ODbL/CDLA)","conf":"approximate","dist_core_m":840.8,"zone":"context","cat_conf":"derived","floor_note":"no source data; derived default","floors":2,"f2f":3.5,"roof":"flat","pitch":0,"roof_note":"unverified","wall":"plaster_paint_white","height_m":8.0},"geometry":{"type":"Polygon","coordinates":[[[76.995174,31.786935],[76.995211,31.786935],[76.995212,31.786977],[76.995175,31.786978],[76.995174,31.786935]]]}},{"type":"Feature","id":"ovt-a6e76db25d99","properties":{"id":"ovt-a6e76db25d99","name":"Unnamed building","named":false,"area_m2":64.4,"cat":"unknown","scope":"context","src":"Overture Maps 2026-08-19.0 (ML footprints, ODbL/CDLA)","conf":"approximate","dist_core_m":672.0,"zone":"context","cat_conf":"derived","floor_note":"no source data; derived default","floors":2,"f2f":3.5,"roof":"flat","pitch":0,"roof_note":"unverified","wall":"plaster_paint_white","height_m":8.0},"geometry":{"type":"Polygon","coordinates":[[[76.995126,31.786845],[76.995124,31.78672],[76.995173,31.786719],[76.995175,31.786845],[76.995126,31.786845]]]}},{"type":"Feature","id":"ovt-772643135c05","properties":{"id":"ovt-772643135c05","name":"Unnamed building","named":false,"area_m2":35.4,"cat":"unknown","scope":"context","src":"Overture Maps 2026-08-19.0 (ML footprints, ODbL/CDLA)","conf":"approximate","dist_core_m":642.1,"zone":"context","cat_conf":"derived","floor_note":"no source data; derived default","floors":2,"f2f":3.5,"roof":"flat","pitch":0,"roof_note":"unverified","wall":"plaster_paint_white","height_m":8.0},"geometry":{"type":"Polygon","coordinates":[[[76.99613,31.786791],[76.996112,31.786757],[76.996195,31.786726],[76.996213,31.78676],[76.99613,31.786791]]]}},{"type":"Feature","id":"ovt-44a037554c2a","properties":{"id":"ovt-44a037554c2a","name":"Unnamed building","named":false,"area_m2":25.7,"cat":"unknown","scope":"context","src":"Overture Maps 2026-08-19.0 (ML footprints, ODbL/CDLA)","conf":"approximate","dist_core_m":804.2,"zone":"context","cat_conf":"derived","floor_note":"no source data; derived default","floors":2,"f2f":3.5,"roof":"flat","pitch":0,"roof_note":"unverified","wall":"plaster_paint_white","height_m":8.0},"geometry":{"type":"Polygon","coordinates":[[[76.995383,31.788191],[76.995435,31.788172],[76.995455,31.788212],[76.995403,31.788231],[76.995383,31.788191]]]}},{"type":"Feature","id":"ovt-8cf31879112b","properties":{"id":"ovt-8cf31879112b","name":"Unnamed building","named":false,"area_m2":133.9,"cat":"unknown","scope":"context","src":"Overture Maps 2026-08-19.0 (ML footprints, ODbL/CDLA)","conf":"approximate","dist_core_m":805.0,"zone":"context","cat_conf":"derived","floor_note":"no source data; derived default","floors":2,"f2f":3.5,"roof":"flat","pitch":0,"roof_note":"unverified","wall":"plaster_paint_white","height_m":8.0},"geometry":{"type":"Polygon","coordinates":[[[76.995259,31.788251],[76.995252,31.788116],[76.995328,31.788113],[76.995333,31.788204],[76.995388,31.788202],[76.99539,31.788247],[76.995259,31.788251]]]}},{"type":"Feature","id":"ovt-2216ca8ab0c4","properties":{"id":"ovt-2216ca8ab0c4","name":"Unnamed building","named":false,"area_m2":14.9,"cat":"unknown","scope":"context","src":"Overture Maps 2026-08-19.0 (ML footprints, ODbL/CDLA)","conf":"approximate","dist_core_m":889.7,"zone":"context","cat_conf":"derived","floor_note":"no source data; derived default","floors":2,"f2f":3.5,"roof":"flat","pitch":0,"roof_note":"unverified","wall":"plaster_paint_white","height_m":8.0},"geometry":{"type":"Polygon","coordinates":[[[76.995191,31.787922],[76.995234,31.787905],[76.995249,31.787932],[76.995205,31.787949],[76.995191,31.787922]]]}},{"type":"Feature","id":"ovt-4df6dc14f345","properties":{"id":"ovt-4df6dc14f345","name":"Unnamed building","named":false,"area_m2":18.8,"cat":"unknown","scope":"context","src":"Overture Maps 2026-08-19.0 (ML footprints, ODbL/CDLA)","conf":"approximate","dist_core_m":793.8,"zone":"context","cat_conf":"derived","floor_note":"no source data; derived default","floors":2,"f2f":3.5,"roof":"flat","pitch":0,"roof_note":"unverified","wall":"plaster_paint_white","height_m":8.0},"geometry":{"type":"Polygon","coordinates":[[[76.995134,31.787964],[76.995125,31.787934],[76.995181,31.787921],[76.99519,31.787951],[76.995134,31.787964]]]}},{"type":"Feature","id":"ovt-5258ba99f836","properties":{"id":"ovt-5258ba99f836","name":"Unnamed building","named":false,"area_m2":12.8,"cat":"unknown","scope":"context","src":"Overture Maps 2026-08-19.0 (ML footprints, ODbL/CDLA)","conf":"approximate","dist_core_m":839.3,"zone":"context","cat_conf":"derived","floor_note":"no source data; derived default","floors":2,"f2f":3.5,"roof":"flat","pitch":0,"roof_note":"unverified","wall":"plaster_paint_white","height_m":8.0},"geometry":{"type":"Polygon","coordinates":[[[76.995093,31.788046],[76.995084,31.78802],[76.995128,31.788009],[76.995136,31.788035],[76.995093,31.788046]]]}},{"type":"Feature","id":"ovt-0165895f3436","properties":{"id":"ovt-0165895f3436","name":"Unnamed building","named":false,"area_m2":65.8,"cat":"unknown","scope":"context","src":"Overture Maps 2026-08-19.0 (ML footprints, ODbL/CDLA)","conf":"approximate","dist_core_m":958.8,"zone":"context","cat_conf":"derived","floor_note":"no source data; derived default","floors":2,"f2f":3.5,"roof":"flat","pitch":0,"roof_note":"unverified","wall":"plaster_paint_white","height_m":8.0},"geometry":{"type":"Polygon","coordinates":[[[76.991988,31.788423],[76.991951,31.78835],[76.992024,31.788324],[76.992061,31.788397],[76.991988,31.788423]]]}},{"type":"Feature","id":"ovt-e411fcc67cba","properties":{"id":"ovt-e411fcc67cba","name":"Unnamed building","named":false,"area_m2":26.2,"cat":"unknown","scope":"context","src":"Overture Maps 2026-08-19.0 (ML footprints, ODbL/CDLA)","conf":"approximate","dist_core_m":881.0,"zone":"context","cat_conf":"derived","floor_note":"no source data; derived default","floors":2,"f2f":3.5,"roof":"flat","pitch":0,"roof_note":"unverified","wall":"plaster_paint_white","height_m":8.0},"geometry":{"type":"Polygon","coordinates":[[[76.991761,31.787585],[76.991818,31.787582],[76.991821,31.787626],[76.991763,31.787628],[76.991761,31.787585]]]}},{"type":"Feature","id":"ovt-74b5ae668b51","properties":{"id":"ovt-74b5ae668b51","name":"Unnamed building","named":false,"area_m2":27.7,"cat":"unknown","scope":"context","src":"Overture Maps 2026-08-19.0 (ML footprints, ODbL/CDLA)","conf":"approximate","dist_core_m":882.3,"zone":"context","cat_conf":"derived","floor_note":"no source data; derived default","floors":2,"f2f":3.5,"roof":"flat","pitch":0,"roof_note":"unverified","wall":"plaster_paint_white","height_m":8.0},"geometry":{"type":"Polygon","coordinates":[[[76.991699,31.787525],[76.991758,31.787522],[76.991761,31.787567],[76.991703,31.78757],[76.991699,31.787525]]]}},{"type":"Feature","id":"ovt-a875048a1aae","properties":{"id":"ovt-a875048a1aae","name":"Unnamed building","named":false,"area_m2":14.9,"cat":"unknown","scope":"context","src":"Overture Maps 2026-08-19.0 (ML footprints, ODbL/CDLA)","conf":"approximate","dist_core_m":887.7,"zone":"context","cat_conf":"derived","floor_note":"no source data; derived default","floors":2,"f2f":3.5,"roof":"flat","pitch":0,"roof_note":"unverified","wall":"plaster_paint_white","height_m":8.0},"geometry":{"type":"Polygon","coordinates":[[[76.991903,31.787461],[76.991931,31.787462],[76.99193,31.787512],[76.991901,31.787511],[76.991903,31.787461]]]}},{"type":"Feature","id":"ovt-7d3231d1278e","properties":{"id":"ovt-7d3231d1278e","name":"Unnamed building","named":false,"area_m2":22.5,"cat":"unknown","scope":"context","src":"Overture Maps 2026-08-19.0 (ML footprints, ODbL/CDLA)","conf":"approximate","dist_core_m":938.5,"zone":"context","cat_conf":"derived","floor_note":"no source data; derived default","floors":2,"f2f":3.5,"roof":"flat","pitch":0,"roof_note":"unverified","wall":"plaster_paint_white","height_m":8.0},"geometry":{"type":"Polygon","coordinates":[[[76.991931,31.787462],[76.991974,31.787463],[76.991973,31.787513],[76.99193,31.787512],[76.991931,31.787462]]]}},{"type":"Feature","id":"ovt-969523fe83dd","properties":{"id":"ovt-969523fe83dd","name":"Unnamed building","named":false,"area_m2":81.4,"cat":"unknown","scope":"context","src":"Overture Maps 2026-08-19.0 (ML footprints, ODbL/CDLA)","conf":"approximate","dist_core_m":883.6,"zone":"context","cat_conf":"derived","floor_note":"no source data; derived default","floors":2,"f2f":3.5,"roof":"flat","pitch":0,"roof_note":"unverified","wall":"plaster_paint_white","height_m":8.0},"geometry":{"type":"Polygon","coordinates":[[[76.991878,31.787534],[76.991956,31.787537],[76.99195,31.787637],[76.991872,31.787633],[76.991878,31.787534]]]}},{"type":"Feature","id":"ovt-85ddc2b05d3d","properties":{"id":"ovt-85ddc2b05d3d","name":"Unnamed building","named":false,"area_m2":88.3,"cat":"unknown","scope":"context","src":"Overture Maps 2026-08-19.0 (ML footprints, ODbL/CDLA)","conf":"approximate","dist_core_m":894.6,"zone":"context","cat_conf":"derived","floor_note":"no source data; derived default","floors":2,"f2f":3.5,"roof":"flat","pitch":0,"roof_note":"unverified","wall":"plaster_paint_white","height_m":8.0},"geometry":{"type":"Polygon","coordinates":[[[76.991877,31.787821],[76.991815,31.787823],[76.991809,31.787687],[76.991871,31.787685],[76.991877,31.787821]]]}},{"type":"Feature","id":"ovt-b372c896e6c8","properties":{"id":"ovt-b372c896e6c8","name":"Unnamed building","named":false,"area_m2":20.9,"cat":"unknown","scope":"context","src":"Overture Maps 2026-08-19.0 (ML footprints, ODbL/CDLA)","conf":"approximate","dist_core_m":912.1,"zone":"context","cat_conf":"derived","floor_note":"no source data; derived default","floors":2,"f2f":3.5,"roof":"flat","pitch":0,"roof_note":"unverified","wall":"plaster_paint_white","height_m":8.0},"geometry":{"type":"Polygon","coordinates":[[[76.991916,31.788121],[76.991893,31.78808],[76.991932,31.788064],[76.991956,31.788105],[76.991916,31.788121]]]}},{"type":"Feature","id":"ovt-523e171bdaaf","properties":{"id":"ovt-523e171bdaaf","name":"Unnamed building","named":false,"area_m2":160.5,"cat":"unknown","scope":"context","src":"Overture Maps 2026-08-19.0 (ML footprints, ODbL/CDLA)","conf":"approximate","dist_core_m":854.8,"zone":"context","cat_conf":"derived","floor_note":"no source data; derived default","floors":2,"f2f":3.5,"roof":"flat","pitch":0,"roof_note":"unverified","wall":"plaster_paint_white","height_m":8.0},"geometry":{"type":"Polygon","coordinates":[[[76.991831,31.787338],[76.991974,31.787347],[76.991963,31.787454],[76.991821,31.787445],[76.991831,31.787338]]]}},{"type":"Feature","id":"ovt-9e08291a8986","properties":{"id":"ovt-9e08291a8986","name":"Unnamed building","named":false,"area_m2":32.4,"cat":"unknown","scope":"context","src":"Overture Maps 2026-08-19.0 (ML footprints, ODbL/CDLA)","conf":"approximate","dist_core_m":836.9,"zone":"context","cat_conf":"derived","floor_note":"no source data; derived default","floors":2,"f2f":3.5,"roof":"flat","pitch":0,"roof_note":"unverified","wall":"plaster_paint_white","height_m":8.0},"geometry":{"type":"Polygon","coordinates":[[[76.992004,31.786686],[76.992048,31.786686],[76.992047,31.786756],[76.992002,31.786755],[76.992004,31.786686]]]}},{"type":"Feature","id":"ovt-1031b4a76388","properties":{"id":"ovt-1031b4a76388","name":"Unnamed building","named":false,"area_m2":29.1,"cat":"unknown","scope":"context","src":"Overture Maps 2026-08-19.0 (ML footprints, ODbL/CDLA)","conf":"approximate","dist_core_m":805.1,"zone":"context","cat_conf":"derived","floor_note":"no source data; derived default","floors":2,"f2f":3.5,"roof":"flat","pitch":0,"roof_note":"unverified","wall":"plaster_paint_white","height_m":8.0},"geometry":{"type":"Polygon","coordinates":[[[76.992089,31.786691],[76.992132,31.786692],[76.992131,31.786756],[76.992087,31.786755],[76.992089,31.786691]]]}},{"type":"Feature","id":"ovt-ac628fd8ec3c","properties":{"id":"ovt-ac628fd8ec3c","name":"Unnamed building","named":false,"area_m2":57.6,"cat":"unknown","scope":"context","src":"Overture Maps 2026-08-19.0 (ML footprints, ODbL/CDLA)","conf":"approximate","dist_core_m":690.9,"zone":"context","cat_conf":"derived","floor_note":"no source data; derived default","floors":2,"f2f":3.5,"roof":"flat","pitch":0,"roof_note":"unverified","wall":"plaster_paint_white","height_m":8.0},"geometry":{"type":"Polygon","coordinates":[[[76.99263,31.786123],[76.992601,31.78607],[76.992687,31.786036],[76.992715,31.786089],[76.99263,31.786123]]]}},{"type":"Feature","id":"ovt-076e50942107","properties":{"id":"ovt-076e50942107","name":"Unnamed building","named":false,"area_m2":86.1,"cat":"unknown","scope":"context","src":"Overture Maps 2026-08-19.0 (ML footprints, ODbL/CDLA)","conf":"approximate","dist_core_m":730.1,"zone":"context","cat_conf":"derived","floor_note":"no source data; derived default","floors":2,"f2f":3.5,"roof":"flat","pitch":0,"roof_note":"unverified","wall":"plaster_paint_white","height_m":8.0},"geometry":{"type":"Polygon","coordinates":[[[76.992279,31.786073],[76.992329,31.786075],[76.992326,31.786134],[76.992379,31.786136],[76.992376,31.786187],[76.992273,31.786183],[76.992279,31.786073]]]}},{"type":"Feature","id":"ovt-c63a6512f308","properties":{"id":"ovt-c63a6512f308","name":"Unnamed building","named":false,"area_m2":20.5,"cat":"unknown","scope":"context","src":"Overture Maps 2026-08-19.0 (ML footprints, ODbL/CDLA)","conf":"approximate","dist_core_m":1043.6,"zone":"context","cat_conf":"derived","floor_note":"no source data; derived default","floors":2,"f2f":3.5,"roof":"flat","pitch":0,"roof_note":"unverified","wall":"plaster_paint_white","height_m":8.0},"geometry":{"type":"Polygon","coordinates":[[[76.987827,31.786358],[76.987823,31.786322],[76.987877,31.786318],[76.987881,31.786354],[76.987827,31.786358]]]}},{"type":"Feature","id":"ovt-9833d3c7c292","properties":{"id":"ovt-9833d3c7c292","name":"Unnamed building","named":false,"area_m2":13.9,"cat":"unknown","scope":"context","src":"Overture Maps 2026-08-19.0 (ML footprints, ODbL/CDLA)","conf":"approximate","dist_core_m":980.5,"zone":"context","cat_conf":"derived","floor_note":"no source data; derived default","floors":2,"f2f":3.5,"roof":"flat","pitch":0,"roof_note":"unverified","wall":"plaster_paint_white","height_m":8.0},"geometry":{"type":"Polygon","coordinates":[[[76.98825,31.787249],[76.988212,31.78728],[76.988192,31.787262],[76.988231,31.78723],[76.98825,31.787249]]]}},{"type":"Feature","id":"ovt-75f2739faf16","properties":{"id":"ovt-75f2739faf16","name":"Unnamed building","named":false,"area_m2":31.7,"cat":"unknown","scope":"context","src":"Overture Maps 2026-08-19.0 (ML footprints, ODbL/CDLA)","conf":"approximate","dist_core_m":1042.0,"zone":"context","cat_conf":"derived","floor_note":"no source data; derived default","floors":2,"f2f":3.5,"roof":"flat","pitch":0,"roof_note":"unverified","wall":"plaster_paint_white","height_m":8.0},"geometry":{"type":"Polygon","coordinates":[[[76.987375,31.78714],[76.98742,31.78714],[76.98742,31.787208],[76.987376,31.787208],[76.987375,31.78714]]]}},{"type":"Feature","id":"ovt-096f949f5987","properties":{"id":"ovt-096f949f5987","name":"Unnamed building","named":false,"area_m2":132.6,"cat":"unknown","scope":"context","src":"Overture Maps 2026-08-19.0 (ML footprints, ODbL/CDLA)","conf":"approximate","dist_core_m":1180.2,"zone":"context","cat_conf":"derived","floor_note":"no source data; derived default","floors":2,"f2f":3.5,"roof":"flat","pitch":0,"roof_note":"unverified","wall":"plaster_paint_white","height_m":8.0},"geometry":{"type":"Polygon","coordinates":[[[76.987376,31.787322],[76.98741,31.787422],[76.987351,31.787436],[76.98736,31.787464],[76.987315,31.787475],[76.987271,31.787348],[76.987376,31.787322]]]}},{"type":"Feature","id":"ovt-29ed6999a408","properties":{"id":"ovt-29ed6999a408","name":"Unnamed building","named":false,"area_m2":29.1,"cat":"unknown","scope":"context","src":"Overture Maps 2026-08-19.0 (ML footprints, ODbL/CDLA)","conf":"approximate","dist_core_m":1153.1,"zone":"context","cat_conf":"derived","floor_note":"no source data; derived default","floors":2,"f2f":3.5,"roof":"flat","pitch":0,"roof_note":"unverified","wall":"plaster_paint_white","height_m":8.0},"geometry":{"type":"Polygon","coordinates":[[[76.987485,31.787681],[76.987517,31.787728],[76.987472,31.78775],[76.987441,31.787703],[76.987485,31.787681]]]}},{"type":"Feature","id":"ovt-48e3578bde04","properties":{"id":"ovt-48e3578bde04","name":"Unnamed building","named":false,"area_m2":36.7,"cat":"unknown","scope":"context","src":"Overture Maps 2026-08-19.0 (ML footprints, ODbL/CDLA)","conf":"approximate","dist_core_m":1245.4,"zone":"context","cat_conf":"derived","floor_note":"no source data; derived default","floors":2,"f2f":3.5,"roof":"flat","pitch":0,"roof_note":"unverified","wall":"plaster_paint_white","height_m":8.0},"geometry":{"type":"Polygon","coordinates":[[[76.987279,31.787861],[76.987283,31.787795],[76.987336,31.787797],[76.987332,31.787863],[76.987279,31.787861]]]}},{"type":"Feature","id":"ovt-0af1ff68b869","properties":{"id":"ovt-0af1ff68b869","name":"Unnamed building","named":false,"area_m2":45.6,"cat":"unknown","scope":"context","src":"Overture Maps 2026-08-19.0 (ML footprints, ODbL/CDLA)","conf":"approximate","dist_core_m":1253.2,"zone":"context","cat_conf":"derived","floor_note":"no source data; derived default","floors":2,"f2f":3.5,"roof":"flat","pitch":0,"roof_note":"unverified","wall":"plaster_paint_white","height_m":8.0},"geometry":{"type":"Polygon","coordinates":[[[76.987385,31.78814],[76.987333,31.788119],[76.987372,31.788051],[76.987424,31.788072],[76.987385,31.78814]]]}},{"type":"Feature","id":"ovt-50f201f776f7","properties":{"id":"ovt-50f201f776f7","name":"Unnamed building","named":false,"area_m2":35.8,"cat":"unknown","scope":"context","src":"Overture Maps 2026-08-19.0 (ML footprints, ODbL/CDLA)","conf":"approximate","dist_core_m":1066.7,"zone":"context","cat_conf":"derived","floor_note":"no source data; derived default","floors":2,"f2f":3.5,"roof":"flat","pitch":0,"roof_note":"unverified","wall":"plaster_paint_white","height_m":8.0},"geometry":{"type":"Polygon","coordinates":[[[76.988193,31.787456],[76.988093,31.787442],[76.9881,31.787409],[76.988199,31.787422],[76.988193,31.787456]]]}},{"type":"Feature","id":"ovt-5a5c1d1c562a","properties":{"id":"ovt-5a5c1d1c562a","name":"Unnamed building","named":false,"area_m2":92.7,"cat":"unknown","scope":"context","src":"Overture Maps 2026-08-19.0 (ML footprints, ODbL/CDLA)","conf":"approximate","dist_core_m":1135.3,"zone":"context","cat_conf":"derived","floor_note":"no source data; derived default","floors":2,"f2f":3.5,"roof":"flat","pitch":0,"roof_note":"unverified","wall":"plaster_paint_white","height_m":8.0},"geometry":{"type":"Polygon","coordinates":[[[76.989442,31.788519],[76.989461,31.788589],[76.989341,31.788613],[76.989322,31.788543],[76.989442,31.788519]]]}},{"type":"Feature","id":"ovt-2155b1787980","properties":{"id":"ovt-2155b1787980","name":"Unnamed building","named":false,"area_m2":19.0,"cat":"unknown","scope":"context","src":"Overture Maps 2026-08-19.0 (ML footprints, ODbL/CDLA)","conf":"approximate","dist_core_m":1141.1,"zone":"context","cat_conf":"derived","floor_note":"no source data; derived default","floors":2,"f2f":3.5,"roof":"flat","pitch":0,"roof_note":"unverified","wall":"plaster_paint_white","height_m":8.0},"geometry":{"type":"Polygon","coordinates":[[[76.989455,31.788698],[76.989445,31.78876],[76.989416,31.788756],[76.989426,31.788695],[76.989455,31.788698]]]}},{"type":"Feature","id":"ovt-6f175ba6c980","properties":{"id":"ovt-6f175ba6c980","name":"Unnamed building","named":false,"area_m2":16.4,"cat":"unknown","scope":"context","src":"Overture Maps 2026-08-19.0 (ML footprints, ODbL/CDLA)","conf":"approximate","dist_core_m":1323.1,"zone":"context","cat_conf":"derived","floor_note":"no source data; derived default","floors":2,"f2f":3.5,"roof":"flat","pitch":0,"roof_note":"unverified","wall":"plaster_paint_white","height_m":8.0},"geometry":{"type":"Polygon","coordinates":[[[76.987977,31.788482],[76.987979,31.788453],[76.988032,31.788455],[76.98803,31.788485],[76.987977,31.788482]]]}},{"type":"Feature","id":"ovt-116f2cddf5c4","properties":{"id":"ovt-116f2cddf5c4","name":"Unnamed building","named":false,"area_m2":37.5,"cat":"unknown","scope":"context","src":"Overture Maps 2026-08-19.0 (ML footprints, ODbL/CDLA)","conf":"approximate","dist_core_m":1537.0,"zone":"context","cat_conf":"derived","floor_note":"no source data; derived default","floors":2,"f2f":3.5,"roof":"flat","pitch":0,"roof_note":"unverified","wall":"plaster_paint_white","height_m":8.0},"geometry":{"type":"Polygon","coordinates":[[[76.979014,31.78774],[76.979022,31.787805],[76.978968,31.78781],[76.978959,31.787745],[76.979014,31.78774]]]}},{"type":"Feature","id":"ovt-49b377bae45a","properties":{"id":"ovt-49b377bae45a","name":"Unnamed building","named":false,"area_m2":31.7,"cat":"unknown","scope":"context","src":"Overture Maps 2026-08-19.0 (ML footprints, ODbL/CDLA)","conf":"approximate","dist_core_m":1564.6,"zone":"context","cat_conf":"derived","floor_note":"no source data; derived default","floors":2,"f2f":3.5,"roof":"flat","pitch":0,"roof_note":"unverified","wall":"plaster_paint_white","height_m":8.0},"geometry":{"type":"Polygon","coordinates":[[[76.978885,31.787727],[76.978927,31.787729],[76.978923,31.787801],[76.978881,31.787799],[76.978885,31.787727]]]}},{"type":"Feature","id":"ovt-13c26a413ce6","properties":{"id":"ovt-13c26a413ce6","name":"Unnamed building","named":false,"area_m2":46.2,"cat":"unknown","scope":"context","src":"Overture Maps 2026-08-19.0 (ML footprints, ODbL/CDLA)","conf":"approximate","dist_core_m":1548.1,"zone":"context","cat_conf":"derived","floor_note":"no source data; derived default","floors":2,"f2f":3.5,"roof":"flat","pitch":0,"roof_note":"unverified","wall":"plaster_paint_white","height_m":8.0},"geometry":{"type":"Polygon","coordinates":[[[76.978955,31.787893],[76.978954,31.78782],[76.979014,31.787819],[76.979016,31.787892],[76.978955,31.787893]]]}},{"type":"Feature","id":"ovt-f0d51764aaf3","properties":{"id":"ovt-f0d51764aaf3","name":"Unnamed building","named":false,"area_m2":91.8,"cat":"unknown","scope":"context","src":"Overture Maps 2026-08-19.0 (ML footprints, ODbL/CDLA)","conf":"approximate","dist_core_m":1670.7,"zone":"context","cat_conf":"derived","floor_note":"no source data; derived default","floors":2,"f2f":3.5,"roof":"flat","pitch":0,"roof_note":"unverified","wall":"plaster_paint_white","height_m":8.0},"geometry":{"type":"Polygon","coordinates":[[[76.977037,31.788207],[76.977112,31.788208],[76.97711,31.788325],[76.977035,31.788324],[76.977037,31.788207]]]}},{"type":"Feature","id":"ovt-1c68d73d7837","properties":{"id":"ovt-1c68d73d7837","name":"Unnamed building","named":false,"area_m2":127.3,"cat":"unknown","scope":"context","src":"Overture Maps 2026-08-19.0 (ML footprints, ODbL/CDLA)","conf":"approximate","dist_core_m":1506.9,"zone":"context","cat_conf":"derived","floor_note":"no source data; derived default","floors":2,"f2f":3.5,"roof":"flat","pitch":0,"roof_note":"unverified","wall":"plaster_paint_white","height_m":8.0},"geometry":{"type":"Polygon","coordinates":[[[76.978441,31.78729],[76.978458,31.787237],[76.97867,31.787285],[76.978654,31.787339],[76.978441,31.78729]]]}},{"type":"Feature","id":"ovt-89fd697ebd5d","properties":{"id":"ovt-89fd697ebd5d","name":"Unnamed building","named":false,"area_m2":116.2,"cat":"unknown","scope":"context","src":"Overture Maps 2026-08-19.0 (ML footprints, ODbL/CDLA)","conf":"approximate","dist_core_m":1511.2,"zone":"context","cat_conf":"derived","floor_note":"no source data; derived default","floors":2,"f2f":3.5,"roof":"flat","pitch":0,"roof_note":"unverified","wall":"plaster_paint_white","height_m":8.0},"geometry":{"type":"Polygon","coordinates":[[[76.978681,31.78726],[76.978853,31.787284],[76.97884,31.787347],[76.978669,31.787323],[76.978681,31.78726]]]}},{"type":"Feature","id":"ovt-22d1470e5270","properties":{"id":"ovt-22d1470e5270","name":"Unnamed building","named":false,"area_m2":27.1,"cat":"unknown","scope":"context","src":"Overture Maps 2026-08-19.0 (ML footprints, ODbL/CDLA)","conf":"approximate","dist_core_m":1485.7,"zone":"context","cat_conf":"derived","floor_note":"no source data; derived default","floors":2,"f2f":3.5,"roof":"flat","pitch":0,"roof_note":"unverified","wall":"plaster_paint_white","height_m":8.0},"geometry":{"type":"Polygon","coordinates":[[[76.978746,31.787091],[76.978674,31.787064],[76.97869,31.787034],[76.978762,31.787061],[76.978746,31.787091]]]}},{"type":"Feature","id":"ovt-a5be6afc5f67","properties":{"id":"ovt-a5be6afc5f67","name":"Unnamed building","named":false,"area_m2":131.8,"cat":"unknown","scope":"context","src":"Overture Maps 2026-08-19.0 (ML footprints, ODbL/CDLA)","conf":"approximate","dist_core_m":1256.4,"zone":"context","cat_conf":"derived","floor_note":"no source data; derived default","floors":2,"f2f":3.5,"roof":"flat","pitch":0,"roof_note":"unverified","wall":"plaster_paint_white","height_m":8.0},"geometry":{"type":"Polygon","coordinates":[[[76.982598,31.786237],[76.982684,31.786194],[76.982759,31.786303],[76.982673,31.786346],[76.982598,31.786237]]]}},{"type":"Feature","id":"ovt-d9911f6c25e2","properties":{"id":"ovt-d9911f6c25e2","name":"Unnamed building","named":false,"area_m2":35.1,"cat":"unknown","scope":"context","src":"Overture Maps 2026-08-19.0 (ML footprints, ODbL/CDLA)","conf":"approximate","dist_core_m":1199.3,"zone":"context","cat_conf":"derived","floor_note":"no source data; derived default","floors":2,"f2f":3.5,"roof":"flat","pitch":0,"roof_note":"unverified","wall":"plaster_paint_white","height_m":8.0},"geometry":{"type":"Polygon","coordinates":[[[76.983057,31.786093],[76.983083,31.786012],[76.983122,31.786021],[76.983095,31.786102],[76.983057,31.786093]]]}},{"type":"Feature","id":"ovt-b5dfffb6b87f","properties":{"id":"ovt-b5dfffb6b87f","name":"Unnamed building","named":false,"area_m2":19.8,"cat":"unknown","scope":"context","src":"Overture Maps 2026-08-19.0 (ML footprints, ODbL/CDLA)","conf":"approximate","dist_core_m":1345.0,"zone":"context","cat_conf":"derived","floor_note":"no source data; derived default","floors":2,"f2f":3.5,"roof":"flat","pitch":0,"roof_note":"unverified","wall":"plaster_paint_white","height_m":8.0},"geometry":{"type":"Polygon","coordinates":[[[76.983028,31.787021],[76.983069,31.787023],[76.983067,31.787069],[76.983026,31.787067],[76.983028,31.787021]]]}},{"type":"Feature","id":"ovt-b02944b45405","properties":{"id":"ovt-b02944b45405","name":"Unnamed building","named":false,"area_m2":35.3,"cat":"unknown","scope":"context","src":"Overture Maps 2026-08-19.0 (ML footprints, ODbL/CDLA)","conf":"approximate","dist_core_m":1330.9,"zone":"context","cat_conf":"derived","floor_note":"no source data; derived default","floors":2,"f2f":3.5,"roof":"flat","pitch":0,"roof_note":"unverified","wall":"plaster_paint_white","height_m":8.0},"geometry":{"type":"Polygon","coordinates":[[[76.982962,31.786992],[76.982984,31.787066],[76.982941,31.787075],[76.982919,31.787002],[76.982962,31.786992]]]}},{"type":"Feature","id":"ovt-b3feda9db782","properties":{"id":"ovt-b3feda9db782","name":"Unnamed building","named":false,"area_m2":74.3,"cat":"unknown","scope":"context","src":"Overture Maps 2026-08-19.0 (ML footprints, ODbL/CDLA)","conf":"approximate","dist_core_m":1465.9,"zone":"context","cat_conf":"derived","floor_note":"no source data; derived default","floors":2,"f2f":3.5,"roof":"flat","pitch":0,"roof_note":"unverified","wall":"plaster_paint_white","height_m":8.0},"geometry":{"type":"Polygon","coordinates":[[[76.983926,31.788446],[76.983937,31.788374],[76.984035,31.788386],[76.984023,31.788457],[76.983926,31.788446]]]}},{"type":"Feature","id":"ovt-80c6dbdeda34","properties":{"id":"ovt-80c6dbdeda34","name":"Unnamed building","named":false,"area_m2":11.3,"cat":"unknown","scope":"context","src":"Overture Maps 2026-08-19.0 (ML footprints, ODbL/CDLA)","conf":"approximate","dist_core_m":1403.3,"zone":"context","cat_conf":"derived","floor_note":"no source data; derived default","floors":2,"f2f":3.5,"roof":"flat","pitch":0,"roof_note":"unverified","wall":"plaster_paint_white","height_m":8.0},"geometry":{"type":"Polygon","coordinates":[[[76.984041,31.788228],[76.984074,31.788224],[76.984079,31.788256],[76.984046,31.78826],[76.984041,31.788228]]]}},{"type":"Feature","id":"ovt-eda7ae2bd214","properties":{"id":"ovt-eda7ae2bd214","name":"Unnamed building","named":false,"area_m2":82.5,"cat":"unknown","scope":"context","src":"Overture Maps 2026-08-19.0 (ML footprints, ODbL/CDLA)","conf":"approximate","dist_core_m":1414.5,"zone":"context","cat_conf":"derived","floor_note":"no source data; derived default","floors":2,"f2f":3.5,"roof":"flat","pitch":0,"roof_note":"unverified","wall":"plaster_paint_white","height_m":8.0},"geometry":{"type":"Polygon","coordinates":[[[76.984032,31.788256],[76.984033,31.788376],[76.983967,31.788376],[76.983966,31.788257],[76.984032,31.788256]]]}},{"type":"Feature","id":"ovt-688ac1461b85","properties":{"id":"ovt-688ac1461b85","name":"Unnamed building","named":false,"area_m2":159.6,"cat":"unknown","scope":"context","src":"Overture Maps 2026-08-19.0 (ML footprints, ODbL/CDLA)","conf":"approximate","dist_core_m":1319.8,"zone":"context","cat_conf":"derived","floor_note":"no source data; derived default","floors":2,"f2f":3.5,"roof":"flat","pitch":0,"roof_note":"unverified","wall":"plaster_paint_white","height_m":8.0},"geometry":{"type":"Polygon","coordinates":[[[76.985742,31.788384],[76.985832,31.788436],[76.985747,31.788542],[76.985775,31.788558],[76.985752,31.788587],[76.985664,31.788535],[76.985731,31.788452],[76.985701,31.788435],[76.985742,31.788384]]]}},{"type":"Feature","id":"ovt-50ae1f60cc61","properties":{"id":"ovt-50ae1f60cc61","name":"Unnamed building","named":false,"area_m2":69.8,"cat":"unknown","scope":"context","src":"Overture Maps 2026-08-19.0 (ML footprints, ODbL/CDLA)","conf":"approximate","dist_core_m":1348.7,"zone":"context","cat_conf":"derived","floor_note":"no source data; derived default","floors":2,"f2f":3.5,"roof":"flat","pitch":0,"roof_note":"unverified","wall":"plaster_paint_white","height_m":8.0},"geometry":{"type":"Polygon","coordinates":[[[76.985748,31.788274],[76.985844,31.788297],[76.985823,31.788361],[76.985726,31.788338],[76.985748,31.788274]]]}},{"type":"Feature","id":"ovt-6da5ebdc8b55","properties":{"id":"ovt-6da5ebdc8b55","name":"Unnamed building","named":false,"area_m2":35.1,"cat":"unknown","scope":"context","src":"Overture Maps 2026-08-19.0 (ML footprints, ODbL/CDLA)","conf":"approximate","dist_core_m":1424.8,"zone":"context","cat_conf":"derived","floor_note":"no source data; derived default","floors":2,"f2f":3.5,"roof":"flat","pitch":0,"roof_note":"unverified","wall":"plaster_paint_white","height_m":8.0},"geometry":{"type":"Polygon","coordinates":[[[76.985821,31.78888],[76.985839,31.788948],[76.985792,31.788957],[76.985774,31.788889],[76.985821,31.78888]]]}},{"type":"Feature","id":"ovt-cf2ea101b409","properties":{"id":"ovt-cf2ea101b409","name":"Unnamed building","named":false,"area_m2":18.8,"cat":"unknown","scope":"context","src":"Overture Maps 2026-08-19.0 (ML footprints, ODbL/CDLA)","conf":"approximate","dist_core_m":1404.9,"zone":"context","cat_conf":"derived","floor_note":"no source data; derived default","floors":2,"f2f":3.5,"roof":"flat","pitch":0,"roof_note":"unverified","wall":"plaster_paint_white","height_m":8.0},"geometry":{"type":"Polygon","coordinates":[[[76.986582,31.78877],[76.986618,31.78876],[76.986636,31.788805],[76.9866,31.788815],[76.986582,31.78877]]]}},{"type":"Feature","id":"ovt-21af74a6ec3c","properties":{"id":"ovt-21af74a6ec3c","name":"Unnamed building","named":false,"area_m2":12.5,"cat":"unknown","scope":"context","src":"Overture Maps 2026-08-19.0 (ML footprints, ODbL/CDLA)","conf":"approximate","dist_core_m":1117.0,"zone":"context","cat_conf":"derived","floor_note":"no source data; derived default","floors":2,"f2f":3.5,"roof":"flat","pitch":0,"roof_note":"unverified","wall":"plaster_paint_white","height_m":8.0},"geometry":{"type":"Polygon","coordinates":[[[76.987218,31.787693],[76.987221,31.78772],[76.987177,31.787723],[76.987174,31.787696],[76.987218,31.787693]]]}},{"type":"Feature","id":"ovt-0da364ac80fd","properties":{"id":"ovt-0da364ac80fd","name":"Unnamed building","named":false,"area_m2":84.5,"cat":"unknown","scope":"context","src":"Overture Maps 2026-08-19.0 (ML footprints, ODbL/CDLA)","conf":"approximate","dist_core_m":1172.5,"zone":"context","cat_conf":"derived","floor_note":"no source data; derived default","floors":2,"f2f":3.5,"roof":"flat","pitch":0,"roof_note":"unverified","wall":"plaster_paint_white","height_m":8.0},"geometry":{"type":"Polygon","coordinates":[[[76.987112,31.787497],[76.987273,31.787464],[76.987286,31.787511],[76.987126,31.787545],[76.987112,31.787497]]]}},{"type":"Feature","id":"ovt-560695edaad7","properties":{"id":"ovt-560695edaad7","name":"Unnamed building","named":false,"area_m2":150.1,"cat":"unknown","scope":"context","src":"Overture Maps 2026-08-19.0 (ML footprints, ODbL/CDLA)","conf":"approximate","dist_core_m":1194.1,"zone":"context","cat_conf":"derived","floor_note":"no source data; derived default","floors":2,"f2f":3.5,"roof":"flat","pitch":0,"roof_note":"unverified","wall":"plaster_paint_white","height_m":8.0},"geometry":{"type":"Polygon","coordinates":[[[76.987232,31.787292],[76.987168,31.787305],[76.987149,31.787235],[76.987294,31.787206],[76.987325,31.787318],[76.987244,31.787335],[76.987232,31.787292]]]}},{"type":"Feature","id":"ovt-d9daeb28fd8a","properties":{"id":"ovt-d9daeb28fd8a","name":"Unnamed building","named":false,"area_m2":29.0,"cat":"unknown","scope":"context","src":"Overture Maps 2026-08-19.0 (ML footprints, ODbL/CDLA)","conf":"approximate","dist_core_m":1231.7,"zone":"context","cat_conf":"derived","floor_note":"no source data; derived default","floors":2,"f2f":3.5,"roof":"flat","pitch":0,"roof_note":"unverified","wall":"plaster_paint_white","height_m":8.0},"geometry":{"type":"Polygon","coordinates":[[[76.987072,31.787101],[76.987111,31.787088],[76.987139,31.787149],[76.987099,31.787162],[76.987072,31.787101]]]}},{"type":"Feature","id":"ovt-bdf89b494d06","properties":{"id":"ovt-bdf89b494d06","name":"Unnamed building","named":false,"area_m2":18.5,"cat":"unknown","scope":"context","src":"Overture Maps 2026-08-19.0 (ML footprints, ODbL/CDLA)","conf":"approximate","dist_core_m":1142.2,"zone":"context","cat_conf":"derived","floor_note":"no source data; derived default","floors":2,"f2f":3.5,"roof":"flat","pitch":0,"roof_note":"unverified","wall":"plaster_paint_white","height_m":8.0},"geometry":{"type":"Polygon","coordinates":[[[76.987044,31.787109],[76.987074,31.787099],[76.987098,31.78715],[76.987068,31.78716],[76.987044,31.787109]]]}},{"type":"Feature","id":"ovt-60d923338d2f","properties":{"id":"ovt-60d923338d2f","name":"Unnamed building","named":false,"area_m2":142.0,"cat":"unknown","scope":"context","src":"Overture Maps 2026-08-19.0 (ML footprints, ODbL/CDLA)","conf":"approximate","dist_core_m":1145.8,"zone":"context","cat_conf":"derived","floor_note":"no source data; derived default","floors":2,"f2f":3.5,"roof":"flat","pitch":0,"roof_note":"unverified","wall":"plaster_paint_white","height_m":8.0},"geometry":{"type":"Polygon","coordinates":[[[76.987307,31.787022],[76.987334,31.78709],[76.987155,31.787142],[76.987128,31.787074],[76.987307,31.787022]]]}},{"type":"Feature","id":"ovt-20e7d637405d","properties":{"id":"ovt-20e7d637405d","name":"Unnamed building","named":false,"area_m2":18.0,"cat":"unknown","scope":"context","src":"Overture Maps 2026-08-19.0 (ML footprints, ODbL/CDLA)","conf":"approximate","dist_core_m":1309.9,"zone":"context","cat_conf":"derived","floor_note":"no source data; derived default","floors":2,"f2f":3.5,"roof":"flat","pitch":0,"roof_note":"unverified","wall":"plaster_paint_white","height_m":8.0},"geometry":{"type":"Polygon","coordinates":[[[76.985202,31.787183],[76.985214,31.787219],[76.98517,31.78723],[76.985158,31.787194],[76.985202,31.787183]]]}},{"type":"Feature","id":"ovt-bfe7715a6aa7","properties":{"id":"ovt-bfe7715a6aa7","name":"Unnamed building","named":false,"area_m2":20.8,"cat":"unknown","scope":"context","src":"Overture Maps 2026-08-19.0 (ML footprints, ODbL/CDLA)","conf":"approximate","dist_core_m":1178.6,"zone":"context","cat_conf":"derived","floor_note":"no source data; derived default","floors":2,"f2f":3.5,"roof":"flat","pitch":0,"roof_note":"unverified","wall":"plaster_paint_white","height_m":8.0},"geometry":{"type":"Polygon","coordinates":[[[76.984309,31.786769],[76.984304,31.786738],[76.984367,31.786731],[76.984372,31.786762],[76.984309,31.786769]]]}},{"type":"Feature","id":"ovt-f6e4a362ef78","properties":{"id":"ovt-f6e4a362ef78","name":"Unnamed building","named":false,"area_m2":22.2,"cat":"unknown","scope":"context","src":"Overture Maps 2026-08-19.0 (ML footprints, ODbL/CDLA)","conf":"approximate","dist_core_m":894.5,"zone":"context","cat_conf":"derived","floor_note":"no source data; derived default","floors":2,"f2f":3.5,"roof":"flat","pitch":0,"roof_note":"unverified","wall":"plaster_paint_white","height_m":8.0},"geometry":{"type":"Polygon","coordinates":[[[76.987276,31.785215],[76.987261,31.78518],[76.987315,31.785163],[76.98733,31.785197],[76.987276,31.785215]]]}},{"type":"Feature","id":"ovt-ac3331f77241","properties":{"id":"ovt-ac3331f77241","name":"Unnamed building","named":false,"area_m2":29.7,"cat":"unknown","scope":"context","src":"Overture Maps 2026-08-19.0 (ML footprints, ODbL/CDLA)","conf":"approximate","dist_core_m":1003.6,"zone":"context","cat_conf":"derived","floor_note":"no source data; derived default","floors":2,"f2f":3.5,"roof":"flat","pitch":0,"roof_note":"unverified","wall":"plaster_paint_white","height_m":8.0},"geometry":{"type":"Polygon","coordinates":[[[76.984473,31.784326],[76.984486,31.784378],[76.984434,31.784388],[76.984421,31.784336],[76.984473,31.784326]]]}},{"type":"Feature","id":"ovt-c45a53c9ab70","properties":{"id":"ovt-c45a53c9ab70","name":"Unnamed building","named":false,"area_m2":36.5,"cat":"unknown","scope":"context","src":"Overture Maps 2026-08-19.0 (ML footprints, ODbL/CDLA)","conf":"approximate","dist_core_m":970.2,"zone":"context","cat_conf":"derived","floor_note":"no source data; derived default","floors":2,"f2f":3.5,"roof":"flat","pitch":0,"roof_note":"unverified","wall":"plaster_paint_white","height_m":8.0},"geometry":{"type":"Polygon","coordinates":[[[76.984388,31.7843],[76.984398,31.784331],[76.984292,31.784354],[76.984283,31.784323],[76.984388,31.7843]]]}},{"type":"Feature","id":"ovt-9116b7915892","properties":{"id":"ovt-9116b7915892","name":"Unnamed building","named":false,"area_m2":130.9,"cat":"unknown","scope":"context","src":"Overture Maps 2026-08-19.0 (ML footprints, ODbL/CDLA)","conf":"approximate","dist_core_m":992.7,"zone":"context","cat_conf":"derived","floor_note":"no source data; derived default","floors":2,"f2f":3.5,"roof":"flat","pitch":0,"roof_note":"unverified","wall":"plaster_paint_white","height_m":8.0},"geometry":{"type":"Polygon","coordinates":[[[76.984398,31.784331],[76.984422,31.784412],[76.984277,31.784444],[76.984253,31.784363],[76.984398,31.784331]]]}},{"type":"Feature","id":"ovt-9dee6785de5c","properties":{"id":"ovt-9dee6785de5c","name":"Unnamed building","named":false,"area_m2":25.7,"cat":"unknown","scope":"context","src":"Overture Maps 2026-08-19.0 (ML footprints, ODbL/CDLA)","conf":"approximate","dist_core_m":1062.3,"zone":"context","cat_conf":"derived","floor_note":"no source data; derived default","floors":2,"f2f":3.5,"roof":"flat","pitch":0,"roof_note":"unverified","wall":"plaster_paint_white","height_m":8.0},"geometry":{"type":"Polygon","coordinates":[[[76.984503,31.784469],[76.98457,31.784473],[76.984567,31.784509],[76.9845,31.784506],[76.984503,31.784469]]]}},{"type":"Feature","id":"ovt-e02695b090f0","properties":{"id":"ovt-e02695b090f0","name":"Unnamed building","named":false,"area_m2":34.2,"cat":"unknown","scope":"context","src":"Overture Maps 2026-08-19.0 (ML footprints, ODbL/CDLA)","conf":"approximate","dist_core_m":1050.2,"zone":"context","cat_conf":"derived","floor_note":"no source data; derived default","floors":2,"f2f":3.5,"roof":"flat","pitch":0,"roof_note":"unverified","wall":"plaster_paint_white","height_m":8.0},"geometry":{"type":"Polygon","coordinates":[[[76.984393,31.784711],[76.984472,31.784684],[76.984488,31.78472],[76.98441,31.784747],[76.984393,31.784711]]]}},{"type":"Feature","id":"ovt-63aa76051c35","properties":{"id":"ovt-63aa76051c35","name":"Unnamed building","named":false,"area_m2":107.0,"cat":"unknown","scope":"context","src":"Overture Maps 2026-08-19.0 (ML footprints, ODbL/CDLA)","conf":"approximate","dist_core_m":1084.5,"zone":"context","cat_conf":"derived","floor_note":"no source data; derived default","floors":2,"f2f":3.5,"roof":"flat","pitch":0,"roof_note":"unverified","wall":"plaster_paint_white","height_m":8.0},"geometry":{"type":"Polygon","coordinates":[[[76.984592,31.785282],[76.984631,31.785314],[76.98469,31.785263],[76.984738,31.785303],[76.984643,31.785386],[76.984556,31.785314],[76.984592,31.785282]]]}},{"type":"Feature","id":"ovt-c9a16cec0b21","properties":{"id":"ovt-c9a16cec0b21","name":"Unnamed building","named":false,"area_m2":35.1,"cat":"unknown","scope":"context","src":"Overture Maps 2026-08-19.0 (ML footprints, ODbL/CDLA)","conf":"approximate","dist_core_m":1139.5,"zone":"context","cat_conf":"derived","floor_note":"no source data; derived default","floors":2,"f2f":3.5,"roof":"flat","pitch":0,"roof_note":"unverified","wall":"plaster_paint_white","height_m":8.0},"geometry":{"type":"Polygon","coordinates":[[[76.984072,31.78543],[76.984071,31.78548],[76.984004,31.785478],[76.984005,31.785428],[76.984072,31.78543]]]}},{"type":"Feature","id":"ovt-e9fb6dffed63","properties":{"id":"ovt-e9fb6dffed63","name":"Unnamed building","named":false,"area_m2":61.9,"cat":"unknown","scope":"context","src":"Overture Maps 2026-08-19.0 (ML footprints, ODbL/CDLA)","conf":"approximate","dist_core_m":1107.5,"zone":"context","cat_conf":"derived","floor_note":"no source data; derived default","floors":2,"f2f":3.5,"roof":"flat","pitch":0,"roof_note":"unverified","wall":"plaster_paint_white","height_m":8.0},"geometry":{"type":"Polygon","coordinates":[[[76.983766,31.785116],[76.983768,31.785134],[76.983734,31.785137],[76.983739,31.785177],[76.983649,31.785185],[76.983643,31.785126],[76.983766,31.785116]]]}},{"type":"Feature","id":"ovt-83483c621ccd","properties":{"id":"ovt-83483c621ccd","name":"Unnamed building","named":false,"area_m2":71.0,"cat":"unknown","scope":"context","src":"Overture Maps 2026-08-19.0 (ML footprints, ODbL/CDLA)","conf":"approximate","dist_core_m":1115.9,"zone":"context","cat_conf":"derived","floor_note":"no source data; derived default","floors":2,"f2f":3.5,"roof":"flat","pitch":0,"roof_note":"unverified","wall":"plaster_paint_white","height_m":8.0},"geometry":{"type":"Polygon","coordinates":[[[76.983562,31.785175],[76.983578,31.785236],[76.983472,31.785256],[76.983456,31.785195],[76.983562,31.785175]]]}},{"type":"Feature","id":"ovt-5260bddcdd89","properties":{"id":"ovt-5260bddcdd89","name":"Unnamed building","named":false,"area_m2":74.0,"cat":"unknown","scope":"context","src":"Overture Maps 2026-08-19.0 (ML footprints, ODbL/CDLA)","conf":"approximate","dist_core_m":1123.7,"zone":"context","cat_conf":"derived","floor_note":"no source data; derived default","floors":2,"f2f":3.5,"roof":"flat","pitch":0,"roof_note":"unverified","wall":"plaster_paint_white","height_m":8.0},"geometry":{"type":"Polygon","coordinates":[[[76.98344,31.785181],[76.983452,31.785233],[76.98332,31.785255],[76.983308,31.785204],[76.98344,31.785181]]]}},{"type":"Feature","id":"ovt-ee85a03abccf","properties":{"id":"ovt-ee85a03abccf","name":"Unnamed building","named":false,"area_m2":170.1,"cat":"unknown","scope":"context","src":"Overture Maps 2026-08-19.0 (ML footprints, ODbL/CDLA)","conf":"approximate","dist_core_m":1118.7,"zone":"context","cat_conf":"derived","floor_note":"no source data; derived default","floors":2,"f2f":3.5,"roof":"flat","pitch":0,"roof_note":"unverified","wall":"plaster_paint_white","height_m":8.0},"geometry":{"type":"Polygon","coordinates":[[[76.983146,31.785059],[76.983329,31.785088],[76.983311,31.785174],[76.983128,31.785145],[76.983146,31.785059]]]}},{"type":"Feature","id":"ovt-5c6fa1f1e193","properties":{"id":"ovt-5c6fa1f1e193","name":"Unnamed building","named":false,"area_m2":32.8,"cat":"unknown","scope":"context","src":"Overture Maps 2026-08-19.0 (ML footprints, ODbL/CDLA)","conf":"approximate","dist_core_m":1213.8,"zone":"context","cat_conf":"derived","floor_note":"no source data; derived default","floors":2,"f2f":3.5,"roof":"flat","pitch":0,"roof_note":"unverified","wall":"plaster_paint_white","height_m":8.0},"geometry":{"type":"Polygon","coordinates":[[[76.98262,31.785741],[76.982662,31.785775],[76.982618,31.785814],[76.982576,31.78578],[76.98262,31.785741]]]}},{"type":"Feature","id":"ovt-b9576a37025c","properties":{"id":"ovt-b9576a37025c","name":"Unnamed building","named":false,"area_m2":115.7,"cat":"unknown","scope":"context","src":"Overture Maps 2026-08-19.0 (ML footprints, ODbL/CDLA)","conf":"approximate","dist_core_m":1181.5,"zone":"context","cat_conf":"derived","floor_note":"no source data; derived default","floors":2,"f2f":3.5,"roof":"flat","pitch":0,"roof_note":"unverified","wall":"plaster_paint_white","height_m":8.0},"geometry":{"type":"Polygon","coordinates":[[[76.982627,31.785587],[76.982677,31.785643],[76.982552,31.785725],[76.982502,31.78567],[76.982627,31.785587]]]}},{"type":"Feature","id":"ovt-5c81e70658ee","properties":{"id":"ovt-5c81e70658ee","name":"Unnamed building","named":false,"area_m2":24.9,"cat":"unknown","scope":"context","src":"Overture Maps 2026-08-19.0 (ML footprints, ODbL/CDLA)","conf":"approximate","dist_core_m":1160.1,"zone":"context","cat_conf":"derived","floor_note":"no source data; derived default","floors":2,"f2f":3.5,"roof":"flat","pitch":0,"roof_note":"unverified","wall":"plaster_paint_white","height_m":8.0},"geometry":{"type":"Polygon","coordinates":[[[76.982089,31.785267],[76.982072,31.785234],[76.982133,31.785211],[76.98215,31.785243],[76.982089,31.785267]]]}},{"type":"Feature","id":"ovt-de31f53ac8eb","properties":{"id":"ovt-de31f53ac8eb","name":"Unnamed building","named":false,"area_m2":91.1,"cat":"unknown","scope":"context","src":"Overture Maps 2026-08-19.0 (ML footprints, ODbL/CDLA)","conf":"approximate","dist_core_m":1162.8,"zone":"context","cat_conf":"derived","floor_note":"no source data; derived default","floors":2,"f2f":3.5,"roof":"flat","pitch":0,"roof_note":"unverified","wall":"plaster_paint_white","height_m":8.0},"geometry":{"type":"Polygon","coordinates":[[[76.982344,31.785273],[76.982367,31.78533],[76.98223,31.785369],[76.982207,31.785312],[76.982344,31.785273]]]}},{"type":"Feature","id":"ovt-afdc080c7e83","properties":{"id":"ovt-afdc080c7e83","name":"Unnamed building","named":false,"area_m2":43.6,"cat":"unknown","scope":"context","src":"Overture Maps 2026-08-19.0 (ML footprints, ODbL/CDLA)","conf":"approximate","dist_core_m":1149.2,"zone":"context","cat_conf":"derived","floor_note":"no source data; derived default","floors":2,"f2f":3.5,"roof":"flat","pitch":0,"roof_note":"unverified","wall":"plaster_paint_white","height_m":8.0},"geometry":{"type":"Polygon","coordinates":[[[76.982394,31.785237],[76.982495,31.78524],[76.982494,31.785281],[76.982392,31.785278],[76.982394,31.785237]]]}},{"type":"Feature","id":"ovt-810419cad919","properties":{"id":"ovt-810419cad919","name":"Unnamed building","named":false,"area_m2":114.5,"cat":"unknown","scope":"context","src":"Overture Maps 2026-08-19.0 (ML footprints, ODbL/CDLA)","conf":"approximate","dist_core_m":1118.9,"zone":"context","cat_conf":"derived","floor_note":"no source data; derived default","floors":2,"f2f":3.5,"roof":"flat","pitch":0,"roof_note":"unverified","wall":"plaster_paint_white","height_m":8.0},"geometry":{"type":"Polygon","coordinates":[[[76.982948,31.785003],[76.982816,31.784944],[76.982855,31.784879],[76.982988,31.784938],[76.982948,31.785003]]]}},{"type":"Feature","id":"ovt-4f2b8cf50673","properties":{"id":"ovt-4f2b8cf50673","name":"Unnamed building","named":false,"area_m2":20.2,"cat":"unknown","scope":"context","src":"Overture Maps 2026-08-19.0 (ML footprints, ODbL/CDLA)","conf":"approximate","dist_core_m":1091.1,"zone":"context","cat_conf":"derived","floor_note":"no source data; derived default","floors":2,"f2f":3.5,"roof":"flat","pitch":0,"roof_note":"unverified","wall":"plaster_paint_white","height_m":8.0},"geometry":{"type":"Polygon","coordinates":[[[76.983117,31.785004],[76.983114,31.785042],[76.983063,31.785038],[76.983067,31.785],[76.983117,31.785004]]]}},{"type":"Feature","id":"ovt-f143996e395c","properties":{"id":"ovt-f143996e395c","name":"Unnamed building","named":false,"area_m2":46.4,"cat":"unknown","scope":"context","src":"Overture Maps 2026-08-19.0 (ML footprints, ODbL/CDLA)","conf":"approximate","dist_core_m":1079.7,"zone":"context","cat_conf":"derived","floor_note":"no source data; derived default","floors":2,"f2f":3.5,"roof":"flat","pitch":0,"roof_note":"unverified","wall":"plaster_paint_white","height_m":8.0},"geometry":{"type":"Polygon","coordinates":[[[76.983141,31.784706],[76.98321,31.784714],[76.983199,31.784777],[76.98313,31.784769],[76.983141,31.784706]]]}},{"type":"Feature","id":"ovt-bc4770f946a0","properties":{"id":"ovt-bc4770f946a0","name":"Unnamed building","named":false,"area_m2":29.2,"cat":"unknown","scope":"context","src":"Overture Maps 2026-08-19.0 (ML footprints, ODbL/CDLA)","conf":"approximate","dist_core_m":1064.8,"zone":"context","cat_conf":"derived","floor_note":"no source data; derived default","floors":2,"f2f":3.5,"roof":"flat","pitch":0,"roof_note":"unverified","wall":"plaster_paint_white","height_m":8.0},"geometry":{"type":"Polygon","coordinates":[[[76.983124,31.784701],[76.983132,31.784663],[76.983203,31.784674],[76.983195,31.784712],[76.983124,31.784701]]]}},{"type":"Feature","id":"ovt-101e9c9145b8","properties":{"id":"ovt-101e9c9145b8","name":"Unnamed building","named":false,"area_m2":30.1,"cat":"unknown","scope":"context","src":"Overture Maps 2026-08-19.0 (ML footprints, ODbL/CDLA)","conf":"approximate","dist_core_m":1094.9,"zone":"context","cat_conf":"derived","floor_note":"no source data; derived default","floors":2,"f2f":3.5,"roof":"flat","pitch":0,"roof_note":"unverified","wall":"plaster_paint_white","height_m":8.0},"geometry":{"type":"Polygon","coordinates":[[[76.983508,31.785046],[76.983593,31.785042],[76.983594,31.785076],[76.98351,31.78508],[76.983508,31.785046]]]}},{"type":"Feature","id":"ovt-5d6874a83155","properties":{"id":"ovt-5d6874a83155","name":"Unnamed building","named":false,"area_m2":20.8,"cat":"unknown","scope":"context","src":"Overture Maps 2026-08-19.0 (ML footprints, ODbL/CDLA)","conf":"approximate","dist_core_m":1040.4,"zone":"context","cat_conf":"derived","floor_note":"no source data; derived default","floors":2,"f2f":3.5,"roof":"flat","pitch":0,"roof_note":"unverified","wall":"plaster_paint_white","height_m":8.0},"geometry":{"type":"Polygon","coordinates":[[[76.984212,31.784867],[76.984227,31.784821],[76.984267,31.78483],[76.984251,31.784877],[76.984212,31.784867]]]}},{"type":"Feature","id":"ovt-17e916fe9aae","properties":{"id":"ovt-17e916fe9aae","name":"Unnamed building","named":false,"area_m2":74.8,"cat":"unknown","scope":"context","src":"Overture Maps 2026-08-19.0 (ML footprints, ODbL/CDLA)","conf":"approximate","dist_core_m":1045.9,"zone":"context","cat_conf":"derived","floor_note":"no source data; derived default","floors":2,"f2f":3.5,"roof":"flat","pitch":0,"roof_note":"unverified","wall":"plaster_paint_white","height_m":8.0},"geometry":{"type":"Polygon","coordinates":[[[76.983954,31.784585],[76.984004,31.78452],[76.984081,31.784563],[76.98403,31.784628],[76.983954,31.784585]]]}},{"type":"Feature","id":"ovt-e1e241c4da7d","properties":{"id":"ovt-e1e241c4da7d","name":"Unnamed building","named":false,"area_m2":168.4,"cat":"unknown","scope":"context","src":"Overture Maps 2026-08-19.0 (ML footprints, ODbL/CDLA)","conf":"approximate","dist_core_m":1025.2,"zone":"context","cat_conf":"derived","floor_note":"no source data; derived default","floors":2,"f2f":3.5,"roof":"flat","pitch":0,"roof_note":"unverified","wall":"plaster_paint_white","height_m":8.0},"geometry":{"type":"Polygon","coordinates":[[[76.983831,31.784341],[76.983968,31.784377],[76.983921,31.784507],[76.983822,31.784481],[76.983852,31.784399],[76.983813,31.784389],[76.983831,31.784341]]]}},{"type":"Feature","id":"ovt-5ac3f6cb369f","properties":{"id":"ovt-5ac3f6cb369f","name":"Unnamed building","named":false,"area_m2":93.4,"cat":"unknown","scope":"context","src":"Overture Maps 2026-08-19.0 (ML footprints, ODbL/CDLA)","conf":"approximate","dist_core_m":1017.5,"zone":"context","cat_conf":"derived","floor_note":"no source data; derived default","floors":2,"f2f":3.5,"roof":"flat","pitch":0,"roof_note":"unverified","wall":"plaster_paint_white","height_m":8.0},"geometry":{"type":"Polygon","coordinates":[[[76.983998,31.784373],[76.98406,31.784352],[76.984074,31.784382],[76.984153,31.784356],[76.984172,31.784398],[76.98403,31.784444],[76.983998,31.784373]]]}},{"type":"Feature","id":"ovt-9d6e32b7b9dd","properties":{"id":"ovt-9d6e32b7b9dd","name":"Unnamed building","named":false,"area_m2":20.1,"cat":"unknown","scope":"context","src":"Overture Maps 2026-08-19.0 (ML footprints, ODbL/CDLA)","conf":"approximate","dist_core_m":1009.1,"zone":"context","cat_conf":"derived","floor_note":"no source data; derived default","floors":2,"f2f":3.5,"roof":"flat","pitch":0,"roof_note":"unverified","wall":"plaster_paint_white","height_m":8.0},"geometry":{"type":"Polygon","coordinates":[[[76.984156,31.784342],[76.984193,31.784331],[76.984213,31.784377],[76.984176,31.784388],[76.984156,31.784342]]]}},{"type":"Feature","id":"ovt-2b7a30fc8696","properties":{"id":"ovt-2b7a30fc8696","name":"Unnamed building","named":false,"area_m2":89.7,"cat":"unknown","scope":"context","src":"Overture Maps 2026-08-19.0 (ML footprints, ODbL/CDLA)","conf":"approximate","dist_core_m":1004.0,"zone":"context","cat_conf":"derived","floor_note":"no source data; derived default","floors":2,"f2f":3.5,"roof":"flat","pitch":0,"roof_note":"unverified","wall":"plaster_paint_white","height_m":8.0},"geometry":{"type":"Polygon","coordinates":[[[76.984133,31.78422],[76.984267,31.784218],[76.984268,31.784241],[76.984353,31.784239],[76.984354,31.784273],[76.984284,31.784275],[76.984283,31.784261],[76.984134,31.784264],[76.984133,31.78422]]]}},{"type":"Feature","id":"ovt-ab9050e33b8a","properties":{"id":"ovt-ab9050e33b8a","name":"Unnamed building","named":false,"area_m2":128.5,"cat":"unknown","scope":"context","src":"Overture Maps 2026-08-19.0 (ML footprints, ODbL/CDLA)","conf":"approximate","dist_core_m":1001.4,"zone":"context","cat_conf":"derived","floor_note":"no source data; derived default","floors":2,"f2f":3.5,"roof":"flat","pitch":0,"roof_note":"unverified","wall":"plaster_paint_white","height_m":8.0},"geometry":{"type":"Polygon","coordinates":[[[76.984203,31.784196],[76.984174,31.784124],[76.984326,31.78408],[76.984355,31.784153],[76.984203,31.784196]]]}},{"type":"Feature","id":"ovt-6ae96637c958","properties":{"id":"ovt-6ae96637c958","name":"Unnamed building","named":false,"area_m2":119.5,"cat":"unknown","scope":"context","src":"Overture Maps 2026-08-19.0 (ML footprints, ODbL/CDLA)","conf":"approximate","dist_core_m":955.9,"zone":"context","cat_conf":"derived","floor_note":"no source data; derived default","floors":2,"f2f":3.5,"roof":"flat","pitch":0,"roof_note":"unverified","wall":"plaster_paint_white","height_m":8.0},"geometry":{"type":"Polygon","coordinates":[[[76.984312,31.783798],[76.98417,31.783831],[76.984146,31.783756],[76.984287,31.783723],[76.984312,31.783798]]]}},{"type":"Feature","id":"ovt-cc9f4eb17db6","properties":{"id":"ovt-cc9f4eb17db6","name":"Unnamed building","named":false,"area_m2":25.2,"cat":"unknown","scope":"context","src":"Overture Maps 2026-08-19.0 (ML footprints, ODbL/CDLA)","conf":"approximate","dist_core_m":898.1,"zone":"context","cat_conf":"derived","floor_note":"no source data; derived default","floors":2,"f2f":3.5,"roof":"flat","pitch":0,"roof_note":"unverified","wall":"plaster_paint_white","height_m":8.0},"geometry":{"type":"Polygon","coordinates":[[[76.984269,31.783476],[76.984277,31.783513],[76.984214,31.783523],[76.984206,31.783486],[76.984269,31.783476]]]}},{"type":"Feature","id":"ovt-add1e6ab08d7","properties":{"id":"ovt-add1e6ab08d7","name":"Unnamed building","named":false,"area_m2":20.7,"cat":"unknown","scope":"context","src":"Overture Maps 2026-08-19.0 (ML footprints, ODbL/CDLA)","conf":"approximate","dist_core_m":894.2,"zone":"context","cat_conf":"derived","floor_note":"no source data; derived default","floors":2,"f2f":3.5,"roof":"flat","pitch":0,"roof_note":"unverified","wall":"plaster_paint_white","height_m":8.0},"geometry":{"type":"Polygon","coordinates":[[[76.984133,31.783478],[76.98418,31.783465],[76.984195,31.783503],[76.984148,31.783516],[76.984133,31.783478]]]}},{"type":"Feature","id":"ovt-0ff70ef4ff44","properties":{"id":"ovt-0ff70ef4ff44","name":"Unnamed building","named":false,"area_m2":17.3,"cat":"unknown","scope":"context","src":"Overture Maps 2026-08-19.0 (ML footprints, ODbL/CDLA)","conf":"approximate","dist_core_m":889.1,"zone":"context","cat_conf":"derived","floor_note":"no source data; derived default","floors":2,"f2f":3.5,"roof":"flat","pitch":0,"roof_note":"unverified","wall":"plaster_paint_white","height_m":8.0},"geometry":{"type":"Polygon","coordinates":[[[76.98414,31.783368],[76.984177,31.783375],[76.984165,31.783418],[76.984129,31.783411],[76.98414,31.783368]]]}},{"type":"Feature","id":"ovt-b260087f7a80","properties":{"id":"ovt-b260087f7a80","name":"Unnamed building","named":false,"area_m2":168.0,"cat":"unknown","scope":"context","src":"Overture Maps 2026-08-19.0 (ML footprints, ODbL/CDLA)","conf":"approximate","dist_core_m":907.7,"zone":"context","cat_conf":"derived","floor_note":"no source data; derived default","floors":2,"f2f":3.5,"roof":"flat","pitch":0,"roof_note":"unverified","wall":"plaster_paint_white","height_m":8.0},"geometry":{"type":"Polygon","coordinates":[[[76.98418,31.783367],[76.984261,31.783354],[76.984267,31.783383],[76.984333,31.783373],[76.984353,31.783462],[76.984206,31.783486],[76.98418,31.783367]]]}},{"type":"Feature","id":"ovt-13ce80c8e72b","properties":{"id":"ovt-13ce80c8e72b","name":"Unnamed building","named":false,"area_m2":24.7,"cat":"unknown","scope":"context","src":"Overture Maps 2026-08-19.0 (ML footprints, ODbL/CDLA)","conf":"approximate","dist_core_m":871.0,"zone":"context","cat_conf":"derived","floor_note":"no source data; derived default","floors":2,"f2f":3.5,"roof":"flat","pitch":0,"roof_note":"unverified","wall":"plaster_paint_white","height_m":8.0},"geometry":{"type":"Polygon","coordinates":[[[76.984211,31.783236],[76.984277,31.783268],[76.984259,31.783295],[76.984193,31.783263],[76.984211,31.783236]]]}},{"type":"Feature","id":"ovt-67b460fa29dc","properties":{"id":"ovt-67b460fa29dc","name":"Unnamed building","named":false,"area_m2":28.3,"cat":"unknown","scope":"context","src":"Overture Maps 2026-08-19.0 (ML footprints, ODbL/CDLA)","conf":"approximate","dist_core_m":781.7,"zone":"context","cat_conf":"derived","floor_note":"no source data; derived default","floors":2,"f2f":3.5,"roof":"flat","pitch":0,"roof_note":"unverified","wall":"plaster_paint_white","height_m":8.0},"geometry":{"type":"Polygon","coordinates":[[[76.985187,31.782675],[76.985243,31.782698],[76.985221,31.782737],[76.985165,31.782715],[76.985187,31.782675]]]}},{"type":"Feature","id":"ovt-19499b8c359d","properties":{"id":"ovt-19499b8c359d","name":"Unnamed building","named":false,"area_m2":17.3,"cat":"unknown","scope":"context","src":"Overture Maps 2026-08-19.0 (ML footprints, ODbL/CDLA)","conf":"approximate","dist_core_m":931.5,"zone":"context","cat_conf":"derived","floor_note":"no source data; derived default","floors":2,"f2f":3.5,"roof":"flat","pitch":0,"roof_note":"unverified","wall":"plaster_paint_white","height_m":8.0},"geometry":{"type":"Polygon","coordinates":[[[76.984356,31.783374],[76.984307,31.78336],[76.984319,31.78333],[76.984368,31.783343],[76.984356,31.783374]]]}},{"type":"Feature","id":"ovt-9118d73a8adf","properties":{"id":"ovt-9118d73a8adf","name":"Unnamed building","named":false,"area_m2":21.8,"cat":"unknown","scope":"context","src":"Overture Maps 2026-08-19.0 (ML footprints, ODbL/CDLA)","conf":"approximate","dist_core_m":885.7,"zone":"context","cat_conf":"derived","floor_note":"no source data; derived default","floors":2,"f2f":3.5,"roof":"flat","pitch":0,"roof_note":"unverified","wall":"plaster_paint_white","height_m":8.0},"geometry":{"type":"Polygon","coordinates":[[[76.984382,31.78347],[76.984429,31.783482],[76.984414,31.783523],[76.984368,31.783511],[76.984382,31.78347]]]}},{"type":"Feature","id":"ovt-804a74b9c2b2","properties":{"id":"ovt-804a74b9c2b2","name":"Unnamed building","named":false,"area_m2":19.5,"cat":"unknown","scope":"context","src":"Overture Maps 2026-08-19.0 (ML footprints, ODbL/CDLA)","conf":"approximate","dist_core_m":941.4,"zone":"context","cat_conf":"derived","floor_note":"no source data; derived default","floors":2,"f2f":3.5,"roof":"flat","pitch":0,"roof_note":"unverified","wall":"plaster_paint_white","height_m":8.0},"geometry":{"type":"Polygon","coordinates":[[[76.984449,31.783476],[76.984476,31.783517],[76.984441,31.783534],[76.984415,31.783493],[76.984449,31.783476]]]}},{"type":"Feature","id":"ovt-26eb99c390e6","properties":{"id":"ovt-26eb99c390e6","name":"Unnamed building","named":false,"area_m2":28.7,"cat":"unknown","scope":"context","src":"Overture Maps 2026-08-19.0 (ML footprints, ODbL/CDLA)","conf":"approximate","dist_core_m":908.3,"zone":"context","cat_conf":"derived","floor_note":"no source data; derived default","floors":2,"f2f":3.5,"roof":"flat","pitch":0,"roof_note":"unverified","wall":"plaster_paint_white","height_m":8.0},"geometry":{"type":"Polygon","coordinates":[[[76.984333,31.783712],[76.984383,31.783701],[76.984398,31.783753],[76.984349,31.783764],[76.984333,31.783712]]]}},{"type":"Feature","id":"ovt-2d69d3baf617","properties":{"id":"ovt-2d69d3baf617","name":"Unnamed building","named":false,"area_m2":35.5,"cat":"unknown","scope":"context","src":"Overture Maps 2026-08-19.0 (ML footprints, ODbL/CDLA)","conf":"approximate","dist_core_m":1006.0,"zone":"context","cat_conf":"derived","floor_note":"no source data; derived default","floors":2,"f2f":3.5,"roof":"flat","pitch":0,"roof_note":"unverified","wall":"plaster_paint_white","height_m":8.0},"geometry":{"type":"Polygon","coordinates":[[[76.984372,31.784218],[76.984493,31.78422],[76.984492,31.784248],[76.984371,31.784246],[76.984372,31.784218]]]}},{"type":"Feature","id":"ovt-3b93ea0aa268","properties":{"id":"ovt-3b93ea0aa268","name":"Unnamed building","named":false,"area_m2":131.2,"cat":"unknown","scope":"context","src":"Overture Maps 2026-08-19.0 (ML footprints, ODbL/CDLA)","conf":"approximate","dist_core_m":780.2,"zone":"context","cat_conf":"derived","floor_note":"no source data; derived default","floors":2,"f2f":3.5,"roof":"flat","pitch":0,"roof_note":"unverified","wall":"plaster_paint_white","height_m":8.0},"geometry":{"type":"Polygon","coordinates":[[[76.985995,31.78254],[76.986157,31.782409],[76.986202,31.78245],[76.98604,31.782581],[76.985995,31.78254]]]}},{"type":"Feature","id":"ovt-5ffbfa0c77b8","properties":{"id":"ovt-5ffbfa0c77b8","name":"Unnamed building","named":false,"area_m2":22.0,"cat":"unknown","scope":"context","src":"Overture Maps 2026-08-19.0 (ML footprints, ODbL/CDLA)","conf":"approximate","dist_core_m":859.5,"zone":"context","cat_conf":"derived","floor_note":"no source data; derived default","floors":2,"f2f":3.5,"roof":"flat","pitch":0,"roof_note":"unverified","wall":"plaster_paint_white","height_m":8.0},"geometry":{"type":"Polygon","coordinates":[[[76.985029,31.782646],[76.984993,31.782633],[76.985019,31.782583],[76.985054,31.782596],[76.985029,31.782646]]]}},{"type":"Feature","id":"ovt-9965e4500076","properties":{"id":"ovt-9965e4500076","name":"Unnamed building","named":false,"area_m2":68.1,"cat":"unknown","scope":"context","src":"Overture Maps 2026-08-19.0 (ML footprints, ODbL/CDLA)","conf":"approximate","dist_core_m":724.6,"zone":"context","cat_conf":"derived","floor_note":"no source data; derived default","floors":2,"f2f":3.5,"roof":"flat","pitch":0,"roof_note":"unverified","wall":"plaster_paint_white","height_m":8.0},"geometry":{"type":"Polygon","coordinates":[[[76.984972,31.782079],[76.985027,31.782088],[76.985002,31.782202],[76.984947,31.782194],[76.984972,31.782079]]]}},{"type":"Feature","id":"ovt-668bbf36fbbd","properties":{"id":"ovt-668bbf36fbbd","name":"Unnamed building","named":false,"area_m2":32.0,"cat":"unknown","scope":"context","src":"Overture Maps 2026-08-19.0 (ML footprints, ODbL/CDLA)","conf":"approximate","dist_core_m":801.3,"zone":"context","cat_conf":"derived","floor_note":"no source data; derived default","floors":2,"f2f":3.5,"roof":"flat","pitch":0,"roof_note":"unverified","wall":"plaster_paint_white","height_m":8.0},"geometry":{"type":"Polygon","coordinates":[[[76.984529,31.782214],[76.984477,31.782204],[76.984492,31.782148],[76.984544,31.782158],[76.984529,31.782214]]]}},{"type":"Feature","id":"ovt-838c63cb0adf","properties":{"id":"ovt-838c63cb0adf","name":"Unnamed building","named":false,"area_m2":51.9,"cat":"unknown","scope":"context","src":"Overture Maps 2026-08-19.0 (ML footprints, ODbL/CDLA)","conf":"approximate","dist_core_m":801.9,"zone":"context","cat_conf":"derived","floor_note":"no source data; derived default","floors":2,"f2f":3.5,"roof":"flat","pitch":0,"roof_note":"unverified","wall":"plaster_paint_white","height_m":8.0},"geometry":{"type":"Polygon","coordinates":[[[76.984476,31.782133],[76.984514,31.782058],[76.98457,31.782078],[76.984532,31.782153],[76.984476,31.782133]]]}},{"type":"Feature","id":"ovt-b9453d577212","properties":{"id":"ovt-b9453d577212","name":"Unnamed building","named":false,"area_m2":207.0,"cat":"unknown","scope":"context","src":"Overture Maps 2026-08-19.0 (ML footprints, ODbL/CDLA)","conf":"approximate","dist_core_m":454.3,"zone":"context","cat_conf":"derived","floor_note":"no source data; derived default","floors":2,"f2f":3.5,"roof":"flat","pitch":0,"roof_note":"unverified","wall":"plaster_paint_white","height_m":8.0},"geometry":{"type":"Polygon","coordinates":[[[76.986015,31.779591],[76.986103,31.779592],[76.986099,31.779816],[76.98601,31.779814],[76.986015,31.779591]]]}},{"type":"Feature","id":"ovt-101bdc91d2c8","properties":{"id":"ovt-101bdc91d2c8","name":"Unnamed building","named":false,"area_m2":19.8,"cat":"unknown","scope":"context","src":"Overture Maps 2026-08-19.0 (ML footprints, ODbL/CDLA)","conf":"approximate","dist_core_m":497.2,"zone":"context","cat_conf":"derived","floor_note":"no source data; derived default","floors":2,"f2f":3.5,"roof":"flat","pitch":0,"roof_note":"unverified","wall":"plaster_paint_white","height_m":8.0},"geometry":{"type":"Polygon","coordinates":[[[76.986114,31.779594],[76.986154,31.779591],[76.986159,31.779638],[76.986119,31.779641],[76.986114,31.779594]]]}},{"type":"Feature","id":"ovt-3aa8fb7d5768","properties":{"id":"ovt-3aa8fb7d5768","name":"Unnamed building","named":false,"area_m2":66.8,"cat":"unknown","scope":"context","src":"Overture Maps 2026-08-19.0 (ML footprints, ODbL/CDLA)","conf":"approximate","dist_core_m":489.2,"zone":"context","cat_conf":"derived","floor_note":"no source data; derived default","floors":2,"f2f":3.5,"roof":"flat","pitch":0,"roof_note":"unverified","wall":"plaster_paint_white","height_m":8.0},"geometry":{"type":"Polygon","coordinates":[[[76.985763,31.779634],[76.985844,31.779629],[76.98585,31.779708],[76.985769,31.779712],[76.985763,31.779634]]]}},{"type":"Feature","id":"ovt-971011730cf0","properties":{"id":"ovt-971011730cf0","name":"Unnamed building","named":false,"area_m2":44.6,"cat":"unknown","scope":"context","src":"Overture Maps 2026-08-19.0 (ML footprints, ODbL/CDLA)","conf":"approximate","dist_core_m":463.7,"zone":"context","cat_conf":"derived","floor_note":"no source data; derived default","floors":2,"f2f":3.5,"roof":"flat","pitch":0,"roof_note":"unverified","wall":"plaster_paint_white","height_m":8.0},"geometry":{"type":"Polygon","coordinates":[[[76.985855,31.779799],[76.985916,31.779851],[76.985875,31.779886],[76.985814,31.779834],[76.985855,31.779799]]]}},{"type":"Feature","id":"ovt-1e27b16ad9dd","properties":{"id":"ovt-1e27b16ad9dd","name":"Unnamed building","named":false,"area_m2":14.4,"cat":"unknown","scope":"context","src":"Overture Maps 2026-08-19.0 (ML footprints, ODbL/CDLA)","conf":"approximate","dist_core_m":538.6,"zone":"context","cat_conf":"derived","floor_note":"no source data; derived default","floors":2,"f2f":3.5,"roof":"flat","pitch":0,"roof_note":"unverified","wall":"plaster_paint_white","height_m":8.0},"geometry":{"type":"Polygon","coordinates":[[[76.986127,31.779744],[76.986166,31.779739],[76.986172,31.779774],[76.986133,31.779778],[76.986127,31.779744]]]}},{"type":"Feature","id":"ovt-812363557416","properties":{"id":"ovt-812363557416","name":"Unnamed building","named":false,"area_m2":27.9,"cat":"unknown","scope":"context","src":"Overture Maps 2026-08-19.0 (ML footprints, ODbL/CDLA)","conf":"approximate","dist_core_m":498.8,"zone":"context","cat_conf":"derived","floor_note":"no source data; derived default","floors":2,"f2f":3.5,"roof":"flat","pitch":0,"roof_note":"unverified","wall":"plaster_paint_white","height_m":8.0},"geometry":{"type":"Polygon","coordinates":[[[76.985935,31.779816],[76.985988,31.779861],[76.985958,31.779886],[76.985905,31.77984],[76.985935,31.779816]]]}},{"type":"Feature","id":"ovt-87ff1baf9fee","properties":{"id":"ovt-87ff1baf9fee","name":"Unnamed building","named":false,"area_m2":145.2,"cat":"unknown","scope":"context","src":"Overture Maps 2026-08-19.0 (ML footprints, ODbL/CDLA)","conf":"approximate","dist_core_m":486.6,"zone":"context","cat_conf":"derived","floor_note":"no source data; derived default","floors":2,"f2f":3.5,"roof":"flat","pitch":0,"roof_note":"unverified","wall":"plaster_paint_white","height_m":8.0},"geometry":{"type":"Polygon","coordinates":[[[76.986083,31.780049],[76.985878,31.779919],[76.985916,31.779875],[76.986121,31.780006],[76.986083,31.780049]]]}},{"type":"Feature","id":"ovt-d4de732892c3","properties":{"id":"ovt-d4de732892c3","name":"Unnamed building","named":false,"area_m2":66.5,"cat":"unknown","scope":"context","src":"Overture Maps 2026-08-19.0 (ML footprints, ODbL/CDLA)","conf":"approximate","dist_core_m":583.0,"zone":"context","cat_conf":"derived","floor_note":"no source data; derived default","floors":2,"f2f":3.5,"roof":"flat","pitch":0,"roof_note":"unverified","wall":"plaster_paint_white","height_m":8.0},"geometry":{"type":"Polygon","coordinates":[[[76.985046,31.780594],[76.985144,31.780638],[76.985112,31.780689],[76.985015,31.780645],[76.985046,31.780594]]]}},{"type":"Feature","id":"ovt-71be0cc6aff3","properties":{"id":"ovt-71be0cc6aff3","name":"Unnamed building","named":false,"area_m2":159.7,"cat":"unknown","scope":"context","src":"Overture Maps 2026-08-19.0 (ML footprints, ODbL/CDLA)","conf":"approximate","dist_core_m":686.4,"zone":"context","cat_conf":"derived","floor_note":"no source data; derived default","floors":2,"f2f":3.5,"roof":"flat","pitch":0,"roof_note":"unverified","wall":"plaster_paint_white","height_m":8.0},"geometry":{"type":"Polygon","coordinates":[[[76.983305,31.781138],[76.983309,31.781037],[76.98346,31.781041],[76.983456,31.781142],[76.983305,31.781138]]]}},{"type":"Feature","id":"ovt-550edb09a042","properties":{"id":"ovt-550edb09a042","name":"Unnamed building","named":false,"area_m2":88.0,"cat":"unknown","scope":"context","src":"Overture Maps 2026-08-19.0 (ML footprints, ODbL/CDLA)","conf":"approximate","dist_core_m":616.9,"zone":"context","cat_conf":"derived","floor_note":"no source data; derived default","floors":2,"f2f":3.5,"roof":"flat","pitch":0,"roof_note":"unverified","wall":"plaster_paint_white","height_m":8.0},"geometry":{"type":"Polygon","coordinates":[[[76.983716,31.780473],[76.983749,31.780472],[76.98375,31.780513],[76.983793,31.780511],[76.983796,31.78058],[76.983695,31.780584],[76.983691,31.780512],[76.983718,31.780511],[76.983716,31.780473]]]}},{"type":"Feature","id":"ovt-c9e57ee756fa","properties":{"id":"ovt-c9e57ee756fa","name":"Unnamed building","named":false,"area_m2":150.6,"cat":"unknown","scope":"context","src":"Overture Maps 2026-08-19.0 (ML footprints, ODbL/CDLA)","conf":"approximate","dist_core_m":569.9,"zone":"context","cat_conf":"derived","floor_note":"no source data; derived default","floors":2,"f2f":3.5,"roof":"flat","pitch":0,"roof_note":"unverified","wall":"plaster_paint_white","height_m":8.0},"geometry":{"type":"Polygon","coordinates":[[[76.983997,31.780096],[76.98403,31.780223],[76.983921,31.780243],[76.983889,31.780117],[76.983997,31.780096]]]}},{"type":"Feature","id":"ovt-6ef92f07d040","properties":{"id":"ovt-6ef92f07d040","name":"Unnamed building","named":false,"area_m2":186.0,"cat":"unknown","scope":"context","src":"Overture Maps 2026-08-19.0 (ML footprints, ODbL/CDLA)","conf":"approximate","dist_core_m":570.0,"zone":"context","cat_conf":"derived","floor_note":"no source data; derived default","floors":2,"f2f":3.5,"roof":"flat","pitch":0,"roof_note":"unverified","wall":"plaster_paint_white","height_m":8.0},"geometry":{"type":"Polygon","coordinates":[[[76.982983,31.779629],[76.982987,31.779751],[76.982842,31.779755],[76.982838,31.779632],[76.982983,31.779629]]]}},{"type":"Feature","id":"ovt-21bef08438c4","properties":{"id":"ovt-21bef08438c4","name":"Unnamed building","named":false,"area_m2":99.6,"cat":"unknown","scope":"context","src":"Overture Maps 2026-08-19.0 (ML footprints, ODbL/CDLA)","conf":"approximate","dist_core_m":600.3,"zone":"context","cat_conf":"derived","floor_note":"no source data; derived default","floors":2,"f2f":3.5,"roof":"flat","pitch":0,"roof_note":"unverified","wall":"plaster_paint_white","height_m":8.0},"geometry":{"type":"Polygon","coordinates":[[[76.983001,31.779857],[76.983003,31.779912],[76.982885,31.779916],[76.982881,31.779825],[76.982964,31.779822],[76.982966,31.779858],[76.983001,31.779857]]]}},{"type":"Feature","id":"ovt-051f0f090862","properties":{"id":"ovt-051f0f090862","name":"Unnamed building","named":false,"area_m2":140.4,"cat":"unknown","scope":"context","src":"Overture Maps 2026-08-19.0 (ML footprints, ODbL/CDLA)","conf":"approximate","dist_core_m":603.4,"zone":"context","cat_conf":"derived","floor_note":"no source data; derived default","floors":2,"f2f":3.5,"roof":"flat","pitch":0,"roof_note":"unverified","wall":"plaster_paint_white","height_m":8.0},"geometry":{"type":"Polygon","coordinates":[[[76.982765,31.779938],[76.982831,31.77992],[76.982898,31.780106],[76.982832,31.780123],[76.982765,31.779938]]]}},{"type":"Feature","id":"ovt-2866add92502","properties":{"id":"ovt-2866add92502","name":"Unnamed building","named":false,"area_m2":100.6,"cat":"unknown","scope":"context","src":"Overture Maps 2026-08-19.0 (ML footprints, ODbL/CDLA)","conf":"approximate","dist_core_m":605.3,"zone":"context","cat_conf":"derived","floor_note":"no source data; derived default","floors":2,"f2f":3.5,"roof":"flat","pitch":0,"roof_note":"unverified","wall":"plaster_paint_white","height_m":8.0},"geometry":{"type":"Polygon","coordinates":[[[76.982855,31.779969],[76.982898,31.779957],[76.982978,31.780156],[76.982934,31.780168],[76.982855,31.779969]]]}},{"type":"Feature","id":"ovt-56b9956bafbc","properties":{"id":"ovt-56b9956bafbc","name":"Unnamed building","named":false,"area_m2":293.7,"cat":"unknown","scope":"context","src":"Overture Maps 2026-08-19.0 (ML footprints, ODbL/CDLA)","conf":"approximate","dist_core_m":601.2,"zone":"context","cat_conf":"derived","floor_note":"no source data; derived default","floors":2,"f2f":3.5,"roof":"flat","pitch":0,"roof_note":"unverified","wall":"plaster_paint_white","height_m":8.0},"geometry":{"type":"Polygon","coordinates":[[[76.982947,31.780023],[76.983046,31.780001],[76.983064,31.780057],[76.983108,31.780047],[76.983133,31.780128],[76.983164,31.780121],[76.983188,31.780198],[76.983045,31.780231],[76.982997,31.780084],[76.982969,31.780091],[76.982947,31.780023]]]}},{"type":"Feature","id":"ovt-d3b2b2b37df7","properties":{"id":"ovt-d3b2b2b37df7","name":"Unnamed building","named":false,"area_m2":34.4,"cat":"unknown","scope":"context","src":"Overture Maps 2026-08-19.0 (ML footprints, ODbL/CDLA)","conf":"approximate","dist_core_m":670.2,"zone":"context","cat_conf":"derived","floor_note":"no source data; derived default","floors":2,"f2f":3.5,"roof":"flat","pitch":0,"roof_note":"unverified","wall":"plaster_paint_white","height_m":8.0},"geometry":{"type":"Polygon","coordinates":[[[76.982406,31.780206],[76.98245,31.7802],[76.982463,31.780273],[76.982419,31.780279],[76.982406,31.780206]]]}},{"type":"Feature","id":"ovt-c580b2b0fe7a","properties":{"id":"ovt-c580b2b0fe7a","name":"Unnamed building","named":false,"area_m2":46.9,"cat":"unknown","scope":"context","src":"Overture Maps 2026-08-19.0 (ML footprints, ODbL/CDLA)","conf":"approximate","dist_core_m":643.9,"zone":"context","cat_conf":"derived","floor_note":"no source data; derived default","floors":2,"f2f":3.5,"roof":"flat","pitch":0,"roof_note":"unverified","wall":"plaster_paint_white","height_m":8.0},"geometry":{"type":"Polygon","coordinates":[[[76.9824,31.780204],[76.982419,31.780282],[76.982364,31.780292],[76.982345,31.780214],[76.9824,31.780204]]]}},{"type":"Feature","id":"ovt-cfbbefd36d49","properties":{"id":"ovt-cfbbefd36d49","name":"Unnamed building","named":false,"area_m2":26.5,"cat":"unknown","scope":"context","src":"Overture Maps 2026-08-19.0 (ML footprints, ODbL/CDLA)","conf":"approximate","dist_core_m":607.4,"zone":"context","cat_conf":"derived","floor_note":"no source data; derived default","floors":2,"f2f":3.5,"roof":"flat","pitch":0,"roof_note":"unverified","wall":"plaster_paint_white","height_m":8.0},"geometry":{"type":"Polygon","coordinates":[[[76.982761,31.77965],[76.982742,31.779698],[76.982694,31.779684],[76.982713,31.779637],[76.982761,31.77965]]]}},{"type":"Feature","id":"ovt-5f291f51a513","properties":{"id":"ovt-5f291f51a513","name":"Unnamed building","named":false,"area_m2":26.8,"cat":"unknown","scope":"context","src":"Overture Maps 2026-08-19.0 (ML footprints, ODbL/CDLA)","conf":"approximate","dist_core_m":635.4,"zone":"context","cat_conf":"derived","floor_note":"no source data; derived default","floors":2,"f2f":3.5,"roof":"flat","pitch":0,"roof_note":"unverified","wall":"plaster_paint_white","height_m":8.0},"geometry":{"type":"Polygon","coordinates":[[[76.981971,31.779948],[76.982004,31.779943],[76.982021,31.780018],[76.981988,31.780023],[76.981971,31.779948]]]}},{"type":"Feature","id":"ovt-3c59a9d80521","properties":{"id":"ovt-3c59a9d80521","name":"Unnamed building","named":false,"area_m2":55.2,"cat":"unknown","scope":"context","src":"Overture Maps 2026-08-19.0 (ML footprints, ODbL/CDLA)","conf":"approximate","dist_core_m":680.2,"zone":"context","cat_conf":"derived","floor_note":"no source data; derived default","floors":2,"f2f":3.5,"roof":"flat","pitch":0,"roof_note":"unverified","wall":"plaster_paint_white","height_m":8.0},"geometry":{"type":"Polygon","coordinates":[[[76.982358,31.780376],[76.982376,31.78047],[76.982321,31.780477],[76.982303,31.780384],[76.982358,31.780376]]]}},{"type":"Feature","id":"ovt-5f32c92c1a06","properties":{"id":"ovt-5f32c92c1a06","name":"Unnamed building","named":false,"area_m2":70.2,"cat":"unknown","scope":"context","src":"Overture Maps 2026-08-19.0 (ML footprints, ODbL/CDLA)","conf":"approximate","dist_core_m":695.3,"zone":"context","cat_conf":"derived","floor_note":"no source data; derived default","floors":2,"f2f":3.5,"roof":"flat","pitch":0,"roof_note":"unverified","wall":"plaster_paint_white","height_m":8.0},"geometry":{"type":"Polygon","coordinates":[[[76.982398,31.780591],[76.982416,31.780668],[76.982333,31.780683],[76.982314,31.780606],[76.982398,31.780591]]]}},{"type":"Feature","id":"ovt-98878594661e","properties":{"id":"ovt-98878594661e","name":"Unnamed building","named":false,"area_m2":41.8,"cat":"unknown","scope":"context","src":"Overture Maps 2026-08-19.0 (ML footprints, ODbL/CDLA)","conf":"approximate","dist_core_m":738.6,"zone":"context","cat_conf":"derived","floor_note":"no source data; derived default","floors":2,"f2f":3.5,"roof":"flat","pitch":0,"roof_note":"unverified","wall":"plaster_paint_white","height_m":8.0},"geometry":{"type":"Polygon","coordinates":[[[76.982331,31.780707],[76.98239,31.780704],[76.982395,31.780772],[76.982337,31.780775],[76.982331,31.780707]]]}},{"type":"Feature","id":"ovt-ae25e15859ec","properties":{"id":"ovt-ae25e15859ec","name":"Unnamed building","named":false,"area_m2":334.7,"cat":"unknown","scope":"context","src":"Overture Maps 2026-08-19.0 (ML footprints, ODbL/CDLA)","conf":"approximate","dist_core_m":713.7,"zone":"context","cat_conf":"derived","floor_note":"no source data; derived default","floors":2,"f2f":3.5,"roof":"flat","pitch":0,"roof_note":"unverified","wall":"plaster_paint_white","height_m":8.0},"geometry":{"type":"Polygon","coordinates":[[[76.982486,31.781093],[76.982479,31.780942],[76.982617,31.780938],[76.982618,31.780956],[76.982702,31.780954],[76.982708,31.781086],[76.982486,31.781093]]]}},{"type":"Feature","id":"ovt-6afcca72bf91","properties":{"id":"ovt-6afcca72bf91","name":"Unnamed building","named":false,"area_m2":51.4,"cat":"unknown","scope":"context","src":"Overture Maps 2026-08-19.0 (ML footprints, ODbL/CDLA)","conf":"approximate","dist_core_m":751.2,"zone":"context","cat_conf":"derived","floor_note":"no source data; derived default","floors":2,"f2f":3.5,"roof":"flat","pitch":0,"roof_note":"unverified","wall":"plaster_paint_white","height_m":8.0},"geometry":{"type":"Polygon","coordinates":[[[76.981949,31.781066],[76.981955,31.780985],[76.982015,31.780988],[76.982009,31.78107],[76.981949,31.781066]]]}},{"type":"Feature","id":"ovt-e4fadb106e59","properties":{"id":"ovt-e4fadb106e59","name":"Unnamed building","named":false,"area_m2":182.7,"cat":"unknown","scope":"context","src":"Overture Maps 2026-08-19.0 (ML footprints, ODbL/CDLA)","conf":"approximate","dist_core_m":755.8,"zone":"context","cat_conf":"derived","floor_note":"no source data; derived default","floors":2,"f2f":3.5,"roof":"flat","pitch":0,"roof_note":"unverified","wall":"plaster_paint_white","height_m":8.0},"geometry":{"type":"Polygon","coordinates":[[[76.982251,31.781366],[76.982143,31.781361],[76.982151,31.781218],[76.982292,31.781224],[76.982289,31.781283],[76.982256,31.781281],[76.982251,31.781366]]]}},{"type":"Feature","id":"ovt-61c0d15a9799","properties":{"id":"ovt-61c0d15a9799","name":"Unnamed building","named":false,"area_m2":94.9,"cat":"unknown","scope":"context","src":"Overture Maps 2026-08-19.0 (ML footprints, ODbL/CDLA)","conf":"approximate","dist_core_m":753.4,"zone":"context","cat_conf":"derived","floor_note":"no source data; derived default","floors":2,"f2f":3.5,"roof":"flat","pitch":0,"roof_note":"unverified","wall":"plaster_paint_white","height_m":8.0},"geometry":{"type":"Polygon","coordinates":[[[76.982269,31.781134],[76.982271,31.781214],[76.982157,31.781216],[76.982155,31.781137],[76.982269,31.781134]]]}},{"type":"Feature","id":"ovt-de139b1a3cbb","properties":{"id":"ovt-de139b1a3cbb","name":"Unnamed building","named":false,"area_m2":21.9,"cat":"unknown","scope":"context","src":"Overture Maps 2026-08-19.0 (ML footprints, ODbL/CDLA)","conf":"approximate","dist_core_m":709.1,"zone":"context","cat_conf":"derived","floor_note":"no source data; derived default","floors":2,"f2f":3.5,"roof":"flat","pitch":0,"roof_note":"unverified","wall":"plaster_paint_white","height_m":8.0},"geometry":{"type":"Polygon","coordinates":[[[76.98345,31.781149],[76.983454,31.781192],[76.983405,31.781195],[76.983401,31.781153],[76.98345,31.781149]]]}},{"type":"Feature","id":"ovt-1db0adaced3b","properties":{"id":"ovt-1db0adaced3b","name":"Unnamed building","named":false,"area_m2":69.5,"cat":"unknown","scope":"context","src":"Overture Maps 2026-08-19.0 (ML footprints, ODbL/CDLA)","conf":"approximate","dist_core_m":764.2,"zone":"context","cat_conf":"derived","floor_note":"no source data; derived default","floors":2,"f2f":3.5,"roof":"flat","pitch":0,"roof_note":"unverified","wall":"plaster_paint_white","height_m":8.0},"geometry":{"type":"Polygon","coordinates":[[[76.98342,31.781803],[76.983491,31.781821],[76.98346,31.781907],[76.983389,31.781888],[76.98342,31.781803]]]}},{"type":"Feature","id":"ovt-8a4337378c88","properties":{"id":"ovt-8a4337378c88","name":"Unnamed building","named":false,"area_m2":29.8,"cat":"unknown","scope":"context","src":"Overture Maps 2026-08-19.0 (ML footprints, ODbL/CDLA)","conf":"approximate","dist_core_m":830.8,"zone":"context","cat_conf":"derived","floor_note":"no source data; derived default","floors":2,"f2f":3.5,"roof":"flat","pitch":0,"roof_note":"unverified","wall":"plaster_paint_white","height_m":8.0},"geometry":{"type":"Polygon","coordinates":[[[76.983429,31.781778],[76.983396,31.781848],[76.983361,31.781837],[76.983394,31.781766],[76.983429,31.781778]]]}},{"type":"Feature","id":"ovt-4ea6ebd499fd","properties":{"id":"ovt-4ea6ebd499fd","name":"Unnamed building","named":false,"area_m2":74.3,"cat":"unknown","scope":"context","src":"Overture Maps 2026-08-19.0 (ML footprints, ODbL/CDLA)","conf":"approximate","dist_core_m":771.0,"zone":"context","cat_conf":"derived","floor_note":"no source data; derived default","floors":2,"f2f":3.5,"roof":"flat","pitch":0,"roof_note":"unverified","wall":"plaster_paint_white","height_m":8.0},"geometry":{"type":"Polygon","coordinates":[[[76.984243,31.782195],[76.984312,31.782257],[76.984252,31.782306],[76.984183,31.782244],[76.984243,31.782195]]]}},{"type":"Feature","id":"ovt-b1f6a6da52ff","properties":{"id":"ovt-b1f6a6da52ff","name":"Unnamed building","named":false,"area_m2":13.1,"cat":"unknown","scope":"context","src":"Overture Maps 2026-08-19.0 (ML footprints, ODbL/CDLA)","conf":"approximate","dist_core_m":870.5,"zone":"context","cat_conf":"derived","floor_note":"no source data; derived default","floors":2,"f2f":3.5,"roof":"flat","pitch":0,"roof_note":"unverified","wall":"plaster_paint_white","height_m":8.0},"geometry":{"type":"Polygon","coordinates":[[[76.982718,31.782005],[76.982732,31.78203],[76.982691,31.782047],[76.982677,31.782023],[76.982718,31.782005]]]}},{"type":"Feature","id":"ovt-3df2f4214918","properties":{"id":"ovt-3df2f4214918","name":"Unnamed building","named":false,"area_m2":12.2,"cat":"unknown","scope":"context","src":"Overture Maps 2026-08-19.0 (ML footprints, ODbL/CDLA)","conf":"approximate","dist_core_m":858.7,"zone":"context","cat_conf":"derived","floor_note":"no source data; derived default","floors":2,"f2f":3.5,"roof":"flat","pitch":0,"roof_note":"unverified","wall":"plaster_paint_white","height_m":8.0},"geometry":{"type":"Polygon","coordinates":[[[76.982777,31.782022],[76.982744,31.782055],[76.982724,31.78204],[76.982756,31.782007],[76.982777,31.782022]]]}},{"type":"Feature","id":"ovt-657c34e3d2e9","properties":{"id":"ovt-657c34e3d2e9","name":"Unnamed building","named":false,"area_m2":23.5,"cat":"unknown","scope":"context","src":"Overture Maps 2026-08-19.0 (ML footprints, ODbL/CDLA)","conf":"approximate","dist_core_m":1272.6,"zone":"context","cat_conf":"derived","floor_note":"no source data; derived default","floors":2,"f2f":3.5,"roof":"flat","pitch":0,"roof_note":"unverified","wall":"plaster_paint_white","height_m":8.0},"geometry":{"type":"Polygon","coordinates":[[[76.975987,31.781257],[76.97595,31.781215],[76.975984,31.781193],[76.976021,31.781235],[76.975987,31.781257]]]}}]}